year,month,day,flow,ss,ht,rain
1979,10,19,0.671,NaN,NaN,NaN
1979,10,20,10.554,NaN,NaN,NaN
1979,10,21,4.756,NaN,NaN,NaN
1979,10,22,1.463,NaN,NaN,NaN
1979,10,23,0.955,NaN,NaN,NaN
1979,10,24,0.775,NaN,NaN,NaN
1979,10,25,0.611,NaN,NaN,NaN
1979,10,26,0.527,NaN,NaN,NaN
1979,10,27,0.474,NaN,NaN,NaN
1979,10,28,0.446,NaN,NaN,NaN
1979,10,29,0.428,NaN,NaN,NaN
1979,10,30,1.649,NaN,NaN,NaN
1979,10,31,1.411,NaN,NaN,NaN
1979,11,1,0.61,NaN,NaN,NaN
1979,11,2,0.412,NaN,NaN,NaN
1979,11,3,0.36,NaN,NaN,NaN
1979,11,4,0.435,NaN,NaN,NaN
1979,11,5,0.436,NaN,NaN,NaN
1979,11,6,0.203,NaN,NaN,NaN
1979,11,7,0.191,NaN,NaN,NaN
1979,11,8,0.211,NaN,NaN,NaN
1979,11,9,1.054,NaN,NaN,NaN
1979,11,10,1.159,NaN,NaN,NaN
1979,11,11,4.376,NaN,NaN,NaN
1979,11,12,0.614,NaN,NaN,NaN
1979,11,13,0.389,NaN,NaN,NaN
1979,11,14,0.511,NaN,NaN,NaN
1979,11,15,0.356,NaN,NaN,NaN
1979,11,16,0.275,NaN,NaN,NaN
1979,11,17,0.267,NaN,NaN,NaN
1979,11,18,0.278,NaN,NaN,NaN
1979,11,19,0.794,NaN,NaN,NaN
1979,11,20,4.354,NaN,NaN,NaN
1979,11,21,0.725,NaN,NaN,NaN
1979,11,22,0.448,NaN,NaN,NaN
1979,11,23,0.609,NaN,NaN,NaN
1979,11,24,0.418,NaN,NaN,NaN
1979,11,25,0.383,NaN,NaN,NaN
1979,11,26,0.346,NaN,NaN,NaN
1979,11,27,0.312,NaN,NaN,NaN
1979,11,28,0.279,NaN,NaN,NaN
1979,11,29,0.295,NaN,NaN,NaN
1979,11,30,0.295,NaN,NaN,NaN
1979,12,1,0.262,NaN,NaN,NaN
1979,12,2,0.293,NaN,NaN,NaN
1979,12,3,0.257,NaN,NaN,NaN
1979,12,4,0.244,NaN,NaN,NaN
1979,12,5,0.232,NaN,NaN,NaN
1979,12,6,0.23,NaN,NaN,NaN
1979,12,7,1.21,NaN,NaN,NaN
1979,12,8,0.283,NaN,NaN,NaN
1979,12,9,0.24,NaN,NaN,NaN
1979,12,10,0.226,NaN,NaN,NaN
1979,12,11,0.36,NaN,NaN,NaN
1979,12,12,0.218,NaN,NaN,NaN
1979,12,13,0.218,NaN,NaN,NaN
1979,12,14,0.369,NaN,NaN,NaN
1979,12,15,0.255,NaN,NaN,NaN
1979,12,16,0.211,NaN,NaN,NaN
1979,12,17,0.205,NaN,NaN,NaN
1979,12,18,0.21,NaN,NaN,NaN
1979,12,19,0.228,NaN,NaN,NaN
1979,12,20,0.198,NaN,NaN,NaN
1979,12,21,0.196,NaN,NaN,NaN
1979,12,22,0.182,NaN,NaN,NaN
1979,12,23,0.184,NaN,NaN,NaN
1979,12,24,0.174,NaN,NaN,NaN
1979,12,25,0.181,NaN,NaN,NaN
1979,12,26,0.793,NaN,NaN,NaN
1979,12,27,0.24,NaN,NaN,NaN
1979,12,28,0.184,NaN,NaN,NaN
1979,12,29,0.167,NaN,NaN,NaN
1979,12,30,0.165,NaN,NaN,NaN
1979,12,31,1.341,NaN,NaN,NaN
1980,1,1,0.217,NaN,NaN,NaN
1980,1,2,0.163,NaN,NaN,NaN
1980,1,3,0.158,NaN,NaN,NaN
1980,1,4,0.166,NaN,NaN,NaN
1980,1,5,0.162,NaN,NaN,NaN
1980,1,6,0.156,NaN,NaN,NaN
1980,1,7,0.172,NaN,NaN,NaN
1980,1,8,0.217,NaN,NaN,NaN
1980,1,9,0.169,NaN,NaN,NaN
1980,1,10,0.173,NaN,NaN,NaN
1980,1,11,0.173,NaN,NaN,NaN
1980,1,12,0.434,NaN,NaN,NaN
1980,1,13,0.401,NaN,NaN,NaN
1980,1,14,0.196,NaN,NaN,NaN
1980,1,15,0.245,NaN,NaN,NaN
1980,1,16,1.081,NaN,NaN,NaN
1980,1,17,0.298,NaN,NaN,NaN
1980,1,18,0.366,NaN,NaN,NaN
1980,1,19,0.193,NaN,NaN,NaN
1980,1,20,0.196,NaN,NaN,NaN
1980,1,21,0.358,NaN,NaN,NaN
1980,1,22,3.566,NaN,NaN,NaN
1980,1,23,2.809,NaN,NaN,NaN
1980,1,24,0.5,NaN,NaN,NaN
1980,1,25,0.299,NaN,NaN,NaN
1980,1,26,0.246,NaN,NaN,NaN
1980,1,27,0.216,NaN,NaN,NaN
1980,1,28,0.203,NaN,NaN,NaN
1980,1,29,0.199,NaN,NaN,NaN
1980,1,30,0.207,NaN,NaN,NaN
1980,1,31,0.189,NaN,NaN,NaN
1980,2,1,0.19,NaN,NaN,NaN
1980,2,2,0.186,NaN,NaN,NaN
1980,2,3,0.174,NaN,NaN,NaN
1980,2,4,0.179,NaN,NaN,NaN
1980,2,5,0.185,NaN,NaN,NaN
1980,2,6,0.186,NaN,NaN,NaN
1980,2,7,0.18,NaN,NaN,NaN
1980,2,8,0.181,NaN,NaN,NaN
1980,2,9,0.185,NaN,NaN,NaN
1980,2,10,0.179,NaN,NaN,NaN
1980,2,11,0.166,NaN,NaN,NaN
1980,2,12,0.175,NaN,NaN,NaN
1980,2,13,2.599,NaN,NaN,NaN
1980,2,14,9.109,NaN,NaN,NaN
1980,2,15,4.094,NaN,NaN,NaN
1980,2,16,4.449,NaN,NaN,NaN
1980,2,17,1.357,NaN,NaN,NaN
1980,2,18,1.814,NaN,NaN,NaN
1980,2,19,1.653,NaN,NaN,NaN
1980,2,20,1.034,NaN,NaN,NaN
1980,2,21,0.741,NaN,NaN,NaN
1980,2,22,0.643,NaN,NaN,NaN
1980,2,23,0.944,NaN,NaN,NaN
1980,2,24,0.634,NaN,NaN,NaN
1980,2,25,0.514,NaN,NaN,NaN
1980,2,26,0.534,NaN,NaN,NaN
1980,2,27,0.436,NaN,NaN,NaN
1980,2,28,0.417,NaN,NaN,NaN
1980,2,29,0.395,NaN,NaN,NaN
1980,3,1,0.725,NaN,NaN,NaN
1980,3,2,0.346,NaN,NaN,NaN
1980,3,3,0.356,NaN,NaN,NaN
1980,3,4,0.343,NaN,NaN,NaN
1980,3,5,5.776,NaN,NaN,NaN
1980,3,6,1.28,NaN,NaN,NaN
1980,3,7,0.485,NaN,NaN,NaN
1980,3,8,6.351,NaN,NaN,NaN
1980,3,9,1.702,NaN,NaN,NaN
1980,3,10,0.736,NaN,NaN,NaN
1980,3,11,0.576,NaN,NaN,NaN
1980,3,12,0.633,NaN,NaN,NaN
1980,3,13,0.388,NaN,NaN,NaN
1980,3,14,0.586,NaN,NaN,NaN
1980,3,15,12.732,NaN,NaN,NaN
1980,3,16,1.654,NaN,NaN,NaN
1980,3,17,0.708,NaN,NaN,NaN
1980,3,18,0.54,NaN,NaN,NaN
1980,3,19,0.324,NaN,NaN,NaN
1980,3,20,0.367,NaN,NaN,NaN
1980,3,21,0.358,NaN,NaN,NaN
1980,3,22,0.332,NaN,NaN,NaN
1980,3,23,0.349,NaN,NaN,NaN
1980,3,24,0.368,NaN,NaN,NaN
1980,3,25,0.363,NaN,NaN,NaN
1980,3,26,0.351,NaN,NaN,NaN
1980,3,27,0.272,NaN,NaN,NaN
1980,3,28,0.243,NaN,NaN,NaN
1980,3,29,0.241,NaN,NaN,NaN
1980,3,30,0.237,NaN,NaN,NaN
1980,3,31,0.73,NaN,NaN,NaN
1980,4,1,0.461,NaN,NaN,NaN
1980,4,2,0.498,NaN,NaN,NaN
1980,4,3,0.376,NaN,NaN,NaN
1980,4,4,0.254,NaN,NaN,NaN
1980,4,5,0.241,NaN,NaN,NaN
1980,4,6,0.382,NaN,NaN,NaN
1980,4,7,0.661,NaN,NaN,NaN
1980,4,8,0.271,NaN,NaN,NaN
1980,4,9,0.452,NaN,NaN,NaN
1980,4,10,0.594,NaN,NaN,NaN
1980,4,11,0.369,NaN,NaN,NaN
1980,4,12,0.292,NaN,NaN,NaN
1980,4,13,0.257,NaN,NaN,NaN
1980,4,14,0.243,NaN,NaN,NaN
1980,4,15,0.244,NaN,NaN,NaN
1980,4,16,0.232,NaN,NaN,NaN
1980,4,17,0.234,NaN,NaN,NaN
1980,4,18,0.227,NaN,NaN,NaN
1980,4,19,0.232,NaN,NaN,NaN
1980,4,20,0.218,NaN,NaN,NaN
1980,4,21,0.218,NaN,NaN,NaN
1980,4,22,0.337,NaN,NaN,NaN
1980,4,23,0.232,NaN,NaN,NaN
1980,4,24,0.216,NaN,NaN,NaN
1980,4,25,0.216,NaN,NaN,NaN
1980,4,26,0.205,NaN,NaN,NaN
1980,4,27,0.519,NaN,NaN,NaN
1980,4,28,0.228,NaN,NaN,NaN
1980,4,29,0.211,NaN,NaN,NaN
1980,4,30,0.215,NaN,NaN,NaN
1980,5,1,0.203,NaN,NaN,NaN
1980,5,2,0.198,NaN,NaN,NaN
1980,5,3,0.195,NaN,NaN,NaN
1980,5,4,0.196,NaN,NaN,NaN
1980,5,5,0.226,NaN,NaN,NaN
1980,5,6,0.197,NaN,NaN,NaN
1980,5,7,0.192,NaN,NaN,NaN
1980,5,8,0.192,NaN,NaN,NaN
1980,5,9,0.188,NaN,NaN,NaN
1980,5,10,0.186,NaN,NaN,NaN
1980,5,11,0.185,NaN,NaN,NaN
1980,5,12,0.181,NaN,NaN,NaN
1980,5,13,0.18,NaN,NaN,NaN
1980,5,14,0.183,NaN,NaN,NaN
1980,5,15,0.267,NaN,NaN,NaN
1980,5,16,0.363,NaN,NaN,NaN
1980,5,17,0.184,NaN,NaN,NaN
1980,5,18,0.724,NaN,NaN,NaN
1980,5,19,0.367,NaN,NaN,NaN
1980,5,20,0.188,NaN,NaN,NaN
1980,5,21,0.507,NaN,NaN,NaN
1980,5,22,0.328,NaN,NaN,NaN
1980,5,23,0.207,NaN,NaN,NaN
1980,5,24,0.185,NaN,NaN,NaN
1980,5,25,0.195,NaN,NaN,NaN
1980,5,26,0.294,NaN,NaN,NaN
1980,5,27,0.187,NaN,NaN,NaN
1980,5,28,0.18,NaN,NaN,NaN
1980,5,29,0.175,NaN,NaN,NaN
1980,5,30,0.174,NaN,NaN,NaN
1980,5,31,0.173,NaN,NaN,NaN
1980,6,1,0.238,NaN,NaN,NaN
1980,6,2,0.252,NaN,NaN,NaN
1980,6,3,0.309,NaN,NaN,NaN
1980,6,4,1.008,NaN,NaN,NaN
1980,6,5,0.278,NaN,NaN,NaN
1980,6,6,0.207,NaN,NaN,NaN
1980,6,7,0.287,NaN,NaN,NaN
1980,6,8,0.202,NaN,NaN,NaN
1980,6,9,0.178,NaN,NaN,NaN
1980,6,10,0.177,NaN,NaN,NaN
1980,6,11,0.422,NaN,NaN,NaN
1980,6,12,0.298,NaN,NaN,NaN
1980,6,13,0.223,NaN,NaN,NaN
1980,6,14,0.227,NaN,NaN,NaN
1980,6,15,0.297,NaN,NaN,NaN
1980,6,16,0.203,NaN,NaN,NaN
1980,6,17,0.171,NaN,NaN,NaN
1980,6,18,0.171,NaN,NaN,NaN
1980,6,19,0.565,NaN,NaN,NaN
1980,6,20,1.347,NaN,NaN,NaN
1980,6,21,5.56,NaN,NaN,NaN
1980,6,22,9.224,NaN,NaN,NaN
1980,6,23,1.117,NaN,NaN,NaN
1980,6,24,0.589,NaN,NaN,NaN
1980,6,25,0.467,NaN,NaN,NaN
1980,6,26,0.379,NaN,NaN,NaN
1980,6,27,0.321,NaN,NaN,NaN
1980,6,28,0.287,NaN,NaN,NaN
1980,6,29,0.524,NaN,NaN,NaN
1980,6,30,6.687,NaN,NaN,NaN
1980,7,1,8.733,NaN,NaN,NaN
1980,7,2,0.78,NaN,NaN,NaN
1980,7,3,0.516,NaN,NaN,NaN
1980,7,4,0.489,NaN,NaN,NaN
1980,7,5,0.425,NaN,NaN,NaN
1980,7,6,2.058,NaN,NaN,NaN
1980,7,7,0.733,NaN,NaN,NaN
1980,7,8,0.441,NaN,NaN,NaN
1980,7,9,0.401,NaN,NaN,NaN
1980,7,10,0.399,NaN,NaN,NaN
1980,7,11,0.531,NaN,NaN,NaN
1980,7,12,0.446,NaN,NaN,NaN
1980,7,13,0.491,NaN,NaN,NaN
1980,7,14,0.397,NaN,NaN,NaN
1980,7,15,NaN,NaN,NaN,NaN
1980,7,16,NaN,NaN,NaN,NaN
1980,7,17,NaN,NaN,NaN,NaN
1980,7,18,NaN,NaN,NaN,NaN
1980,7,19,NaN,NaN,NaN,NaN
1980,7,20,NaN,NaN,NaN,NaN
1980,7,21,0.465,NaN,NaN,NaN
1980,7,22,0.491,NaN,NaN,NaN
1980,7,23,0.535,NaN,NaN,NaN
1980,7,24,0.465,NaN,NaN,NaN
1980,7,25,0.377,NaN,NaN,NaN
1980,7,26,0.357,NaN,NaN,NaN
1980,7,27,0.336,NaN,NaN,NaN
1980,7,28,0.327,NaN,NaN,NaN
1980,7,29,0.318,NaN,NaN,NaN
1980,7,30,0.314,NaN,NaN,NaN
1980,7,31,0.309,NaN,NaN,NaN
1980,8,1,1.653,NaN,NaN,NaN
1980,8,2,0.46,NaN,NaN,NaN
1980,8,3,0.446,NaN,NaN,NaN
1980,8,4,0.369,NaN,NaN,NaN
1980,8,5,0.354,NaN,NaN,NaN
1980,8,6,0.313,NaN,NaN,NaN
1980,8,7,0.347,NaN,NaN,NaN
1980,8,8,0.294,NaN,NaN,NaN
1980,8,9,0.283,NaN,NaN,NaN
1980,8,10,0.277,NaN,NaN,NaN
1980,8,11,0.272,NaN,NaN,NaN
1980,8,12,0.268,NaN,NaN,NaN
1980,8,13,0.268,NaN,NaN,NaN
1980,8,14,0.268,NaN,NaN,NaN
1980,8,15,0.258,NaN,NaN,NaN
1980,8,16,0.601,NaN,NaN,NaN
1980,8,17,0.415,NaN,NaN,NaN
1980,8,18,0.358,NaN,NaN,NaN
1980,8,19,0.284,NaN,NaN,NaN
1980,8,20,0.282,NaN,NaN,NaN
1980,8,21,0.272,NaN,NaN,NaN
1980,8,22,0.272,NaN,NaN,NaN
1980,8,23,0.275,NaN,NaN,NaN
1980,8,24,0.274,NaN,NaN,NaN
1980,8,25,0.288,NaN,NaN,NaN
1980,8,26,0.281,NaN,NaN,NaN
1980,8,27,1.404,NaN,NaN,NaN
1980,8,28,2.457,NaN,NaN,NaN
1980,8,29,0.563,NaN,NaN,NaN
1980,8,30,0.432,NaN,NaN,NaN
1980,8,31,0.357,NaN,NaN,NaN
1980,9,1,0.326,NaN,NaN,NaN
1980,9,2,1.109,NaN,NaN,NaN
1980,9,3,1.845,NaN,NaN,NaN
1980,9,4,3.644,NaN,NaN,NaN
1980,9,5,3.14,NaN,NaN,NaN
1980,9,6,0.613,NaN,NaN,NaN
1980,9,7,0.461,NaN,NaN,NaN
1980,9,8,0.463,NaN,NaN,NaN
1980,9,9,0.484,NaN,NaN,NaN
1980,9,10,0.678,NaN,NaN,NaN
1980,9,11,0.577,NaN,NaN,NaN
1980,9,12,0.397,NaN,NaN,NaN
1980,9,13,0.858,NaN,NaN,NaN
1980,9,14,0.552,NaN,NaN,NaN
1980,9,15,0.438,NaN,NaN,NaN
1980,9,16,0.356,NaN,NaN,NaN
1980,9,17,0.441,NaN,NaN,NaN
1980,9,18,0.359,NaN,NaN,NaN
1980,9,19,0.514,NaN,NaN,NaN
1980,9,20,0.423,NaN,NaN,NaN
1980,9,21,0.343,NaN,NaN,NaN
1980,9,22,0.463,NaN,NaN,NaN
1980,9,23,0.375,NaN,NaN,NaN
1980,9,24,0.33,NaN,NaN,NaN
1980,9,25,0.301,NaN,NaN,NaN
1980,9,26,0.329,NaN,NaN,NaN
1980,9,27,0.427,NaN,NaN,NaN
1980,9,28,0.327,NaN,NaN,NaN
1980,9,29,0.31,NaN,NaN,NaN
1980,9,30,0.295,NaN,NaN,NaN
1980,10,1,0.296,NaN,NaN,NaN
1980,10,2,0.283,NaN,NaN,NaN
1980,10,3,0.303,NaN,NaN,NaN
1980,10,4,0.32,NaN,NaN,NaN
1980,10,5,0.96,NaN,NaN,NaN
1980,10,6,0.642,NaN,NaN,NaN
1980,10,7,0.385,NaN,NaN,NaN
1980,10,8,0.626,NaN,NaN,NaN
1980,10,9,0.527,NaN,NaN,NaN
1980,10,10,3.708,NaN,NaN,NaN
1980,10,11,1.391,NaN,NaN,NaN
1980,10,12,0.613,NaN,NaN,NaN
1980,10,13,0.487,NaN,NaN,NaN
1980,10,14,0.417,NaN,NaN,NaN
1980,10,15,0.466,NaN,NaN,NaN
1980,10,16,0.421,NaN,NaN,NaN
1980,10,17,0.444,NaN,NaN,NaN
1980,10,18,0.434,NaN,NaN,NaN
1980,10,19,0.402,NaN,NaN,NaN
1980,10,20,0.413,NaN,NaN,NaN
1980,10,21,0.485,NaN,NaN,NaN
1980,10,22,0.407,NaN,NaN,NaN
1980,10,23,0.378,NaN,NaN,NaN
1980,10,24,0.35,NaN,NaN,NaN
1980,10,25,0.362,NaN,NaN,NaN
1980,10,26,0.366,NaN,NaN,NaN
1980,10,27,0.359,NaN,NaN,NaN
1980,10,28,0.335,NaN,NaN,NaN
1980,10,29,0.598,NaN,NaN,NaN
1980,10,30,0.366,NaN,NaN,NaN
1980,10,31,0.321,NaN,NaN,NaN
1980,11,1,0.32,NaN,NaN,NaN
1980,11,2,0.313,NaN,NaN,NaN
1980,11,3,0.441,NaN,NaN,NaN
1980,11,4,0.287,NaN,NaN,NaN
1980,11,5,0.318,NaN,NaN,NaN
1980,11,6,0.279,NaN,NaN,NaN
1980,11,7,0.317,NaN,NaN,NaN
1980,11,8,0.584,NaN,NaN,NaN
1980,11,9,0.3,NaN,NaN,NaN
1980,11,10,0.342,NaN,NaN,NaN
1980,11,11,0.261,NaN,NaN,NaN
1980,11,12,NaN,NaN,NaN,NaN
1980,11,13,NaN,NaN,NaN,NaN
1980,11,14,NaN,NaN,NaN,NaN
1980,11,15,NaN,NaN,NaN,NaN
1980,11,16,NaN,NaN,NaN,NaN
1980,11,17,NaN,NaN,NaN,NaN
1980,11,18,0.291,NaN,NaN,NaN
1980,11,19,0.285,NaN,NaN,NaN
1980,11,20,0.291,NaN,NaN,NaN
1980,11,21,0.331,NaN,NaN,NaN
1980,11,22,0.288,NaN,NaN,NaN
1980,11,23,0.262,NaN,NaN,NaN
1980,11,24,0.289,NaN,NaN,NaN
1980,11,25,0.312,NaN,NaN,NaN
1980,11,26,0.304,NaN,NaN,NaN
1980,11,27,0.326,NaN,NaN,NaN
1980,11,28,0.528,NaN,NaN,NaN
1980,11,29,0.281,NaN,NaN,NaN
1980,11,30,0.276,NaN,NaN,NaN
1980,12,1,0.28,NaN,NaN,NaN
1980,12,2,0.268,NaN,NaN,NaN
1980,12,3,0.261,NaN,NaN,NaN
1980,12,4,0.264,NaN,NaN,NaN
1980,12,5,0.265,NaN,NaN,NaN
1980,12,6,0.268,NaN,NaN,NaN
1980,12,7,0.269,NaN,NaN,NaN
1980,12,8,0.265,NaN,NaN,NaN
1980,12,9,0.269,NaN,NaN,NaN
1980,12,10,0.262,NaN,NaN,NaN
1980,12,11,0.271,NaN,NaN,NaN
1980,12,12,0.269,NaN,NaN,NaN
1980,12,13,0.263,NaN,NaN,NaN
1980,12,14,0.281,NaN,NaN,NaN
1980,12,15,0.256,NaN,NaN,NaN
1980,12,16,0.263,NaN,NaN,NaN
1980,12,17,0.255,NaN,NaN,NaN
1980,12,18,0.261,NaN,NaN,NaN
1980,12,19,0.256,NaN,NaN,NaN
1980,12,20,0.282,NaN,NaN,NaN
1980,12,21,0.258,NaN,NaN,NaN
1980,12,22,0.606,NaN,NaN,NaN
1980,12,23,0.321,NaN,NaN,NaN
1980,12,24,0.393,NaN,NaN,NaN
1980,12,25,0.321,NaN,NaN,NaN
1980,12,26,0.366,NaN,NaN,NaN
1980,12,27,0.751,NaN,NaN,NaN
1980,12,28,0.336,NaN,NaN,NaN
1980,12,29,0.21,NaN,NaN,NaN
1980,12,30,0.71,NaN,NaN,NaN
1980,12,31,0.699,NaN,NaN,NaN
1981,1,1,0.381,NaN,NaN,NaN
1981,1,2,0.241,NaN,NaN,NaN
1981,1,3,0.229,NaN,NaN,NaN
1981,1,4,0.228,NaN,NaN,NaN
1981,1,5,0.223,NaN,NaN,NaN
1981,1,6,0.225,NaN,NaN,NaN
1981,1,7,0.219,NaN,NaN,NaN
1981,1,8,0.206,NaN,NaN,NaN
1981,1,9,0.212,NaN,NaN,NaN
1981,1,10,0.196,NaN,NaN,NaN
1981,1,11,0.288,NaN,NaN,NaN
1981,1,12,0.223,NaN,NaN,NaN
1981,1,13,0.248,NaN,NaN,NaN
1981,1,14,0.191,NaN,NaN,NaN
1981,1,15,0.191,NaN,NaN,NaN
1981,1,16,0.353,NaN,NaN,NaN
1981,1,17,0.24,NaN,NaN,NaN
1981,1,18,0.275,NaN,NaN,NaN
1981,1,19,2.225,NaN,NaN,NaN
1981,1,20,NaN,NaN,NaN,NaN
1981,1,21,NaN,NaN,NaN,NaN
1981,1,22,NaN,NaN,NaN,NaN
1981,1,23,NaN,NaN,NaN,NaN
1981,1,24,NaN,NaN,NaN,NaN
1981,1,25,NaN,NaN,NaN,NaN
1981,1,26,NaN,NaN,NaN,NaN
1981,1,27,NaN,NaN,NaN,NaN
1981,1,28,NaN,NaN,NaN,NaN
1981,1,29,NaN,NaN,NaN,NaN
1981,1,30,NaN,NaN,NaN,NaN
1981,1,31,NaN,NaN,NaN,NaN
1981,2,1,NaN,NaN,NaN,NaN
1981,2,2,NaN,NaN,NaN,NaN
1981,2,3,NaN,NaN,NaN,NaN
1981,2,4,NaN,NaN,NaN,NaN
1981,2,5,NaN,NaN,NaN,NaN
1981,2,6,NaN,NaN,NaN,NaN
1981,2,7,NaN,NaN,NaN,NaN
1981,2,8,NaN,NaN,NaN,NaN
1981,2,9,NaN,NaN,NaN,NaN
1981,2,10,NaN,NaN,NaN,NaN
1981,2,11,NaN,NaN,NaN,NaN
1981,2,12,NaN,NaN,NaN,NaN
1981,2,13,NaN,NaN,NaN,NaN
1981,2,14,NaN,NaN,NaN,NaN
1981,2,15,NaN,NaN,NaN,NaN
1981,2,16,NaN,NaN,NaN,NaN
1981,2,17,NaN,NaN,NaN,NaN
1981,2,18,0.58,NaN,NaN,NaN
1981,2,19,0.324,NaN,NaN,NaN
1981,2,20,0.253,NaN,NaN,NaN
1981,2,21,0.257,NaN,NaN,NaN
1981,2,22,0.267,NaN,NaN,NaN
1981,2,23,0.269,NaN,NaN,NaN
1981,2,24,0.274,NaN,NaN,NaN
1981,2,25,0.28,NaN,NaN,NaN
1981,2,26,0.295,NaN,NaN,NaN
1981,2,27,0.3,NaN,NaN,NaN
1981,2,28,0.48,NaN,NaN,NaN
1981,3,1,2.264,NaN,NaN,NaN
1981,3,2,0.884,NaN,NaN,NaN
1981,3,3,0.391,NaN,NaN,NaN
1981,3,4,0.296,NaN,NaN,NaN
1981,3,5,0.287,NaN,NaN,NaN
1981,3,6,0.249,NaN,NaN,NaN
1981,3,7,0.336,NaN,NaN,NaN
1981,3,8,0.398,NaN,NaN,NaN
1981,3,9,0.446,NaN,NaN,NaN
1981,3,10,0.366,NaN,NaN,NaN
1981,3,11,0.3,NaN,NaN,NaN
1981,3,12,0.288,NaN,NaN,NaN
1981,3,13,0.28,NaN,NaN,NaN
1981,3,14,0.278,NaN,NaN,NaN
1981,3,15,0.272,NaN,NaN,NaN
1981,3,16,0.266,NaN,NaN,NaN
1981,3,17,0.263,NaN,NaN,NaN
1981,3,18,0.252,NaN,NaN,NaN
1981,3,19,0.517,NaN,NaN,NaN
1981,3,20,2.684,NaN,NaN,NaN
1981,3,21,1.03,NaN,NaN,NaN
1981,3,22,0.897,NaN,NaN,NaN
1981,3,23,0.506,NaN,NaN,NaN
1981,3,24,0.381,NaN,NaN,NaN
1981,3,25,3.287,NaN,NaN,NaN
1981,3,26,0.535,NaN,NaN,NaN
1981,3,27,0.328,NaN,NaN,NaN
1981,3,28,0.299,NaN,NaN,NaN
1981,3,29,0.273,NaN,NaN,NaN
1981,3,30,0.254,NaN,NaN,NaN
1981,3,31,0.251,NaN,NaN,NaN
1981,4,1,0.248,NaN,NaN,NaN
1981,4,2,0.244,NaN,NaN,NaN
1981,4,3,0.238,NaN,NaN,NaN
1981,4,4,0.237,NaN,NaN,NaN
1981,4,5,0.256,NaN,NaN,NaN
1981,4,6,0.233,NaN,NaN,NaN
1981,4,7,0.228,NaN,NaN,NaN
1981,4,8,0.228,NaN,NaN,NaN
1981,4,9,0.228,NaN,NaN,NaN
1981,4,10,0.223,NaN,NaN,NaN
1981,4,11,0.419,NaN,NaN,NaN
1981,4,12,0.661,NaN,NaN,NaN
1981,4,13,7.84,NaN,NaN,NaN
1981,4,14,5.393,NaN,NaN,NaN
1981,4,15,3.273,NaN,NaN,NaN
1981,4,16,1.117,NaN,NaN,NaN
1981,4,17,0.475,NaN,NaN,NaN
1981,4,18,0.429,NaN,NaN,NaN
1981,4,19,0.378,NaN,NaN,NaN
1981,4,20,0.359,NaN,NaN,NaN
1981,4,21,0.351,NaN,NaN,NaN
1981,4,22,0.339,NaN,NaN,NaN
1981,4,23,0.324,NaN,NaN,NaN
1981,4,24,0.321,NaN,NaN,NaN
1981,4,25,0.312,NaN,NaN,NaN
1981,4,26,0.304,NaN,NaN,NaN
1981,4,27,0.298,NaN,NaN,NaN
1981,4,28,0.461,NaN,NaN,NaN
1981,4,29,0.417,NaN,NaN,NaN
1981,4,30,0.291,NaN,NaN,NaN
1981,5,1,0.286,NaN,NaN,NaN
1981,5,2,0.283,NaN,NaN,NaN
1981,5,3,0.282,NaN,NaN,NaN
1981,5,4,0.286,NaN,NaN,NaN
1981,5,5,0.465,NaN,NaN,NaN
1981,5,6,0.458,NaN,NaN,NaN
1981,5,7,0.687,NaN,NaN,NaN
1981,5,8,1.349,NaN,NaN,NaN
1981,5,9,0.434,NaN,NaN,NaN
1981,5,10,0.354,NaN,NaN,NaN
1981,5,11,0.333,NaN,NaN,NaN
1981,5,12,0.347,NaN,NaN,NaN
1981,5,13,0.422,NaN,NaN,NaN
1981,5,14,0.344,NaN,NaN,NaN
1981,5,15,0.446,NaN,NaN,NaN
1981,5,16,0.366,NaN,NaN,NaN
1981,5,17,0.34,NaN,NaN,NaN
1981,5,18,0.329,NaN,NaN,NaN
1981,5,19,0.328,NaN,NaN,NaN
1981,5,20,0.661,NaN,NaN,NaN
1981,5,21,0.545,NaN,NaN,NaN
1981,5,22,0.38,NaN,NaN,NaN
1981,5,23,0.341,NaN,NaN,NaN
1981,5,24,0.334,NaN,NaN,NaN
1981,5,25,0.957,NaN,NaN,NaN
1981,5,26,0.884,NaN,NaN,NaN
1981,5,27,0.757,NaN,NaN,NaN
1981,5,28,0.544,NaN,NaN,NaN
1981,5,29,0.405,NaN,NaN,NaN
1981,5,30,0.368,NaN,NaN,NaN
1981,5,31,0.353,NaN,NaN,NaN
1981,6,1,0.349,NaN,NaN,NaN
1981,6,2,0.433,NaN,NaN,NaN
1981,6,3,0.522,NaN,NaN,NaN
1981,6,4,0.407,NaN,NaN,NaN
1981,6,5,0.358,NaN,NaN,NaN
1981,6,6,3.162,NaN,NaN,NaN
1981,6,7,0.579,NaN,NaN,NaN
1981,6,8,0.363,NaN,NaN,NaN
1981,6,9,0.559,NaN,NaN,NaN
1981,6,10,5.983,NaN,NaN,NaN
1981,6,11,0.995,NaN,NaN,NaN
1981,6,12,1.592,NaN,NaN,NaN
1981,6,13,14.862,NaN,NaN,NaN
1981,6,14,0.496,NaN,NaN,NaN
1981,6,15,0.459,NaN,NaN,NaN
1981,6,16,0.32,NaN,NaN,NaN
1981,6,17,0.307,NaN,NaN,NaN
1981,6,18,0.249,NaN,NaN,NaN
1981,6,19,0.248,NaN,NaN,NaN
1981,6,20,0.231,NaN,NaN,NaN
1981,6,21,0.212,NaN,NaN,NaN
1981,6,22,0.203,NaN,NaN,NaN
1981,6,23,0.2,NaN,NaN,NaN
1981,6,24,0.19,NaN,NaN,NaN
1981,6,25,0.187,NaN,NaN,NaN
1981,6,26,0.186,NaN,NaN,NaN
1981,6,27,0.784,NaN,NaN,NaN
1981,6,28,0.325,NaN,NaN,NaN
1981,6,29,0.441,NaN,NaN,NaN
1981,6,30,0.372,NaN,NaN,NaN
1981,7,1,0.252,NaN,NaN,NaN
1981,7,2,0.242,NaN,NaN,NaN
1981,7,3,0.27,NaN,NaN,NaN
1981,7,4,0.313,NaN,NaN,NaN
1981,7,5,5.059,NaN,NaN,NaN
1981,7,6,5.464,NaN,NaN,NaN
1981,7,7,0.54,NaN,NaN,NaN
1981,7,8,0.366,NaN,NaN,NaN
1981,7,9,0.339,NaN,NaN,NaN
1981,7,10,0.282,NaN,NaN,NaN
1981,7,11,0.246,NaN,NaN,NaN
1981,7,12,0.227,NaN,NaN,NaN
1981,7,13,0.219,NaN,NaN,NaN
1981,7,14,0.207,NaN,NaN,NaN
1981,7,15,0.206,NaN,NaN,NaN
1981,7,16,0.198,NaN,NaN,NaN
1981,7,17,0.201,NaN,NaN,NaN
1981,7,18,0.232,NaN,NaN,NaN
1981,7,19,0.361,NaN,NaN,NaN
1981,7,20,0.199,NaN,NaN,NaN
1981,7,21,0.194,NaN,NaN,NaN
1981,7,22,0.194,NaN,NaN,NaN
1981,7,23,0.185,NaN,NaN,NaN
1981,7,24,0.185,NaN,NaN,NaN
1981,7,25,0.181,NaN,NaN,NaN
1981,7,26,0.261,NaN,NaN,NaN
1981,7,27,0.301,NaN,NaN,NaN
1981,7,28,0.433,NaN,NaN,NaN
1981,7,29,0.193,NaN,NaN,NaN
1981,7,30,0.517,NaN,NaN,NaN
1981,7,31,0.263,NaN,NaN,NaN
1981,8,1,0.199,NaN,NaN,NaN
1981,8,2,0.202,NaN,NaN,NaN
1981,8,3,0.246,NaN,NaN,NaN
1981,8,4,0.224,NaN,NaN,NaN
1981,8,5,0.233,NaN,NaN,NaN
1981,8,6,3.2,NaN,NaN,NaN
1981,8,7,4.029,NaN,NaN,NaN
1981,8,8,1.778,NaN,NaN,NaN
1981,8,9,1.778,NaN,NaN,NaN
1981,8,10,0.638,NaN,NaN,NaN
1981,8,11,2.469,NaN,NaN,NaN
1981,8,12,0.841,NaN,NaN,NaN
1981,8,13,0.315,NaN,NaN,NaN
1981,8,14,0.297,NaN,NaN,NaN
1981,8,15,0.5,NaN,NaN,NaN
1981,8,16,0.524,NaN,NaN,NaN
1981,8,17,0.386,NaN,NaN,NaN
1981,8,18,0.302,NaN,NaN,NaN
1981,8,19,0.295,NaN,NaN,NaN
1981,8,20,2.007,NaN,NaN,NaN
1981,8,21,0.775,NaN,NaN,NaN
1981,8,22,0.533,NaN,NaN,NaN
1981,8,23,0.434,NaN,NaN,NaN
1981,8,24,0.734,NaN,NaN,NaN
1981,8,25,0.677,NaN,NaN,NaN
1981,8,26,0.547,NaN,NaN,NaN
1981,8,27,0.411,NaN,NaN,NaN
1981,8,28,0.338,NaN,NaN,NaN
1981,8,29,0.301,NaN,NaN,NaN
1981,8,30,0.303,NaN,NaN,NaN
1981,8,31,0.991,NaN,NaN,NaN
1981,9,1,1.004,NaN,NaN,NaN
1981,9,2,1.133,NaN,NaN,NaN
1981,9,3,0.662,NaN,NaN,NaN
1981,9,4,0.459,NaN,NaN,NaN
1981,9,5,0.491,NaN,NaN,NaN
1981,9,6,0.487,NaN,NaN,NaN
1981,9,7,0.409,NaN,NaN,NaN
1981,9,8,0.365,NaN,NaN,NaN
1981,9,9,0.355,NaN,NaN,NaN
1981,9,10,0.543,NaN,NaN,NaN
1981,9,11,0.486,NaN,NaN,NaN
1981,9,12,0.324,NaN,NaN,NaN
1981,9,13,0.396,NaN,NaN,NaN
1981,9,14,0.359,NaN,NaN,NaN
1981,9,15,0.793,NaN,NaN,NaN
1981,9,16,0.361,NaN,NaN,NaN
1981,9,17,0.251,NaN,NaN,NaN
1981,9,18,0.231,NaN,NaN,NaN
1981,9,19,0.233,NaN,NaN,NaN
1981,9,20,0.235,NaN,NaN,NaN
1981,9,21,0.226,NaN,NaN,NaN
1981,9,22,0.217,NaN,NaN,NaN
1981,9,23,0.226,NaN,NaN,NaN
1981,9,24,0.226,NaN,NaN,NaN
1981,9,25,0.775,NaN,NaN,NaN
1981,9,26,0.687,NaN,NaN,NaN
1981,9,27,0.207,NaN,NaN,NaN
1981,9,28,0.492,NaN,NaN,NaN
1981,9,29,0.376,NaN,NaN,NaN
1981,9,30,0.219,NaN,NaN,NaN
1981,10,1,0.21,NaN,NaN,NaN
1981,10,2,0.205,NaN,NaN,NaN
1981,10,3,0.208,NaN,NaN,NaN
1981,10,4,0.201,NaN,NaN,NaN
1981,10,5,0.191,NaN,NaN,NaN
1981,10,6,0.254,NaN,NaN,NaN
1981,10,7,0.213,NaN,NaN,NaN
1981,10,8,0.204,NaN,NaN,NaN
1981,10,9,NaN,NaN,NaN,NaN
1981,10,10,NaN,NaN,NaN,NaN
1981,10,11,NaN,NaN,NaN,NaN
1981,10,12,NaN,NaN,NaN,NaN
1981,10,13,NaN,NaN,NaN,NaN
1981,10,14,NaN,NaN,NaN,NaN
1981,10,15,NaN,NaN,NaN,NaN
1981,10,16,NaN,NaN,NaN,NaN
1981,10,17,NaN,NaN,NaN,NaN
1981,10,18,NaN,NaN,NaN,NaN
1981,10,19,NaN,NaN,NaN,NaN
1981,10,20,NaN,NaN,NaN,NaN
1981,10,21,NaN,NaN,NaN,NaN
1981,10,22,NaN,NaN,NaN,NaN
1981,10,23,NaN,NaN,NaN,NaN
1981,10,24,NaN,NaN,NaN,NaN
1981,10,25,NaN,NaN,NaN,NaN
1981,10,26,NaN,NaN,NaN,NaN
1981,10,27,NaN,NaN,NaN,NaN
1981,10,28,NaN,NaN,NaN,NaN
1981,10,29,NaN,NaN,NaN,NaN
1981,10,30,NaN,NaN,NaN,NaN
1981,10,31,NaN,NaN,NaN,NaN
1981,11,1,NaN,NaN,NaN,NaN
1981,11,2,NaN,NaN,NaN,NaN
1981,11,3,NaN,NaN,NaN,NaN
1981,11,4,NaN,NaN,NaN,NaN
1981,11,5,NaN,NaN,NaN,NaN
1981,11,6,NaN,NaN,NaN,NaN
1981,11,7,NaN,NaN,NaN,NaN
1981,11,8,NaN,NaN,NaN,NaN
1981,11,9,NaN,NaN,NaN,NaN
1981,11,10,NaN,NaN,NaN,NaN
1981,11,11,NaN,NaN,NaN,NaN
1981,11,12,NaN,NaN,NaN,NaN
1981,11,13,NaN,NaN,NaN,NaN
1981,11,14,NaN,NaN,NaN,NaN
1981,11,15,NaN,NaN,NaN,NaN
1981,11,16,NaN,NaN,NaN,NaN
1981,11,17,NaN,NaN,NaN,NaN
1981,11,18,NaN,NaN,NaN,NaN
1981,11,19,NaN,NaN,NaN,NaN
1981,11,20,NaN,NaN,NaN,NaN
1981,11,21,NaN,NaN,NaN,NaN
1981,11,22,NaN,NaN,NaN,NaN
1981,11,23,NaN,NaN,NaN,NaN
1981,11,24,NaN,NaN,NaN,NaN
1981,11,25,NaN,NaN,NaN,NaN
1981,11,26,NaN,NaN,NaN,NaN
1981,11,27,NaN,NaN,NaN,NaN
1981,11,28,NaN,NaN,NaN,NaN
1981,11,29,NaN,NaN,NaN,NaN
1981,11,30,NaN,NaN,NaN,NaN
1981,12,1,NaN,NaN,NaN,NaN
1981,12,2,NaN,NaN,NaN,NaN
1981,12,3,NaN,NaN,NaN,NaN
1981,12,4,NaN,NaN,NaN,NaN
1981,12,5,NaN,NaN,NaN,NaN
1981,12,6,NaN,NaN,NaN,NaN
1981,12,7,NaN,NaN,NaN,NaN
1981,12,8,NaN,NaN,NaN,NaN
1981,12,9,NaN,NaN,NaN,NaN
1981,12,10,NaN,NaN,NaN,NaN
1981,12,11,NaN,NaN,NaN,NaN
1981,12,12,NaN,NaN,NaN,NaN
1981,12,13,NaN,NaN,NaN,NaN
1981,12,14,NaN,NaN,NaN,NaN
1981,12,15,NaN,NaN,NaN,NaN
1981,12,16,NaN,NaN,NaN,NaN
1981,12,17,NaN,NaN,NaN,NaN
1981,12,18,NaN,NaN,NaN,NaN
1981,12,19,NaN,NaN,NaN,NaN
1981,12,20,NaN,NaN,NaN,NaN
1981,12,21,NaN,NaN,NaN,NaN
1981,12,22,NaN,NaN,NaN,NaN
1981,12,23,NaN,NaN,NaN,NaN
1981,12,24,NaN,NaN,NaN,NaN
1981,12,25,NaN,NaN,NaN,NaN
1981,12,26,NaN,NaN,NaN,NaN
1981,12,27,NaN,NaN,NaN,NaN
1981,12,28,NaN,NaN,NaN,NaN
1981,12,29,NaN,NaN,NaN,NaN
1981,12,30,NaN,NaN,NaN,NaN
1981,12,31,NaN,NaN,NaN,NaN
1982,1,1,NaN,NaN,NaN,NaN
1982,1,2,NaN,NaN,NaN,NaN
1982,1,3,NaN,NaN,NaN,NaN
1982,1,4,NaN,NaN,NaN,NaN
1982,1,5,NaN,NaN,NaN,NaN
1982,1,6,NaN,NaN,NaN,NaN
1982,1,7,NaN,NaN,NaN,NaN
1982,1,8,NaN,NaN,NaN,NaN
1982,1,9,NaN,NaN,NaN,NaN
1982,1,10,NaN,NaN,NaN,NaN
1982,1,11,NaN,NaN,NaN,NaN
1982,1,12,NaN,NaN,NaN,NaN
1982,1,13,NaN,NaN,NaN,NaN
1982,1,14,NaN,NaN,NaN,NaN
1982,1,15,NaN,NaN,NaN,NaN
1982,1,16,NaN,NaN,NaN,NaN
1982,1,17,NaN,NaN,NaN,NaN
1982,1,18,NaN,NaN,NaN,NaN
1982,1,19,NaN,NaN,NaN,NaN
1982,1,20,NaN,NaN,NaN,NaN
1982,1,21,NaN,NaN,NaN,NaN
1982,1,22,NaN,NaN,NaN,NaN
1982,1,23,NaN,NaN,NaN,NaN
1982,1,24,NaN,NaN,NaN,NaN
1982,1,25,NaN,NaN,NaN,NaN
1982,1,26,NaN,NaN,NaN,NaN
1982,1,27,NaN,NaN,NaN,NaN
1982,1,28,NaN,NaN,NaN,NaN
1982,1,29,NaN,NaN,NaN,NaN
1982,1,30,NaN,NaN,NaN,NaN
1982,1,31,NaN,NaN,NaN,NaN
1982,2,1,NaN,NaN,NaN,NaN
1982,2,2,NaN,NaN,NaN,NaN
1982,2,3,NaN,NaN,NaN,NaN
1982,2,4,NaN,NaN,NaN,NaN
1982,2,5,NaN,NaN,NaN,NaN
1982,2,6,NaN,NaN,NaN,NaN
1982,2,7,NaN,NaN,NaN,NaN
1982,2,8,NaN,NaN,NaN,NaN
1982,2,9,NaN,NaN,NaN,NaN
1982,2,10,NaN,NaN,NaN,NaN
1982,2,11,NaN,NaN,NaN,NaN
1982,2,12,NaN,NaN,NaN,NaN
1982,2,13,NaN,NaN,NaN,NaN
1982,2,14,NaN,NaN,NaN,NaN
1982,2,15,NaN,NaN,NaN,NaN
1982,2,16,NaN,NaN,NaN,NaN
1982,2,17,NaN,NaN,NaN,NaN
1982,2,18,NaN,NaN,NaN,NaN
1982,2,19,NaN,NaN,NaN,NaN
1982,2,20,NaN,NaN,NaN,NaN
1982,2,21,NaN,NaN,NaN,NaN
1982,2,22,NaN,NaN,NaN,NaN
1982,2,23,NaN,NaN,NaN,NaN
1982,2,24,NaN,NaN,NaN,NaN
1982,2,25,NaN,NaN,NaN,NaN
1982,2,26,NaN,NaN,NaN,NaN
1982,2,27,NaN,NaN,NaN,NaN
1982,2,28,NaN,NaN,NaN,NaN
1982,3,1,NaN,NaN,NaN,NaN
1982,3,2,NaN,NaN,NaN,NaN
1982,3,3,NaN,NaN,NaN,NaN
1982,3,4,NaN,NaN,NaN,NaN
1982,3,5,NaN,NaN,NaN,NaN
1982,3,6,NaN,NaN,NaN,NaN
1982,3,7,NaN,NaN,NaN,NaN
1982,3,8,NaN,NaN,NaN,NaN
1982,3,9,NaN,NaN,NaN,NaN
1982,3,10,NaN,NaN,NaN,NaN
1982,3,11,NaN,NaN,NaN,NaN
1982,3,12,NaN,NaN,NaN,NaN
1982,3,13,NaN,NaN,NaN,NaN
1982,3,14,NaN,NaN,NaN,NaN
1982,3,15,NaN,NaN,NaN,NaN
1982,3,16,NaN,NaN,NaN,NaN
1982,3,17,NaN,NaN,NaN,NaN
1982,3,18,NaN,NaN,NaN,NaN
1982,3,19,NaN,NaN,NaN,NaN
1982,3,20,NaN,NaN,NaN,NaN
1982,3,21,NaN,NaN,NaN,NaN
1982,3,22,NaN,NaN,NaN,NaN
1982,3,23,NaN,NaN,NaN,NaN
1982,3,24,NaN,NaN,NaN,NaN
1982,3,25,NaN,NaN,NaN,NaN
1982,3,26,NaN,NaN,NaN,NaN
1982,3,27,NaN,NaN,NaN,NaN
1982,3,28,NaN,NaN,NaN,NaN
1982,3,29,NaN,NaN,NaN,NaN
1982,3,30,NaN,NaN,NaN,NaN
1982,3,31,NaN,NaN,NaN,NaN
1982,4,1,NaN,NaN,NaN,NaN
1982,4,2,NaN,NaN,NaN,NaN
1982,4,3,NaN,NaN,NaN,NaN
1982,4,4,NaN,NaN,NaN,NaN
1982,4,5,NaN,NaN,NaN,NaN
1982,4,6,NaN,NaN,NaN,NaN
1982,4,7,NaN,NaN,NaN,NaN
1982,4,8,NaN,NaN,NaN,NaN
1982,4,9,NaN,NaN,NaN,NaN
1982,4,10,NaN,NaN,NaN,NaN
1982,4,11,NaN,NaN,NaN,NaN
1982,4,12,NaN,NaN,NaN,NaN
1982,4,13,NaN,NaN,NaN,NaN
1982,4,14,NaN,NaN,NaN,NaN
1982,4,15,NaN,NaN,NaN,NaN
1982,4,16,NaN,NaN,NaN,NaN
1982,4,17,NaN,NaN,NaN,NaN
1982,4,18,NaN,NaN,NaN,NaN
1982,4,19,NaN,NaN,NaN,NaN
1982,4,20,NaN,NaN,NaN,NaN
1982,4,21,NaN,NaN,NaN,NaN
1982,4,22,NaN,NaN,NaN,NaN
1982,4,23,NaN,NaN,NaN,NaN
1982,4,24,NaN,NaN,NaN,NaN
1982,4,25,NaN,NaN,NaN,NaN
1982,4,26,NaN,NaN,NaN,NaN
1982,4,27,NaN,NaN,NaN,NaN
1982,4,28,NaN,NaN,NaN,NaN
1982,4,29,NaN,NaN,NaN,NaN
1982,4,30,NaN,NaN,NaN,NaN
1982,5,1,NaN,NaN,NaN,NaN
1982,5,2,NaN,NaN,NaN,NaN
1982,5,3,NaN,NaN,NaN,NaN
1982,5,4,NaN,NaN,NaN,NaN
1982,5,5,NaN,NaN,NaN,NaN
1982,5,6,NaN,NaN,NaN,NaN
1982,5,7,NaN,NaN,NaN,NaN
1982,5,8,NaN,NaN,NaN,NaN
1982,5,9,NaN,NaN,NaN,NaN
1982,5,10,NaN,NaN,NaN,NaN
1982,5,11,NaN,NaN,NaN,NaN
1982,5,12,NaN,NaN,NaN,NaN
1982,5,13,NaN,NaN,NaN,NaN
1982,5,14,NaN,NaN,NaN,NaN
1982,5,15,NaN,NaN,NaN,NaN
1982,5,16,NaN,NaN,NaN,NaN
1982,5,17,NaN,NaN,NaN,NaN
1982,5,18,NaN,NaN,NaN,NaN
1982,5,19,NaN,NaN,NaN,NaN
1982,5,20,NaN,NaN,NaN,NaN
1982,5,21,NaN,NaN,NaN,NaN
1982,5,22,NaN,NaN,NaN,NaN
1982,5,23,NaN,NaN,NaN,NaN
1982,5,24,NaN,NaN,NaN,NaN
1982,5,25,NaN,NaN,NaN,NaN
1982,5,26,NaN,NaN,NaN,NaN
1982,5,27,NaN,NaN,NaN,NaN
1982,5,28,NaN,NaN,NaN,NaN
1982,5,29,NaN,NaN,NaN,NaN
1982,5,30,NaN,NaN,NaN,NaN
1982,5,31,NaN,NaN,NaN,NaN
1982,6,1,NaN,NaN,NaN,NaN
1982,6,2,NaN,NaN,NaN,NaN
1982,6,3,NaN,NaN,NaN,NaN
1982,6,4,NaN,NaN,NaN,NaN
1982,6,5,NaN,NaN,NaN,NaN
1982,6,6,NaN,NaN,NaN,NaN
1982,6,7,NaN,NaN,NaN,NaN
1982,6,8,NaN,NaN,NaN,NaN
1982,6,9,NaN,NaN,NaN,NaN
1982,6,10,NaN,NaN,NaN,NaN
1982,6,11,NaN,NaN,NaN,NaN
1982,6,12,NaN,NaN,NaN,NaN
1982,6,13,NaN,NaN,NaN,NaN
1982,6,14,NaN,NaN,NaN,NaN
1982,6,15,NaN,NaN,NaN,NaN
1982,6,16,NaN,NaN,NaN,NaN
1982,6,17,NaN,NaN,NaN,NaN
1982,6,18,NaN,NaN,NaN,NaN
1982,6,19,NaN,NaN,NaN,NaN
1982,6,20,NaN,NaN,NaN,NaN
1982,6,21,NaN,NaN,NaN,NaN
1982,6,22,NaN,NaN,NaN,NaN
1982,6,23,NaN,NaN,NaN,NaN
1982,6,24,NaN,NaN,NaN,NaN
1982,6,25,NaN,NaN,NaN,NaN
1982,6,26,NaN,NaN,NaN,NaN
1982,6,27,NaN,NaN,NaN,NaN
1982,6,28,NaN,NaN,NaN,NaN
1982,6,29,NaN,NaN,NaN,NaN
1982,6,30,NaN,NaN,NaN,NaN
1982,7,1,NaN,NaN,NaN,NaN
1982,7,2,NaN,NaN,NaN,NaN
1982,7,3,NaN,NaN,NaN,NaN
1982,7,4,NaN,NaN,NaN,NaN
1982,7,5,NaN,NaN,NaN,NaN
1982,7,6,NaN,NaN,NaN,NaN
1982,7,7,NaN,NaN,NaN,NaN
1982,7,8,NaN,NaN,NaN,NaN
1982,7,9,NaN,NaN,NaN,NaN
1982,7,10,NaN,NaN,NaN,NaN
1982,7,11,NaN,NaN,NaN,NaN
1982,7,12,NaN,NaN,NaN,NaN
1982,7,13,NaN,NaN,NaN,NaN
1982,7,14,NaN,NaN,NaN,NaN
1982,7,15,NaN,NaN,NaN,NaN
1982,7,16,NaN,NaN,NaN,NaN
1982,7,17,NaN,NaN,NaN,NaN
1982,7,18,NaN,NaN,NaN,NaN
1982,7,19,NaN,NaN,NaN,NaN
1982,7,20,NaN,NaN,NaN,NaN
1982,7,21,NaN,NaN,NaN,NaN
1982,7,22,NaN,NaN,NaN,NaN
1982,7,23,NaN,NaN,NaN,NaN
1982,7,24,NaN,NaN,NaN,NaN
1982,7,25,NaN,NaN,NaN,NaN
1982,7,26,NaN,NaN,NaN,NaN
1982,7,27,NaN,NaN,NaN,NaN
1982,7,28,NaN,NaN,NaN,NaN
1982,7,29,NaN,NaN,NaN,NaN
1982,7,30,NaN,NaN,NaN,NaN
1982,7,31,NaN,NaN,NaN,NaN
1982,8,1,NaN,NaN,NaN,NaN
1982,8,2,NaN,NaN,NaN,NaN
1982,8,3,NaN,NaN,NaN,NaN
1982,8,4,NaN,NaN,NaN,NaN
1982,8,5,NaN,NaN,NaN,NaN
1982,8,6,NaN,NaN,NaN,NaN
1982,8,7,NaN,NaN,NaN,NaN
1982,8,8,NaN,NaN,NaN,NaN
1982,8,9,NaN,NaN,NaN,NaN
1982,8,10,NaN,NaN,NaN,NaN
1982,8,11,NaN,NaN,NaN,NaN
1982,8,12,NaN,NaN,NaN,NaN
1982,8,13,NaN,NaN,NaN,NaN
1982,8,14,NaN,NaN,NaN,NaN
1982,8,15,NaN,NaN,NaN,NaN
1982,8,16,NaN,NaN,NaN,NaN
1982,8,17,NaN,NaN,NaN,NaN
1982,8,18,NaN,NaN,NaN,NaN
1982,8,19,NaN,NaN,NaN,NaN
1982,8,20,NaN,NaN,NaN,NaN
1982,8,21,NaN,NaN,NaN,NaN
1982,8,22,NaN,NaN,NaN,NaN
1982,8,23,NaN,NaN,NaN,NaN
1982,8,24,NaN,NaN,NaN,NaN
1982,8,25,NaN,NaN,NaN,NaN
1982,8,26,NaN,NaN,NaN,NaN
1982,8,27,NaN,NaN,NaN,NaN
1982,8,28,NaN,NaN,NaN,NaN
1982,8,29,NaN,NaN,NaN,NaN
1982,8,30,NaN,NaN,NaN,NaN
1982,8,31,NaN,NaN,NaN,NaN
1982,9,1,NaN,NaN,NaN,NaN
1982,9,2,NaN,NaN,NaN,NaN
1982,9,3,NaN,NaN,NaN,NaN
1982,9,4,NaN,NaN,NaN,NaN
1982,9,5,NaN,NaN,NaN,NaN
1982,9,6,NaN,NaN,NaN,NaN
1982,9,7,NaN,NaN,NaN,NaN
1982,9,8,NaN,NaN,NaN,NaN
1982,9,9,NaN,NaN,NaN,NaN
1982,9,10,NaN,NaN,NaN,NaN
1982,9,11,NaN,NaN,NaN,NaN
1982,9,12,NaN,NaN,NaN,NaN
1982,9,13,NaN,NaN,NaN,NaN
1982,9,14,NaN,NaN,NaN,NaN
1982,9,15,NaN,NaN,NaN,NaN
1982,9,16,NaN,NaN,NaN,NaN
1982,9,17,NaN,NaN,NaN,NaN
1982,9,18,NaN,NaN,NaN,NaN
1982,9,19,NaN,NaN,NaN,NaN
1982,9,20,NaN,NaN,NaN,NaN
1982,9,21,NaN,NaN,NaN,NaN
1982,9,22,NaN,NaN,NaN,NaN
1982,9,23,NaN,NaN,NaN,NaN
1982,9,24,NaN,NaN,NaN,NaN
1982,9,25,NaN,NaN,NaN,NaN
1982,9,26,NaN,NaN,NaN,NaN
1982,9,27,NaN,NaN,NaN,NaN
1982,9,28,NaN,NaN,NaN,NaN
1982,9,29,NaN,NaN,NaN,NaN
1982,9,30,NaN,NaN,NaN,NaN
1982,10,1,NaN,NaN,NaN,NaN
1982,10,2,NaN,NaN,NaN,NaN
1982,10,3,NaN,NaN,NaN,NaN
1982,10,4,NaN,NaN,NaN,NaN
1982,10,5,NaN,NaN,NaN,NaN
1982,10,6,NaN,NaN,NaN,NaN
1982,10,7,NaN,NaN,NaN,NaN
1982,10,8,NaN,NaN,NaN,NaN
1982,10,9,NaN,NaN,NaN,NaN
1982,10,10,NaN,NaN,NaN,NaN
1982,10,11,NaN,NaN,NaN,NaN
1982,10,12,NaN,NaN,NaN,NaN
1982,10,13,NaN,NaN,NaN,NaN
1982,10,14,NaN,NaN,NaN,NaN
1982,10,15,NaN,NaN,NaN,NaN
1982,10,16,NaN,NaN,NaN,NaN
1982,10,17,NaN,NaN,NaN,NaN
1982,10,18,NaN,NaN,NaN,NaN
1982,10,19,NaN,NaN,NaN,NaN
1982,10,20,NaN,NaN,NaN,NaN
1982,10,21,NaN,NaN,NaN,NaN
1982,10,22,NaN,NaN,NaN,NaN
1982,10,23,NaN,NaN,NaN,NaN
1982,10,24,NaN,NaN,NaN,NaN
1982,10,25,NaN,NaN,NaN,NaN
1982,10,26,NaN,NaN,NaN,NaN
1982,10,27,NaN,NaN,NaN,NaN
1982,10,28,NaN,NaN,NaN,NaN
1982,10,29,NaN,NaN,NaN,NaN
1982,10,30,NaN,NaN,NaN,NaN
1982,10,31,NaN,NaN,NaN,NaN
1982,11,1,NaN,NaN,NaN,NaN
1982,11,2,NaN,NaN,NaN,NaN
1982,11,3,NaN,NaN,NaN,NaN
1982,11,4,NaN,NaN,NaN,NaN
1982,11,5,NaN,NaN,NaN,NaN
1982,11,6,NaN,NaN,NaN,NaN
1982,11,7,NaN,NaN,NaN,NaN
1982,11,8,NaN,NaN,NaN,NaN
1982,11,9,NaN,NaN,NaN,NaN
1982,11,10,NaN,NaN,NaN,NaN
1982,11,11,NaN,NaN,NaN,NaN
1982,11,12,NaN,NaN,NaN,NaN
1982,11,13,NaN,NaN,NaN,NaN
1982,11,14,NaN,NaN,NaN,NaN
1982,11,15,NaN,NaN,NaN,NaN
1982,11,16,NaN,NaN,NaN,NaN
1982,11,17,NaN,NaN,NaN,NaN
1982,11,18,NaN,NaN,NaN,NaN
1982,11,19,NaN,NaN,NaN,NaN
1982,11,20,NaN,NaN,NaN,NaN
1982,11,21,NaN,NaN,NaN,NaN
1982,11,22,NaN,NaN,NaN,NaN
1982,11,23,NaN,NaN,NaN,NaN
1982,11,24,NaN,NaN,NaN,NaN
1982,11,25,NaN,NaN,NaN,NaN
1982,11,26,NaN,NaN,NaN,NaN
1982,11,27,NaN,NaN,NaN,NaN
1982,11,28,NaN,NaN,NaN,NaN
1982,11,29,NaN,NaN,NaN,NaN
1982,11,30,NaN,NaN,NaN,NaN
1982,12,1,NaN,NaN,NaN,NaN
1982,12,2,NaN,NaN,NaN,NaN
1982,12,3,NaN,NaN,NaN,NaN
1982,12,4,NaN,NaN,NaN,NaN
1982,12,5,NaN,NaN,NaN,NaN
1982,12,6,NaN,NaN,NaN,NaN
1982,12,7,NaN,NaN,NaN,NaN
1982,12,8,NaN,NaN,NaN,NaN
1982,12,9,NaN,NaN,NaN,NaN
1982,12,10,NaN,NaN,NaN,NaN
1982,12,11,NaN,NaN,NaN,NaN
1982,12,12,NaN,NaN,NaN,NaN
1982,12,13,NaN,NaN,NaN,NaN
1982,12,14,NaN,NaN,NaN,NaN
1982,12,15,NaN,NaN,NaN,NaN
1982,12,16,NaN,NaN,NaN,NaN
1982,12,17,NaN,NaN,NaN,NaN
1982,12,18,NaN,NaN,NaN,NaN
1982,12,19,NaN,NaN,NaN,NaN
1982,12,20,NaN,NaN,NaN,NaN
1982,12,21,NaN,NaN,NaN,NaN
1982,12,22,NaN,NaN,NaN,NaN
1982,12,23,NaN,NaN,NaN,NaN
1982,12,24,NaN,NaN,NaN,NaN
1982,12,25,NaN,NaN,NaN,NaN
1982,12,26,NaN,NaN,NaN,NaN
1982,12,27,NaN,NaN,NaN,NaN
1982,12,28,NaN,NaN,NaN,NaN
1982,12,29,NaN,NaN,NaN,NaN
1982,12,30,NaN,NaN,NaN,NaN
1982,12,31,NaN,NaN,NaN,NaN
1983,1,1,NaN,NaN,NaN,NaN
1983,1,2,NaN,NaN,NaN,NaN
1983,1,3,NaN,NaN,NaN,NaN
1983,1,4,NaN,NaN,NaN,NaN
1983,1,5,NaN,NaN,NaN,NaN
1983,1,6,NaN,NaN,NaN,NaN
1983,1,7,NaN,NaN,NaN,NaN
1983,1,8,NaN,NaN,NaN,NaN
1983,1,9,NaN,NaN,NaN,NaN
1983,1,10,NaN,NaN,NaN,NaN
1983,1,11,NaN,NaN,NaN,NaN
1983,1,12,NaN,NaN,NaN,NaN
1983,1,13,NaN,NaN,NaN,NaN
1983,1,14,NaN,NaN,NaN,NaN
1983,1,15,NaN,NaN,NaN,NaN
1983,1,16,NaN,NaN,NaN,NaN
1983,1,17,NaN,NaN,NaN,NaN
1983,1,18,NaN,NaN,NaN,NaN
1983,1,19,NaN,NaN,NaN,NaN
1983,1,20,NaN,NaN,NaN,NaN
1983,1,21,NaN,NaN,NaN,NaN
1983,1,22,NaN,NaN,NaN,NaN
1983,1,23,NaN,NaN,NaN,NaN
1983,1,24,NaN,NaN,NaN,NaN
1983,1,25,NaN,NaN,NaN,NaN
1983,1,26,NaN,NaN,NaN,NaN
1983,1,27,NaN,NaN,NaN,NaN
1983,1,28,NaN,NaN,NaN,NaN
1983,1,29,NaN,NaN,NaN,NaN
1983,1,30,NaN,NaN,NaN,NaN
1983,1,31,NaN,NaN,NaN,NaN
1983,2,1,NaN,NaN,NaN,NaN
1983,2,2,NaN,NaN,NaN,NaN
1983,2,3,NaN,NaN,NaN,NaN
1983,2,4,NaN,NaN,NaN,NaN
1983,2,5,NaN,NaN,NaN,NaN
1983,2,6,NaN,NaN,NaN,NaN
1983,2,7,NaN,NaN,NaN,NaN
1983,2,8,NaN,NaN,NaN,NaN
1983,2,9,NaN,NaN,NaN,NaN
1983,2,10,NaN,NaN,NaN,NaN
1983,2,11,NaN,NaN,NaN,NaN
1983,2,12,NaN,NaN,NaN,NaN
1983,2,13,NaN,NaN,NaN,NaN
1983,2,14,NaN,NaN,NaN,NaN
1983,2,15,NaN,NaN,NaN,NaN
1983,2,16,NaN,NaN,NaN,NaN
1983,2,17,NaN,NaN,NaN,NaN
1983,2,18,NaN,NaN,NaN,NaN
1983,2,19,NaN,NaN,NaN,NaN
1983,2,20,NaN,NaN,NaN,NaN
1983,2,21,NaN,NaN,NaN,NaN
1983,2,22,NaN,NaN,NaN,NaN
1983,2,23,NaN,NaN,NaN,NaN
1983,2,24,NaN,NaN,NaN,NaN
1983,2,25,NaN,NaN,NaN,NaN
1983,2,26,NaN,NaN,NaN,NaN
1983,2,27,NaN,NaN,NaN,NaN
1983,2,28,NaN,NaN,NaN,NaN
1983,3,1,NaN,NaN,NaN,NaN
1983,3,2,NaN,NaN,NaN,NaN
1983,3,3,NaN,NaN,NaN,NaN
1983,3,4,NaN,NaN,NaN,NaN
1983,3,5,NaN,NaN,NaN,NaN
1983,3,6,NaN,NaN,NaN,NaN
1983,3,7,NaN,NaN,NaN,NaN
1983,3,8,NaN,NaN,NaN,NaN
1983,3,9,NaN,NaN,NaN,NaN
1983,3,10,NaN,NaN,NaN,NaN
1983,3,11,NaN,NaN,NaN,NaN
1983,3,12,NaN,NaN,NaN,NaN
1983,3,13,NaN,NaN,NaN,NaN
1983,3,14,NaN,NaN,NaN,NaN
1983,3,15,NaN,NaN,NaN,NaN
1983,3,16,NaN,NaN,NaN,NaN
1983,3,17,NaN,NaN,NaN,NaN
1983,3,18,NaN,NaN,NaN,NaN
1983,3,19,NaN,NaN,NaN,NaN
1983,3,20,NaN,NaN,NaN,NaN
1983,3,21,NaN,NaN,NaN,NaN
1983,3,22,NaN,NaN,NaN,NaN
1983,3,23,NaN,NaN,NaN,NaN
1983,3,24,NaN,NaN,NaN,NaN
1983,3,25,NaN,NaN,NaN,NaN
1983,3,26,NaN,NaN,NaN,NaN
1983,3,27,NaN,NaN,NaN,NaN
1983,3,28,NaN,NaN,NaN,NaN
1983,3,29,NaN,NaN,NaN,NaN
1983,3,30,NaN,NaN,NaN,NaN
1983,3,31,NaN,NaN,NaN,NaN
1983,4,1,NaN,NaN,NaN,NaN
1983,4,2,NaN,NaN,NaN,NaN
1983,4,3,NaN,NaN,NaN,NaN
1983,4,4,NaN,NaN,NaN,NaN
1983,4,5,NaN,NaN,NaN,NaN
1983,4,6,NaN,NaN,NaN,NaN
1983,4,7,NaN,NaN,NaN,NaN
1983,4,8,NaN,NaN,NaN,NaN
1983,4,9,NaN,NaN,NaN,NaN
1983,4,10,NaN,NaN,NaN,NaN
1983,4,11,NaN,NaN,NaN,NaN
1983,4,12,NaN,NaN,NaN,NaN
1983,4,13,NaN,NaN,NaN,NaN
1983,4,14,NaN,NaN,NaN,NaN
1983,4,15,NaN,NaN,NaN,NaN
1983,4,16,NaN,NaN,NaN,NaN
1983,4,17,NaN,NaN,NaN,NaN
1983,4,18,NaN,NaN,NaN,NaN
1983,4,19,NaN,NaN,NaN,NaN
1983,4,20,NaN,NaN,NaN,NaN
1983,4,21,NaN,NaN,NaN,NaN
1983,4,22,NaN,NaN,NaN,NaN
1983,4,23,NaN,NaN,NaN,NaN
1983,4,24,NaN,NaN,NaN,NaN
1983,4,25,NaN,NaN,NaN,NaN
1983,4,26,NaN,NaN,NaN,NaN
1983,4,27,NaN,NaN,NaN,NaN
1983,4,28,NaN,NaN,NaN,NaN
1983,4,29,NaN,NaN,NaN,NaN
1983,4,30,NaN,NaN,NaN,NaN
1983,5,1,NaN,NaN,NaN,NaN
1983,5,2,NaN,NaN,NaN,NaN
1983,5,3,NaN,NaN,NaN,NaN
1983,5,4,NaN,NaN,NaN,NaN
1983,5,5,NaN,NaN,NaN,NaN
1983,5,6,NaN,NaN,NaN,NaN
1983,5,7,NaN,NaN,NaN,NaN
1983,5,8,NaN,NaN,NaN,NaN
1983,5,9,NaN,NaN,NaN,NaN
1983,5,10,NaN,NaN,NaN,NaN
1983,5,11,NaN,NaN,NaN,NaN
1983,5,12,NaN,NaN,NaN,NaN
1983,5,13,NaN,NaN,NaN,NaN
1983,5,14,NaN,NaN,NaN,NaN
1983,5,15,NaN,NaN,NaN,NaN
1983,5,16,NaN,NaN,NaN,NaN
1983,5,17,NaN,NaN,NaN,NaN
1983,5,18,NaN,NaN,NaN,NaN
1983,5,19,NaN,NaN,NaN,NaN
1983,5,20,NaN,NaN,NaN,NaN
1983,5,21,NaN,NaN,NaN,NaN
1983,5,22,NaN,NaN,NaN,NaN
1983,5,23,NaN,NaN,NaN,NaN
1983,5,24,NaN,NaN,NaN,NaN
1983,5,25,NaN,NaN,NaN,NaN
1983,5,26,NaN,NaN,NaN,NaN
1983,5,27,NaN,NaN,NaN,NaN
1983,5,28,NaN,NaN,NaN,NaN
1983,5,29,NaN,NaN,NaN,NaN
1983,5,30,NaN,NaN,NaN,NaN
1983,5,31,NaN,NaN,NaN,NaN
1983,6,1,NaN,NaN,NaN,NaN
1983,6,2,NaN,NaN,NaN,NaN
1983,6,3,NaN,NaN,NaN,NaN
1983,6,4,NaN,NaN,NaN,NaN
1983,6,5,NaN,NaN,NaN,NaN
1983,6,6,NaN,NaN,NaN,NaN
1983,6,7,NaN,NaN,NaN,NaN
1983,6,8,NaN,NaN,NaN,NaN
1983,6,9,NaN,NaN,NaN,NaN
1983,6,10,NaN,NaN,NaN,NaN
1983,6,11,NaN,NaN,NaN,NaN
1983,6,12,NaN,NaN,NaN,NaN
1983,6,13,NaN,NaN,NaN,NaN
1983,6,14,NaN,NaN,NaN,NaN
1983,6,15,NaN,NaN,NaN,NaN
1983,6,16,NaN,NaN,NaN,NaN
1983,6,17,NaN,NaN,NaN,NaN
1983,6,18,NaN,NaN,NaN,NaN
1983,6,19,NaN,NaN,NaN,NaN
1983,6,20,NaN,NaN,NaN,NaN
1983,6,21,NaN,NaN,NaN,NaN
1983,6,22,NaN,NaN,NaN,NaN
1983,6,23,NaN,NaN,NaN,NaN
1983,6,24,NaN,NaN,NaN,NaN
1983,6,25,NaN,NaN,NaN,NaN
1983,6,26,NaN,NaN,NaN,NaN
1983,6,27,NaN,NaN,NaN,NaN
1983,6,28,NaN,NaN,NaN,NaN
1983,6,29,NaN,NaN,NaN,NaN
1983,6,30,NaN,NaN,NaN,NaN
1983,7,1,NaN,NaN,NaN,NaN
1983,7,2,NaN,NaN,NaN,NaN
1983,7,3,NaN,NaN,NaN,NaN
1983,7,4,NaN,NaN,NaN,NaN
1983,7,5,NaN,NaN,NaN,NaN
1983,7,6,NaN,NaN,NaN,NaN
1983,7,7,NaN,NaN,NaN,NaN
1983,7,8,NaN,NaN,NaN,NaN
1983,7,9,NaN,NaN,NaN,NaN
1983,7,10,NaN,NaN,NaN,NaN
1983,7,11,NaN,NaN,NaN,NaN
1983,7,12,NaN,NaN,NaN,NaN
1983,7,13,NaN,NaN,NaN,NaN
1983,7,14,NaN,NaN,NaN,NaN
1983,7,15,NaN,NaN,NaN,NaN
1983,7,16,NaN,NaN,NaN,NaN
1983,7,17,NaN,NaN,NaN,NaN
1983,7,18,NaN,NaN,NaN,NaN
1983,7,19,NaN,NaN,NaN,NaN
1983,7,20,NaN,NaN,NaN,NaN
1983,7,21,NaN,NaN,NaN,NaN
1983,7,22,NaN,NaN,NaN,NaN
1983,7,23,NaN,NaN,NaN,NaN
1983,7,24,NaN,NaN,NaN,NaN
1983,7,25,NaN,NaN,NaN,NaN
1983,7,26,NaN,NaN,NaN,NaN
1983,7,27,NaN,NaN,NaN,NaN
1983,7,28,NaN,NaN,NaN,NaN
1983,7,29,NaN,NaN,NaN,NaN
1983,7,30,NaN,NaN,NaN,NaN
1983,7,31,NaN,NaN,NaN,NaN
1983,8,1,NaN,NaN,NaN,NaN
1983,8,2,NaN,NaN,NaN,NaN
1983,8,3,NaN,NaN,NaN,NaN
1983,8,4,NaN,NaN,NaN,NaN
1983,8,5,NaN,NaN,NaN,NaN
1983,8,6,NaN,NaN,NaN,NaN
1983,8,7,NaN,NaN,NaN,NaN
1983,8,8,NaN,NaN,NaN,NaN
1983,8,9,NaN,NaN,NaN,NaN
1983,8,10,NaN,NaN,NaN,NaN
1983,8,11,NaN,NaN,NaN,NaN
1983,8,12,NaN,NaN,NaN,NaN
1983,8,13,NaN,NaN,NaN,NaN
1983,8,14,NaN,NaN,NaN,NaN
1983,8,15,NaN,NaN,NaN,NaN
1983,8,16,NaN,NaN,NaN,NaN
1983,8,17,NaN,NaN,NaN,NaN
1983,8,18,NaN,NaN,NaN,NaN
1983,8,19,NaN,NaN,NaN,NaN
1983,8,20,NaN,NaN,NaN,NaN
1983,8,21,NaN,NaN,NaN,NaN
1983,8,22,NaN,NaN,NaN,NaN
1983,8,23,NaN,NaN,NaN,NaN
1983,8,24,NaN,NaN,NaN,NaN
1983,8,25,NaN,NaN,NaN,NaN
1983,8,26,NaN,NaN,NaN,NaN
1983,8,27,NaN,NaN,NaN,NaN
1983,8,28,NaN,NaN,NaN,NaN
1983,8,29,NaN,NaN,NaN,NaN
1983,8,30,NaN,NaN,NaN,NaN
1983,8,31,NaN,NaN,NaN,NaN
1983,9,1,NaN,NaN,NaN,NaN
1983,9,2,NaN,NaN,NaN,NaN
1983,9,3,NaN,NaN,NaN,NaN
1983,9,4,NaN,NaN,NaN,NaN
1983,9,5,NaN,NaN,NaN,NaN
1983,9,6,NaN,NaN,NaN,NaN
1983,9,7,NaN,NaN,NaN,NaN
1983,9,8,NaN,NaN,NaN,NaN
1983,9,9,NaN,NaN,NaN,NaN
1983,9,10,NaN,NaN,NaN,NaN
1983,9,11,NaN,NaN,NaN,NaN
1983,9,12,NaN,NaN,NaN,NaN
1983,9,13,NaN,NaN,NaN,NaN
1983,9,14,NaN,NaN,NaN,NaN
1983,9,15,NaN,NaN,NaN,NaN
1983,9,16,NaN,NaN,NaN,NaN
1983,9,17,NaN,NaN,NaN,NaN
1983,9,18,NaN,NaN,NaN,NaN
1983,9,19,NaN,NaN,NaN,NaN
1983,9,20,NaN,NaN,NaN,NaN
1983,9,21,NaN,NaN,NaN,NaN
1983,9,22,NaN,NaN,NaN,NaN
1983,9,23,NaN,NaN,NaN,NaN
1983,9,24,NaN,NaN,NaN,NaN
1983,9,25,NaN,NaN,NaN,NaN
1983,9,26,NaN,NaN,NaN,NaN
1983,9,27,NaN,NaN,NaN,NaN
1983,9,28,NaN,NaN,NaN,NaN
1983,9,29,NaN,NaN,NaN,NaN
1983,9,30,NaN,NaN,NaN,NaN
1983,10,1,NaN,NaN,NaN,NaN
1983,10,2,NaN,NaN,NaN,NaN
1983,10,3,NaN,NaN,NaN,NaN
1983,10,4,NaN,NaN,NaN,NaN
1983,10,5,NaN,NaN,NaN,NaN
1983,10,6,NaN,NaN,NaN,NaN
1983,10,7,NaN,NaN,NaN,NaN
1983,10,8,NaN,NaN,NaN,NaN
1983,10,9,NaN,NaN,NaN,NaN
1983,10,10,NaN,NaN,NaN,NaN
1983,10,11,NaN,NaN,NaN,NaN
1983,10,12,NaN,NaN,NaN,NaN
1983,10,13,NaN,NaN,NaN,NaN
1983,10,14,NaN,NaN,NaN,NaN
1983,10,15,NaN,NaN,NaN,NaN
1983,10,16,NaN,NaN,NaN,NaN
1983,10,17,NaN,NaN,NaN,NaN
1983,10,18,NaN,NaN,NaN,NaN
1983,10,19,NaN,NaN,NaN,NaN
1983,10,20,NaN,NaN,NaN,NaN
1983,10,21,NaN,NaN,NaN,NaN
1983,10,22,NaN,NaN,NaN,NaN
1983,10,23,NaN,NaN,NaN,NaN
1983,10,24,NaN,NaN,NaN,NaN
1983,10,25,NaN,NaN,NaN,NaN
1983,10,26,NaN,NaN,NaN,NaN
1983,10,27,NaN,NaN,NaN,NaN
1983,10,28,NaN,NaN,NaN,NaN
1983,10,29,NaN,NaN,NaN,NaN
1983,10,30,NaN,NaN,NaN,NaN
1983,10,31,NaN,NaN,NaN,NaN
1983,11,1,NaN,NaN,NaN,NaN
1983,11,2,NaN,NaN,NaN,NaN
1983,11,3,NaN,NaN,NaN,NaN
1983,11,4,NaN,NaN,NaN,NaN
1983,11,5,NaN,NaN,NaN,NaN
1983,11,6,NaN,NaN,NaN,NaN
1983,11,7,NaN,NaN,NaN,NaN
1983,11,8,NaN,NaN,NaN,NaN
1983,11,9,NaN,NaN,NaN,NaN
1983,11,10,NaN,NaN,NaN,NaN
1983,11,11,NaN,NaN,NaN,NaN
1983,11,12,NaN,NaN,NaN,NaN
1983,11,13,NaN,NaN,NaN,NaN
1983,11,14,NaN,NaN,NaN,NaN
1983,11,15,NaN,NaN,NaN,NaN
1983,11,16,NaN,NaN,NaN,NaN
1983,11,17,NaN,NaN,NaN,NaN
1983,11,18,NaN,NaN,NaN,NaN
1983,11,19,NaN,NaN,NaN,NaN
1983,11,20,NaN,NaN,NaN,NaN
1983,11,21,NaN,NaN,NaN,NaN
1983,11,22,NaN,NaN,NaN,NaN
1983,11,23,NaN,NaN,NaN,NaN
1983,11,24,NaN,NaN,NaN,NaN
1983,11,25,NaN,NaN,NaN,NaN
1983,11,26,NaN,NaN,NaN,NaN
1983,11,27,NaN,NaN,NaN,NaN
1983,11,28,NaN,NaN,NaN,NaN
1983,11,29,NaN,NaN,NaN,NaN
1983,11,30,NaN,NaN,NaN,NaN
1983,12,1,NaN,NaN,NaN,NaN
1983,12,2,NaN,NaN,NaN,NaN
1983,12,3,NaN,NaN,NaN,NaN
1983,12,4,NaN,NaN,NaN,NaN
1983,12,5,NaN,NaN,NaN,NaN
1983,12,6,NaN,NaN,NaN,NaN
1983,12,7,NaN,NaN,NaN,NaN
1983,12,8,NaN,NaN,NaN,NaN
1983,12,9,NaN,NaN,NaN,NaN
1983,12,10,NaN,NaN,NaN,NaN
1983,12,11,NaN,NaN,NaN,NaN
1983,12,12,NaN,NaN,NaN,NaN
1983,12,13,NaN,NaN,NaN,NaN
1983,12,14,NaN,NaN,NaN,NaN
1983,12,15,NaN,NaN,NaN,NaN
1983,12,16,NaN,NaN,NaN,NaN
1983,12,17,NaN,NaN,NaN,NaN
1983,12,18,NaN,NaN,NaN,NaN
1983,12,19,NaN,NaN,NaN,NaN
1983,12,20,NaN,NaN,NaN,NaN
1983,12,21,NaN,NaN,NaN,NaN
1983,12,22,NaN,NaN,NaN,NaN
1983,12,23,NaN,NaN,NaN,NaN
1983,12,24,NaN,NaN,NaN,NaN
1983,12,25,NaN,NaN,NaN,NaN
1983,12,26,NaN,NaN,NaN,NaN
1983,12,27,NaN,NaN,NaN,NaN
1983,12,28,NaN,NaN,NaN,NaN
1983,12,29,NaN,NaN,NaN,NaN
1983,12,30,NaN,NaN,NaN,NaN
1983,12,31,NaN,NaN,NaN,NaN
1984,1,1,NaN,NaN,NaN,NaN
1984,1,2,NaN,NaN,NaN,NaN
1984,1,3,NaN,NaN,NaN,NaN
1984,1,4,NaN,NaN,NaN,NaN
1984,1,5,NaN,NaN,NaN,NaN
1984,1,6,NaN,NaN,NaN,NaN
1984,1,7,NaN,NaN,NaN,NaN
1984,1,8,NaN,NaN,NaN,NaN
1984,1,9,NaN,NaN,NaN,NaN
1984,1,10,NaN,NaN,NaN,NaN
1984,1,11,NaN,NaN,NaN,NaN
1984,1,12,NaN,NaN,NaN,NaN
1984,1,13,NaN,NaN,NaN,NaN
1984,1,14,NaN,NaN,NaN,NaN
1984,1,15,NaN,NaN,NaN,NaN
1984,1,16,NaN,NaN,NaN,NaN
1984,1,17,NaN,NaN,NaN,NaN
1984,1,18,NaN,NaN,NaN,NaN
1984,1,19,NaN,NaN,NaN,NaN
1984,1,20,NaN,NaN,NaN,NaN
1984,1,21,NaN,NaN,NaN,NaN
1984,1,22,NaN,NaN,NaN,NaN
1984,1,23,NaN,NaN,NaN,NaN
1984,1,24,NaN,NaN,NaN,NaN
1984,1,25,NaN,NaN,NaN,NaN
1984,1,26,NaN,NaN,NaN,NaN
1984,1,27,NaN,NaN,NaN,NaN
1984,1,28,NaN,NaN,NaN,NaN
1984,1,29,NaN,NaN,NaN,NaN
1984,1,30,NaN,NaN,NaN,NaN
1984,1,31,NaN,NaN,NaN,NaN
1984,2,1,NaN,NaN,NaN,NaN
1984,2,2,NaN,NaN,NaN,NaN
1984,2,3,NaN,NaN,NaN,NaN
1984,2,4,NaN,NaN,NaN,NaN
1984,2,5,NaN,NaN,NaN,NaN
1984,2,6,NaN,NaN,NaN,NaN
1984,2,7,NaN,NaN,NaN,NaN
1984,2,8,NaN,NaN,NaN,NaN
1984,2,9,NaN,NaN,NaN,NaN
1984,2,10,NaN,NaN,NaN,NaN
1984,2,11,NaN,NaN,NaN,NaN
1984,2,12,NaN,NaN,NaN,NaN
1984,2,13,NaN,NaN,NaN,NaN
1984,2,14,NaN,NaN,NaN,NaN
1984,2,15,NaN,NaN,NaN,NaN
1984,2,16,NaN,NaN,NaN,NaN
1984,2,17,NaN,NaN,NaN,NaN
1984,2,18,NaN,NaN,NaN,NaN
1984,2,19,NaN,NaN,NaN,NaN
1984,2,20,NaN,NaN,NaN,NaN
1984,2,21,NaN,NaN,NaN,NaN
1984,2,22,NaN,NaN,NaN,NaN
1984,2,23,NaN,NaN,NaN,NaN
1984,2,24,NaN,NaN,NaN,NaN
1984,2,25,NaN,NaN,NaN,NaN
1984,2,26,NaN,NaN,NaN,NaN
1984,2,27,NaN,NaN,NaN,NaN
1984,2,28,NaN,NaN,NaN,NaN
1984,2,29,NaN,NaN,NaN,NaN
1984,3,1,NaN,NaN,NaN,NaN
1984,3,2,NaN,NaN,NaN,NaN
1984,3,3,NaN,NaN,NaN,NaN
1984,3,4,NaN,NaN,NaN,NaN
1984,3,5,NaN,NaN,NaN,NaN
1984,3,6,NaN,NaN,NaN,NaN
1984,3,7,NaN,NaN,NaN,NaN
1984,3,8,NaN,NaN,NaN,NaN
1984,3,9,NaN,NaN,NaN,NaN
1984,3,10,NaN,NaN,NaN,NaN
1984,3,11,NaN,NaN,NaN,NaN
1984,3,12,NaN,NaN,NaN,NaN
1984,3,13,NaN,NaN,NaN,NaN
1984,3,14,NaN,NaN,NaN,NaN
1984,3,15,NaN,NaN,NaN,NaN
1984,3,16,NaN,NaN,NaN,NaN
1984,3,17,NaN,NaN,NaN,NaN
1984,3,18,NaN,NaN,NaN,NaN
1984,3,19,NaN,NaN,NaN,NaN
1984,3,20,NaN,NaN,NaN,NaN
1984,3,21,NaN,NaN,NaN,NaN
1984,3,22,NaN,NaN,NaN,NaN
1984,3,23,NaN,NaN,NaN,NaN
1984,3,24,NaN,NaN,NaN,NaN
1984,3,25,NaN,NaN,NaN,NaN
1984,3,26,NaN,NaN,NaN,NaN
1984,3,27,NaN,NaN,NaN,NaN
1984,3,28,NaN,NaN,NaN,NaN
1984,3,29,NaN,NaN,NaN,NaN
1984,3,30,NaN,NaN,NaN,NaN
1984,3,31,NaN,NaN,NaN,NaN
1984,4,1,NaN,NaN,NaN,NaN
1984,4,2,NaN,NaN,NaN,NaN
1984,4,3,NaN,NaN,NaN,NaN
1984,4,4,NaN,NaN,NaN,NaN
1984,4,5,NaN,NaN,NaN,NaN
1984,4,6,NaN,NaN,NaN,NaN
1984,4,7,NaN,NaN,NaN,NaN
1984,4,8,NaN,NaN,NaN,NaN
1984,4,9,NaN,NaN,NaN,NaN
1984,4,10,NaN,NaN,NaN,NaN
1984,4,11,NaN,NaN,NaN,NaN
1984,4,12,NaN,NaN,NaN,NaN
1984,4,13,NaN,NaN,NaN,NaN
1984,4,14,NaN,NaN,NaN,NaN
1984,4,15,NaN,NaN,NaN,NaN
1984,4,16,NaN,NaN,NaN,NaN
1984,4,17,NaN,NaN,NaN,NaN
1984,4,18,NaN,NaN,NaN,NaN
1984,4,19,NaN,NaN,NaN,NaN
1984,4,20,NaN,NaN,NaN,NaN
1984,4,21,NaN,NaN,NaN,NaN
1984,4,22,NaN,NaN,NaN,NaN
1984,4,23,NaN,NaN,NaN,NaN
1984,4,24,NaN,NaN,NaN,NaN
1984,4,25,NaN,NaN,NaN,NaN
1984,4,26,NaN,NaN,NaN,NaN
1984,4,27,NaN,NaN,NaN,NaN
1984,4,28,NaN,NaN,NaN,NaN
1984,4,29,NaN,NaN,NaN,NaN
1984,4,30,NaN,NaN,NaN,NaN
1984,5,1,NaN,NaN,NaN,NaN
1984,5,2,NaN,NaN,NaN,NaN
1984,5,3,NaN,NaN,NaN,NaN
1984,5,4,NaN,NaN,NaN,NaN
1984,5,5,NaN,NaN,NaN,NaN
1984,5,6,NaN,NaN,NaN,NaN
1984,5,7,NaN,NaN,NaN,NaN
1984,5,8,NaN,NaN,NaN,NaN
1984,5,9,NaN,NaN,NaN,NaN
1984,5,10,NaN,NaN,NaN,NaN
1984,5,11,NaN,NaN,NaN,NaN
1984,5,12,NaN,NaN,NaN,NaN
1984,5,13,NaN,NaN,NaN,NaN
1984,5,14,NaN,NaN,NaN,NaN
1984,5,15,NaN,NaN,NaN,NaN
1984,5,16,NaN,NaN,NaN,NaN
1984,5,17,NaN,NaN,NaN,NaN
1984,5,18,NaN,NaN,NaN,NaN
1984,5,19,NaN,NaN,NaN,NaN
1984,5,20,NaN,NaN,NaN,NaN
1984,5,21,NaN,NaN,NaN,NaN
1984,5,22,NaN,NaN,NaN,NaN
1984,5,23,NaN,NaN,NaN,NaN
1984,5,24,NaN,NaN,NaN,NaN
1984,5,25,NaN,NaN,NaN,NaN
1984,5,26,NaN,NaN,NaN,NaN
1984,5,27,NaN,NaN,NaN,NaN
1984,5,28,NaN,NaN,NaN,NaN
1984,5,29,NaN,NaN,NaN,NaN
1984,5,30,NaN,NaN,NaN,NaN
1984,5,31,NaN,NaN,NaN,NaN
1984,6,1,NaN,NaN,NaN,NaN
1984,6,2,NaN,NaN,NaN,NaN
1984,6,3,NaN,NaN,NaN,NaN
1984,6,4,NaN,NaN,NaN,NaN
1984,6,5,NaN,NaN,NaN,NaN
1984,6,6,NaN,NaN,NaN,NaN
1984,6,7,NaN,NaN,NaN,NaN
1984,6,8,NaN,NaN,NaN,NaN
1984,6,9,NaN,NaN,NaN,NaN
1984,6,10,NaN,NaN,NaN,NaN
1984,6,11,NaN,NaN,NaN,NaN
1984,6,12,NaN,NaN,NaN,NaN
1984,6,13,NaN,NaN,NaN,NaN
1984,6,14,NaN,NaN,NaN,NaN
1984,6,15,NaN,NaN,NaN,NaN
1984,6,16,NaN,NaN,NaN,NaN
1984,6,17,NaN,NaN,NaN,NaN
1984,6,18,NaN,NaN,NaN,NaN
1984,6,19,NaN,NaN,NaN,NaN
1984,6,20,NaN,NaN,NaN,NaN
1984,6,21,NaN,NaN,NaN,NaN
1984,6,22,NaN,NaN,NaN,NaN
1984,6,23,NaN,NaN,NaN,NaN
1984,6,24,NaN,NaN,NaN,NaN
1984,6,25,NaN,NaN,NaN,NaN
1984,6,26,NaN,NaN,NaN,NaN
1984,6,27,NaN,NaN,NaN,NaN
1984,6,28,NaN,NaN,NaN,NaN
1984,6,29,NaN,NaN,NaN,NaN
1984,6,30,NaN,NaN,NaN,NaN
1984,7,1,NaN,NaN,NaN,NaN
1984,7,2,NaN,NaN,NaN,NaN
1984,7,3,NaN,NaN,NaN,NaN
1984,7,4,NaN,NaN,NaN,NaN
1984,7,5,NaN,NaN,NaN,NaN
1984,7,6,NaN,NaN,NaN,NaN
1984,7,7,NaN,NaN,NaN,NaN
1984,7,8,NaN,NaN,NaN,NaN
1984,7,9,NaN,NaN,NaN,NaN
1984,7,10,NaN,NaN,NaN,NaN
1984,7,11,NaN,NaN,NaN,NaN
1984,7,12,NaN,NaN,NaN,NaN
1984,7,13,NaN,NaN,NaN,NaN
1984,7,14,NaN,NaN,NaN,NaN
1984,7,15,NaN,NaN,NaN,NaN
1984,7,16,NaN,NaN,NaN,NaN
1984,7,17,NaN,NaN,NaN,NaN
1984,7,18,NaN,NaN,NaN,NaN
1984,7,19,NaN,NaN,NaN,NaN
1984,7,20,NaN,NaN,NaN,NaN
1984,7,21,NaN,NaN,NaN,NaN
1984,7,22,NaN,NaN,NaN,NaN
1984,7,23,NaN,NaN,NaN,NaN
1984,7,24,NaN,NaN,NaN,NaN
1984,7,25,NaN,NaN,NaN,NaN
1984,7,26,NaN,NaN,NaN,NaN
1984,7,27,NaN,NaN,NaN,NaN
1984,7,28,NaN,NaN,NaN,NaN
1984,7,29,NaN,NaN,NaN,NaN
1984,7,30,NaN,NaN,NaN,NaN
1984,7,31,NaN,NaN,NaN,NaN
1984,8,1,NaN,NaN,NaN,NaN
1984,8,2,NaN,NaN,NaN,NaN
1984,8,3,NaN,NaN,NaN,NaN
1984,8,4,NaN,NaN,NaN,NaN
1984,8,5,NaN,NaN,NaN,NaN
1984,8,6,NaN,NaN,NaN,NaN
1984,8,7,NaN,NaN,NaN,NaN
1984,8,8,NaN,NaN,NaN,NaN
1984,8,9,NaN,NaN,NaN,NaN
1984,8,10,NaN,NaN,NaN,NaN
1984,8,11,NaN,NaN,NaN,NaN
1984,8,12,NaN,NaN,NaN,NaN
1984,8,13,NaN,NaN,NaN,NaN
1984,8,14,NaN,NaN,NaN,NaN
1984,8,15,NaN,NaN,NaN,NaN
1984,8,16,NaN,NaN,NaN,NaN
1984,8,17,NaN,NaN,NaN,NaN
1984,8,18,NaN,NaN,NaN,NaN
1984,8,19,NaN,NaN,NaN,NaN
1984,8,20,NaN,NaN,NaN,NaN
1984,8,21,NaN,NaN,NaN,NaN
1984,8,22,NaN,NaN,NaN,NaN
1984,8,23,NaN,NaN,NaN,NaN
1984,8,24,NaN,NaN,NaN,NaN
1984,8,25,NaN,NaN,NaN,NaN
1984,8,26,NaN,NaN,NaN,NaN
1984,8,27,NaN,NaN,NaN,NaN
1984,8,28,NaN,NaN,NaN,NaN
1984,8,29,NaN,NaN,NaN,NaN
1984,8,30,NaN,NaN,NaN,NaN
1984,8,31,NaN,NaN,NaN,NaN
1984,9,1,NaN,NaN,NaN,NaN
1984,9,2,NaN,NaN,NaN,NaN
1984,9,3,NaN,NaN,NaN,NaN
1984,9,4,NaN,NaN,NaN,NaN
1984,9,5,NaN,NaN,NaN,NaN
1984,9,6,NaN,NaN,NaN,NaN
1984,9,7,NaN,NaN,NaN,NaN
1984,9,8,NaN,NaN,NaN,NaN
1984,9,9,NaN,NaN,NaN,NaN
1984,9,10,NaN,NaN,NaN,NaN
1984,9,11,NaN,NaN,NaN,NaN
1984,9,12,NaN,NaN,NaN,NaN
1984,9,13,NaN,NaN,NaN,NaN
1984,9,14,NaN,NaN,NaN,NaN
1984,9,15,NaN,NaN,NaN,NaN
1984,9,16,NaN,NaN,NaN,NaN
1984,9,17,NaN,NaN,NaN,NaN
1984,9,18,NaN,NaN,NaN,NaN
1984,9,19,NaN,NaN,NaN,NaN
1984,9,20,NaN,NaN,NaN,NaN
1984,9,21,NaN,NaN,NaN,NaN
1984,9,22,NaN,NaN,NaN,NaN
1984,9,23,NaN,NaN,NaN,NaN
1984,9,24,NaN,NaN,NaN,NaN
1984,9,25,NaN,NaN,NaN,NaN
1984,9,26,NaN,NaN,NaN,NaN
1984,9,27,NaN,NaN,NaN,NaN
1984,9,28,NaN,NaN,NaN,NaN
1984,9,29,NaN,NaN,NaN,NaN
1984,9,30,NaN,NaN,NaN,NaN
1984,10,1,NaN,NaN,NaN,NaN
1984,10,2,NaN,NaN,NaN,NaN
1984,10,3,NaN,NaN,NaN,NaN
1984,10,4,NaN,NaN,NaN,NaN
1984,10,5,NaN,NaN,NaN,NaN
1984,10,6,NaN,NaN,NaN,NaN
1984,10,7,NaN,NaN,NaN,NaN
1984,10,8,NaN,NaN,NaN,NaN
1984,10,9,NaN,NaN,NaN,NaN
1984,10,10,NaN,NaN,NaN,NaN
1984,10,11,NaN,NaN,NaN,NaN
1984,10,12,NaN,NaN,NaN,NaN
1984,10,13,NaN,NaN,NaN,NaN
1984,10,14,NaN,NaN,NaN,NaN
1984,10,15,NaN,NaN,NaN,NaN
1984,10,16,NaN,NaN,NaN,NaN
1984,10,17,NaN,NaN,NaN,NaN
1984,10,18,NaN,NaN,NaN,NaN
1984,10,19,NaN,NaN,NaN,NaN
1984,10,20,NaN,NaN,NaN,NaN
1984,10,21,NaN,NaN,NaN,NaN
1984,10,22,NaN,NaN,NaN,NaN
1984,10,23,NaN,NaN,NaN,NaN
1984,10,24,NaN,NaN,NaN,NaN
1984,10,25,NaN,NaN,NaN,NaN
1984,10,26,NaN,NaN,NaN,NaN
1984,10,27,NaN,NaN,NaN,NaN
1984,10,28,NaN,NaN,NaN,NaN
1984,10,29,NaN,NaN,NaN,NaN
1984,10,30,NaN,NaN,NaN,NaN
1984,10,31,NaN,NaN,NaN,NaN
1984,11,1,NaN,NaN,NaN,NaN
1984,11,2,NaN,NaN,NaN,NaN
1984,11,3,NaN,NaN,NaN,NaN
1984,11,4,NaN,NaN,NaN,NaN
1984,11,5,NaN,NaN,NaN,NaN
1984,11,6,NaN,NaN,NaN,NaN
1984,11,7,NaN,NaN,NaN,NaN
1984,11,8,NaN,NaN,NaN,NaN
1984,11,9,NaN,NaN,NaN,NaN
1984,11,10,NaN,NaN,NaN,NaN
1984,11,11,NaN,NaN,NaN,NaN
1984,11,12,NaN,NaN,NaN,NaN
1984,11,13,NaN,NaN,NaN,NaN
1984,11,14,NaN,NaN,NaN,NaN
1984,11,15,NaN,NaN,NaN,NaN
1984,11,16,NaN,NaN,NaN,NaN
1984,11,17,NaN,NaN,NaN,NaN
1984,11,18,NaN,NaN,NaN,NaN
1984,11,19,NaN,NaN,NaN,NaN
1984,11,20,NaN,NaN,NaN,NaN
1984,11,21,NaN,NaN,NaN,NaN
1984,11,22,NaN,NaN,NaN,NaN
1984,11,23,NaN,NaN,NaN,NaN
1984,11,24,NaN,NaN,NaN,NaN
1984,11,25,NaN,NaN,NaN,NaN
1984,11,26,NaN,NaN,NaN,NaN
1984,11,27,NaN,NaN,NaN,NaN
1984,11,28,NaN,NaN,NaN,NaN
1984,11,29,NaN,NaN,NaN,NaN
1984,11,30,NaN,NaN,NaN,NaN
1984,12,1,NaN,NaN,NaN,NaN
1984,12,2,NaN,NaN,NaN,NaN
1984,12,3,NaN,NaN,NaN,NaN
1984,12,4,NaN,NaN,NaN,NaN
1984,12,5,NaN,NaN,NaN,NaN
1984,12,6,NaN,NaN,NaN,NaN
1984,12,7,NaN,NaN,NaN,NaN
1984,12,8,NaN,NaN,NaN,NaN
1984,12,9,NaN,NaN,NaN,NaN
1984,12,10,NaN,NaN,NaN,NaN
1984,12,11,NaN,NaN,NaN,NaN
1984,12,12,NaN,NaN,NaN,NaN
1984,12,13,NaN,NaN,NaN,NaN
1984,12,14,NaN,NaN,NaN,NaN
1984,12,15,NaN,NaN,NaN,NaN
1984,12,16,NaN,NaN,NaN,NaN
1984,12,17,NaN,NaN,NaN,NaN
1984,12,18,NaN,NaN,NaN,NaN
1984,12,19,NaN,NaN,NaN,NaN
1984,12,20,NaN,NaN,NaN,NaN
1984,12,21,NaN,NaN,NaN,NaN
1984,12,22,NaN,NaN,NaN,NaN
1984,12,23,NaN,NaN,NaN,NaN
1984,12,24,NaN,NaN,NaN,NaN
1984,12,25,NaN,NaN,NaN,NaN
1984,12,26,NaN,NaN,NaN,NaN
1984,12,27,NaN,NaN,NaN,NaN
1984,12,28,NaN,NaN,NaN,NaN
1984,12,29,NaN,NaN,NaN,NaN
1984,12,30,NaN,NaN,NaN,NaN
1984,12,31,NaN,NaN,NaN,NaN
1985,1,1,NaN,NaN,NaN,NaN
1985,1,2,NaN,NaN,NaN,NaN
1985,1,3,NaN,NaN,NaN,NaN
1985,1,4,NaN,NaN,NaN,NaN
1985,1,5,NaN,NaN,NaN,NaN
1985,1,6,NaN,NaN,NaN,NaN
1985,1,7,NaN,NaN,NaN,NaN
1985,1,8,NaN,NaN,NaN,NaN
1985,1,9,NaN,NaN,NaN,NaN
1985,1,10,NaN,NaN,NaN,NaN
1985,1,11,NaN,NaN,NaN,NaN
1985,1,12,NaN,NaN,NaN,NaN
1985,1,13,NaN,NaN,NaN,NaN
1985,1,14,NaN,NaN,NaN,NaN
1985,1,15,NaN,NaN,NaN,NaN
1985,1,16,NaN,NaN,NaN,NaN
1985,1,17,NaN,NaN,NaN,NaN
1985,1,18,NaN,NaN,NaN,NaN
1985,1,19,NaN,NaN,NaN,NaN
1985,1,20,NaN,NaN,NaN,NaN
1985,1,21,NaN,NaN,NaN,NaN
1985,1,22,NaN,NaN,NaN,NaN
1985,1,23,NaN,NaN,NaN,NaN
1985,1,24,NaN,NaN,NaN,NaN
1985,1,25,NaN,NaN,NaN,NaN
1985,1,26,NaN,NaN,NaN,NaN
1985,1,27,NaN,NaN,NaN,NaN
1985,1,28,NaN,NaN,NaN,NaN
1985,1,29,NaN,NaN,NaN,NaN
1985,1,30,NaN,NaN,NaN,NaN
1985,1,31,NaN,NaN,NaN,NaN
1985,2,1,NaN,NaN,NaN,NaN
1985,2,2,NaN,NaN,NaN,NaN
1985,2,3,NaN,NaN,NaN,NaN
1985,2,4,NaN,NaN,NaN,NaN
1985,2,5,NaN,NaN,NaN,NaN
1985,2,6,NaN,NaN,NaN,NaN
1985,2,7,NaN,NaN,NaN,NaN
1985,2,8,NaN,NaN,NaN,NaN
1985,2,9,NaN,NaN,NaN,NaN
1985,2,10,NaN,NaN,NaN,NaN
1985,2,11,NaN,NaN,NaN,NaN
1985,2,12,NaN,NaN,NaN,NaN
1985,2,13,NaN,NaN,NaN,NaN
1985,2,14,NaN,NaN,NaN,NaN
1985,2,15,NaN,NaN,NaN,NaN
1985,2,16,NaN,NaN,NaN,NaN
1985,2,17,NaN,NaN,NaN,NaN
1985,2,18,NaN,NaN,NaN,NaN
1985,2,19,NaN,NaN,NaN,NaN
1985,2,20,NaN,NaN,NaN,NaN
1985,2,21,NaN,NaN,NaN,NaN
1985,2,22,NaN,NaN,NaN,NaN
1985,2,23,NaN,NaN,NaN,NaN
1985,2,24,NaN,NaN,NaN,NaN
1985,2,25,NaN,NaN,NaN,NaN
1985,2,26,NaN,NaN,NaN,NaN
1985,2,27,NaN,NaN,NaN,NaN
1985,2,28,NaN,NaN,NaN,NaN
1985,3,1,NaN,NaN,NaN,NaN
1985,3,2,NaN,NaN,NaN,NaN
1985,3,3,NaN,NaN,NaN,NaN
1985,3,4,NaN,NaN,NaN,NaN
1985,3,5,NaN,NaN,NaN,NaN
1985,3,6,NaN,NaN,NaN,NaN
1985,3,7,NaN,NaN,NaN,NaN
1985,3,8,NaN,NaN,NaN,NaN
1985,3,9,NaN,NaN,NaN,NaN
1985,3,10,NaN,NaN,NaN,NaN
1985,3,11,NaN,NaN,NaN,NaN
1985,3,12,NaN,NaN,NaN,NaN
1985,3,13,NaN,NaN,NaN,NaN
1985,3,14,NaN,NaN,NaN,NaN
1985,3,15,NaN,NaN,NaN,NaN
1985,3,16,NaN,NaN,NaN,NaN
1985,3,17,NaN,NaN,NaN,NaN
1985,3,18,NaN,NaN,NaN,NaN
1985,3,19,NaN,NaN,NaN,NaN
1985,3,20,NaN,NaN,NaN,NaN
1985,3,21,NaN,NaN,NaN,NaN
1985,3,22,NaN,NaN,NaN,NaN
1985,3,23,NaN,NaN,NaN,NaN
1985,3,24,NaN,NaN,NaN,NaN
1985,3,25,NaN,NaN,NaN,NaN
1985,3,26,NaN,NaN,NaN,NaN
1985,3,27,NaN,NaN,NaN,NaN
1985,3,28,NaN,NaN,NaN,NaN
1985,3,29,NaN,NaN,NaN,NaN
1985,3,30,NaN,NaN,NaN,NaN
1985,3,31,NaN,NaN,NaN,NaN
1985,4,1,NaN,NaN,NaN,NaN
1985,4,2,NaN,NaN,NaN,NaN
1985,4,3,NaN,NaN,NaN,NaN
1985,4,4,NaN,NaN,NaN,NaN
1985,4,5,NaN,NaN,NaN,NaN
1985,4,6,NaN,NaN,NaN,NaN
1985,4,7,NaN,NaN,NaN,NaN
1985,4,8,NaN,NaN,NaN,NaN
1985,4,9,NaN,NaN,NaN,NaN
1985,4,10,NaN,NaN,NaN,NaN
1985,4,11,NaN,NaN,NaN,NaN
1985,4,12,NaN,NaN,NaN,NaN
1985,4,13,NaN,NaN,NaN,NaN
1985,4,14,NaN,NaN,NaN,NaN
1985,4,15,NaN,NaN,NaN,NaN
1985,4,16,NaN,NaN,NaN,NaN
1985,4,17,NaN,NaN,NaN,NaN
1985,4,18,NaN,NaN,NaN,NaN
1985,4,19,NaN,NaN,NaN,NaN
1985,4,20,NaN,NaN,NaN,NaN
1985,4,21,NaN,NaN,NaN,NaN
1985,4,22,NaN,NaN,NaN,NaN
1985,4,23,NaN,NaN,NaN,NaN
1985,4,24,NaN,NaN,NaN,NaN
1985,4,25,NaN,NaN,NaN,NaN
1985,4,26,NaN,NaN,NaN,NaN
1985,4,27,NaN,NaN,NaN,NaN
1985,4,28,NaN,NaN,NaN,NaN
1985,4,29,NaN,NaN,NaN,NaN
1985,4,30,NaN,NaN,NaN,NaN
1985,5,1,NaN,NaN,NaN,NaN
1985,5,2,NaN,NaN,NaN,NaN
1985,5,3,NaN,NaN,NaN,NaN
1985,5,4,NaN,NaN,NaN,NaN
1985,5,5,NaN,NaN,NaN,NaN
1985,5,6,NaN,NaN,NaN,NaN
1985,5,7,NaN,NaN,NaN,NaN
1985,5,8,NaN,NaN,NaN,NaN
1985,5,9,NaN,NaN,NaN,NaN
1985,5,10,NaN,NaN,NaN,NaN
1985,5,11,NaN,NaN,NaN,NaN
1985,5,12,NaN,NaN,NaN,NaN
1985,5,13,NaN,NaN,NaN,NaN
1985,5,14,NaN,NaN,NaN,NaN
1985,5,15,NaN,NaN,NaN,NaN
1985,5,16,NaN,NaN,NaN,NaN
1985,5,17,NaN,NaN,NaN,NaN
1985,5,18,NaN,NaN,NaN,NaN
1985,5,19,NaN,NaN,NaN,NaN
1985,5,20,NaN,NaN,NaN,NaN
1985,5,21,NaN,NaN,NaN,NaN
1985,5,22,NaN,NaN,NaN,NaN
1985,5,23,NaN,NaN,NaN,NaN
1985,5,24,NaN,NaN,NaN,NaN
1985,5,25,NaN,NaN,NaN,NaN
1985,5,26,NaN,NaN,NaN,NaN
1985,5,27,NaN,NaN,NaN,NaN
1985,5,28,NaN,NaN,NaN,NaN
1985,5,29,NaN,NaN,NaN,NaN
1985,5,30,NaN,NaN,NaN,NaN
1985,5,31,NaN,NaN,NaN,NaN
1985,6,1,NaN,NaN,NaN,NaN
1985,6,2,NaN,NaN,NaN,NaN
1985,6,3,NaN,NaN,NaN,NaN
1985,6,4,NaN,NaN,NaN,NaN
1985,6,5,NaN,NaN,NaN,NaN
1985,6,6,NaN,NaN,NaN,NaN
1985,6,7,NaN,NaN,NaN,NaN
1985,6,8,NaN,NaN,NaN,NaN
1985,6,9,NaN,NaN,NaN,NaN
1985,6,10,NaN,NaN,NaN,NaN
1985,6,11,NaN,NaN,NaN,NaN
1985,6,12,NaN,NaN,NaN,NaN
1985,6,13,NaN,NaN,NaN,NaN
1985,6,14,NaN,NaN,NaN,NaN
1985,6,15,NaN,NaN,NaN,NaN
1985,6,16,NaN,NaN,NaN,NaN
1985,6,17,NaN,NaN,NaN,NaN
1985,6,18,NaN,NaN,NaN,NaN
1985,6,19,NaN,NaN,NaN,NaN
1985,6,20,NaN,NaN,NaN,NaN
1985,6,21,NaN,NaN,NaN,NaN
1985,6,22,NaN,NaN,NaN,NaN
1985,6,23,NaN,NaN,NaN,NaN
1985,6,24,NaN,NaN,NaN,NaN
1985,6,25,NaN,NaN,NaN,NaN
1985,6,26,NaN,NaN,NaN,NaN
1985,6,27,NaN,NaN,NaN,NaN
1985,6,28,NaN,NaN,NaN,NaN
1985,6,29,NaN,NaN,NaN,NaN
1985,6,30,NaN,NaN,NaN,NaN
1985,7,1,NaN,NaN,NaN,NaN
1985,7,2,NaN,NaN,NaN,NaN
1985,7,3,NaN,NaN,NaN,NaN
1985,7,4,NaN,NaN,NaN,NaN
1985,7,5,NaN,NaN,NaN,NaN
1985,7,6,NaN,NaN,NaN,NaN
1985,7,7,NaN,NaN,NaN,NaN
1985,7,8,NaN,NaN,NaN,NaN
1985,7,9,NaN,NaN,NaN,NaN
1985,7,10,NaN,NaN,NaN,NaN
1985,7,11,NaN,NaN,NaN,NaN
1985,7,12,NaN,NaN,NaN,NaN
1985,7,13,NaN,NaN,NaN,NaN
1985,7,14,NaN,NaN,NaN,NaN
1985,7,15,NaN,NaN,NaN,NaN
1985,7,16,NaN,NaN,NaN,NaN
1985,7,17,NaN,NaN,NaN,NaN
1985,7,18,NaN,NaN,NaN,NaN
1985,7,19,NaN,NaN,NaN,NaN
1985,7,20,NaN,NaN,NaN,NaN
1985,7,21,NaN,NaN,NaN,NaN
1985,7,22,NaN,NaN,NaN,NaN
1985,7,23,NaN,NaN,NaN,NaN
1985,7,24,NaN,NaN,NaN,NaN
1985,7,25,NaN,NaN,NaN,NaN
1985,7,26,NaN,NaN,NaN,NaN
1985,7,27,NaN,NaN,NaN,NaN
1985,7,28,NaN,NaN,NaN,NaN
1985,7,29,NaN,NaN,NaN,NaN
1985,7,30,NaN,NaN,NaN,NaN
1985,7,31,NaN,NaN,NaN,NaN
1985,8,1,NaN,NaN,NaN,NaN
1985,8,2,NaN,NaN,NaN,NaN
1985,8,3,NaN,NaN,NaN,NaN
1985,8,4,NaN,NaN,NaN,NaN
1985,8,5,NaN,NaN,NaN,NaN
1985,8,6,NaN,NaN,NaN,NaN
1985,8,7,NaN,NaN,NaN,NaN
1985,8,8,NaN,NaN,NaN,NaN
1985,8,9,NaN,NaN,NaN,NaN
1985,8,10,NaN,NaN,NaN,NaN
1985,8,11,NaN,NaN,NaN,NaN
1985,8,12,NaN,NaN,NaN,NaN
1985,8,13,NaN,NaN,NaN,NaN
1985,8,14,NaN,NaN,NaN,NaN
1985,8,15,NaN,NaN,NaN,NaN
1985,8,16,NaN,NaN,NaN,NaN
1985,8,17,NaN,NaN,NaN,NaN
1985,8,18,NaN,NaN,NaN,NaN
1985,8,19,NaN,NaN,NaN,NaN
1985,8,20,NaN,NaN,NaN,NaN
1985,8,21,NaN,NaN,NaN,NaN
1985,8,22,NaN,NaN,NaN,NaN
1985,8,23,NaN,NaN,NaN,NaN
1985,8,24,NaN,NaN,NaN,NaN
1985,8,25,NaN,NaN,NaN,NaN
1985,8,26,NaN,NaN,NaN,NaN
1985,8,27,NaN,NaN,NaN,NaN
1985,8,28,NaN,NaN,NaN,NaN
1985,8,29,NaN,NaN,NaN,NaN
1985,8,30,NaN,NaN,NaN,NaN
1985,8,31,NaN,NaN,NaN,NaN
1985,9,1,0.377,NaN,NaN,NaN
1985,9,2,0.345,NaN,NaN,NaN
1985,9,3,27.625,NaN,NaN,NaN
1985,9,4,27.391,NaN,NaN,NaN
1985,9,5,0.583,NaN,NaN,NaN
1985,9,6,0.428,NaN,NaN,NaN
1985,9,7,0.377,NaN,NaN,NaN
1985,9,8,0.346,NaN,NaN,NaN
1985,9,9,0.315,NaN,NaN,NaN
1985,9,10,0.275,NaN,NaN,NaN
1985,9,11,0.28,NaN,NaN,NaN
1985,9,12,0.342,NaN,NaN,NaN
1985,9,13,0.288,NaN,NaN,NaN
1985,9,14,0.259,NaN,NaN,NaN
1985,9,15,0.266,NaN,NaN,NaN
1985,9,16,0.299,NaN,NaN,NaN
1985,9,17,3.806,NaN,NaN,NaN
1985,9,18,3.377,NaN,NaN,NaN
1985,9,19,3.467,NaN,NaN,NaN
1985,9,20,1.601,NaN,NaN,NaN
1985,9,21,0.513,NaN,NaN,NaN
1985,9,22,0.443,NaN,NaN,NaN
1985,9,23,0.473,NaN,NaN,NaN
1985,9,24,0.432,NaN,NaN,NaN
1985,9,25,0.415,NaN,NaN,NaN
1985,9,26,1.104,NaN,NaN,NaN
1985,9,27,0.618,NaN,NaN,NaN
1985,9,28,0.465,NaN,NaN,NaN
1985,9,29,0.413,NaN,NaN,NaN
1985,9,30,0.406,NaN,NaN,NaN
1985,10,1,0.392,NaN,NaN,NaN
1985,10,2,0.389,NaN,NaN,NaN
1985,10,3,0.559,NaN,NaN,NaN
1985,10,4,1.11,NaN,NaN,NaN
1985,10,5,0.569,NaN,NaN,NaN
1985,10,6,0.403,NaN,NaN,NaN
1985,10,7,0.399,NaN,NaN,NaN
1985,10,8,0.386,NaN,NaN,NaN
1985,10,9,0.38,NaN,NaN,NaN
1985,10,10,0.371,NaN,NaN,NaN
1985,10,11,0.365,NaN,NaN,NaN
1985,10,12,0.412,NaN,NaN,NaN
1985,10,13,0.373,NaN,NaN,NaN
1985,10,14,0.381,NaN,NaN,NaN
1985,10,15,0.348,NaN,NaN,NaN
1985,10,16,2.268,NaN,NaN,NaN
1985,10,17,1.659,NaN,NaN,NaN
1985,10,18,1.962,NaN,NaN,NaN
1985,10,19,9.454,NaN,NaN,NaN
1985,10,20,1.212,NaN,NaN,NaN
1985,10,21,1.094,NaN,NaN,NaN
1985,10,22,0.57,NaN,NaN,NaN
1985,10,23,0.542,NaN,NaN,NaN
1985,10,24,0.459,NaN,NaN,NaN
1985,10,25,0.743,NaN,NaN,NaN
1985,10,26,0.589,NaN,NaN,NaN
1985,10,27,0.462,NaN,NaN,NaN
1985,10,28,0.427,NaN,NaN,NaN
1985,10,29,0.414,NaN,NaN,NaN
1985,10,30,0.398,NaN,NaN,NaN
1985,10,31,0.381,NaN,NaN,NaN
1985,11,1,0.477,NaN,NaN,NaN
1985,11,2,0.509,NaN,NaN,NaN
1985,11,3,0.465,NaN,NaN,NaN
1985,11,4,0.386,NaN,NaN,NaN
1985,11,5,0.368,NaN,NaN,NaN
1985,11,6,0.36,NaN,NaN,NaN
1985,11,7,0.352,NaN,NaN,NaN
1985,11,8,0.349,NaN,NaN,NaN
1985,11,9,0.347,NaN,NaN,NaN
1985,11,10,0.346,NaN,NaN,NaN
1985,11,11,0.353,NaN,NaN,NaN
1985,11,12,0.349,NaN,NaN,NaN
1985,11,13,0.348,NaN,NaN,NaN
1985,11,14,0.387,NaN,NaN,NaN
1985,11,15,0.346,NaN,NaN,NaN
1985,11,16,0.342,NaN,NaN,NaN
1985,11,17,0.342,NaN,NaN,NaN
1985,11,18,0.341,NaN,NaN,NaN
1985,11,19,0.357,NaN,NaN,NaN
1985,11,20,0.833,NaN,NaN,NaN
1985,11,21,0.341,NaN,NaN,NaN
1985,11,22,0.34,NaN,NaN,NaN
1985,11,23,0.923,NaN,NaN,NaN
1985,11,24,0.571,NaN,NaN,NaN
1985,11,25,2.924,NaN,NaN,NaN
1985,11,26,1.6,NaN,NaN,NaN
1985,11,27,0.63,NaN,NaN,NaN
1985,11,28,0.419,NaN,NaN,NaN
1985,11,29,0.387,NaN,NaN,NaN
1985,11,30,0.381,NaN,NaN,NaN
1985,12,1,0.377,NaN,NaN,NaN
1985,12,2,16.003,NaN,NaN,NaN
1985,12,3,3.588,NaN,NaN,NaN
1985,12,4,0.455,NaN,NaN,NaN
1985,12,5,0.307,NaN,NaN,NaN
1985,12,6,0.405,NaN,NaN,NaN
1985,12,7,0.24,NaN,NaN,NaN
1985,12,8,0.225,NaN,NaN,NaN
1985,12,9,0.508,NaN,NaN,NaN
1985,12,10,0.262,NaN,NaN,NaN
1985,12,11,0.198,NaN,NaN,NaN
1985,12,12,0.18,NaN,NaN,NaN
1985,12,13,0.18,NaN,NaN,NaN
1985,12,14,0.169,NaN,NaN,NaN
1985,12,15,0.166,NaN,NaN,NaN
1985,12,16,0.163,NaN,NaN,NaN
1985,12,17,0.161,NaN,NaN,NaN
1985,12,18,0.161,NaN,NaN,NaN
1985,12,19,0.158,NaN,NaN,NaN
1985,12,20,0.155,NaN,NaN,NaN
1985,12,21,0.361,NaN,NaN,NaN
1985,12,22,0.205,NaN,NaN,NaN
1985,12,23,0.224,NaN,NaN,NaN
1985,12,24,0.297,NaN,NaN,NaN
1985,12,25,1.424,NaN,NaN,NaN
1985,12,26,0.171,NaN,NaN,NaN
1985,12,27,0.149,NaN,NaN,NaN
1985,12,28,0.159,NaN,NaN,NaN
1985,12,29,2.208,NaN,NaN,NaN
1985,12,30,0.221,NaN,NaN,NaN
1985,12,31,0.157,NaN,NaN,NaN
1986,1,1,0.142,NaN,NaN,NaN
1986,1,2,0.137,NaN,NaN,NaN
1986,1,3,0.178,NaN,NaN,NaN
1986,1,4,1.135,NaN,NaN,NaN
1986,1,5,3.068,NaN,NaN,NaN
1986,1,6,0.256,NaN,NaN,NaN
1986,1,7,0.222,NaN,NaN,NaN
1986,1,8,0.216,NaN,NaN,NaN
1986,1,9,0.845,NaN,NaN,NaN
1986,1,10,0.224,NaN,NaN,NaN
1986,1,11,0.214,NaN,NaN,NaN
1986,1,12,0.211,NaN,NaN,NaN
1986,1,13,2.941,NaN,NaN,NaN
1986,1,14,0.456,NaN,NaN,NaN
1986,1,15,0.209,NaN,NaN,NaN
1986,1,16,0.206,NaN,NaN,NaN
1986,1,17,0.201,NaN,NaN,NaN
1986,1,18,0.198,NaN,NaN,NaN
1986,1,19,0.193,NaN,NaN,NaN
1986,1,20,0.192,NaN,NaN,NaN
1986,1,21,0.191,NaN,NaN,NaN
1986,1,22,0.323,NaN,NaN,NaN
1986,1,23,0.204,NaN,NaN,NaN
1986,1,24,0.211,NaN,NaN,NaN
1986,1,25,2.922,NaN,NaN,NaN
1986,1,26,0.485,NaN,NaN,NaN
1986,1,27,0.221,NaN,NaN,NaN
1986,1,28,0.204,NaN,NaN,NaN
1986,1,29,0.196,NaN,NaN,NaN
1986,1,30,0.193,NaN,NaN,NaN
1986,1,31,0.19,NaN,NaN,NaN
1986,2,1,3.637,NaN,NaN,NaN
1986,2,2,2.678,NaN,NaN,NaN
1986,2,3,0.299,NaN,NaN,NaN
1986,2,4,0.232,NaN,NaN,NaN
1986,2,5,0.216,NaN,NaN,NaN
1986,2,6,0.802,NaN,NaN,NaN
1986,2,7,0.284,NaN,NaN,NaN
1986,2,8,0.213,NaN,NaN,NaN
1986,2,9,0.204,NaN,NaN,NaN
1986,2,10,0.194,NaN,NaN,NaN
1986,2,11,0.191,NaN,NaN,NaN
1986,2,12,0.187,NaN,NaN,NaN
1986,2,13,0.188,NaN,NaN,NaN
1986,2,14,0.189,NaN,NaN,NaN
1986,2,15,0.197,NaN,NaN,NaN
1986,2,16,0.221,NaN,NaN,NaN
1986,2,17,0.313,NaN,NaN,NaN
1986,2,18,0.194,NaN,NaN,NaN
1986,2,19,0.195,NaN,NaN,NaN
1986,2,20,0.2,NaN,NaN,NaN
1986,2,21,0.203,NaN,NaN,NaN
1986,2,22,0.203,NaN,NaN,NaN
1986,2,23,0.206,NaN,NaN,NaN
1986,2,24,3.826,NaN,NaN,NaN
1986,2,25,1.122,NaN,NaN,NaN
1986,2,26,0.237,NaN,NaN,NaN
1986,2,27,0.227,NaN,NaN,NaN
1986,2,28,6.143,NaN,NaN,NaN
1986,3,1,2.215,NaN,NaN,NaN
1986,3,2,0.725,NaN,NaN,NaN
1986,3,3,0.303,NaN,NaN,NaN
1986,3,4,0.799,NaN,NaN,NaN
1986,3,5,0.279,NaN,NaN,NaN
1986,3,6,0.262,NaN,NaN,NaN
1986,3,7,0.257,NaN,NaN,NaN
1986,3,8,0.259,NaN,NaN,NaN
1986,3,9,0.259,NaN,NaN,NaN
1986,3,10,0.259,NaN,NaN,NaN
1986,3,11,0.26,NaN,NaN,NaN
1986,3,12,0.262,NaN,NaN,NaN
1986,3,13,0.26,NaN,NaN,NaN
1986,3,14,0.258,NaN,NaN,NaN
1986,3,15,0.252,NaN,NaN,NaN
1986,3,16,0.249,NaN,NaN,NaN
1986,3,17,0.248,NaN,NaN,NaN
1986,3,18,0.246,NaN,NaN,NaN
1986,3,19,0.244,NaN,NaN,NaN
1986,3,20,0.241,NaN,NaN,NaN
1986,3,21,0.239,NaN,NaN,NaN
1986,3,22,0.242,NaN,NaN,NaN
1986,3,23,0.24,NaN,NaN,NaN
1986,3,24,0.237,NaN,NaN,NaN
1986,3,25,0.235,NaN,NaN,NaN
1986,3,26,0.234,NaN,NaN,NaN
1986,3,27,0.232,NaN,NaN,NaN
1986,3,28,0.232,NaN,NaN,NaN
1986,3,29,0.278,NaN,NaN,NaN
1986,3,30,0.245,NaN,NaN,NaN
1986,3,31,0.23,NaN,NaN,NaN
1986,4,1,0.231,NaN,NaN,NaN
1986,4,2,0.238,NaN,NaN,NaN
1986,4,3,0.273,NaN,NaN,NaN
1986,4,4,0.232,NaN,NaN,NaN
1986,4,5,0.225,NaN,NaN,NaN
1986,4,6,0.22,NaN,NaN,NaN
1986,4,7,0.224,NaN,NaN,NaN
1986,4,8,0.219,NaN,NaN,NaN
1986,4,9,0.217,NaN,NaN,NaN
1986,4,10,0.217,NaN,NaN,NaN
1986,4,11,0.216,NaN,NaN,NaN
1986,4,12,0.216,NaN,NaN,NaN
1986,4,13,0.218,NaN,NaN,NaN
1986,4,14,0.229,NaN,NaN,NaN
1986,4,15,0.221,NaN,NaN,NaN
1986,4,16,0.213,NaN,NaN,NaN
1986,4,17,0.211,NaN,NaN,NaN
1986,4,18,0.211,NaN,NaN,NaN
1986,4,19,0.211,NaN,NaN,NaN
1986,4,20,0.213,NaN,NaN,NaN
1986,4,21,0.213,NaN,NaN,NaN
1986,4,22,0.212,NaN,NaN,NaN
1986,4,23,0.215,NaN,NaN,NaN
1986,4,24,0.209,NaN,NaN,NaN
1986,4,25,0.21,NaN,NaN,NaN
1986,4,26,0.211,NaN,NaN,NaN
1986,4,27,0.242,NaN,NaN,NaN
1986,4,28,0.886,NaN,NaN,NaN
1986,4,29,0.455,NaN,NaN,NaN
1986,4,30,0.233,NaN,NaN,NaN
1986,5,1,0.212,NaN,NaN,NaN
1986,5,2,0.209,NaN,NaN,NaN
1986,5,3,0.213,NaN,NaN,NaN
1986,5,4,0.211,NaN,NaN,NaN
1986,5,5,0.275,NaN,NaN,NaN
1986,5,6,0.224,NaN,NaN,NaN
1986,5,7,0.215,NaN,NaN,NaN
1986,5,8,0.206,NaN,NaN,NaN
1986,5,9,0.219,NaN,NaN,NaN
1986,5,10,0.218,NaN,NaN,NaN
1986,5,11,0.205,NaN,NaN,NaN
1986,5,12,0.204,NaN,NaN,NaN
1986,5,13,0.203,NaN,NaN,NaN
1986,5,14,0.202,NaN,NaN,NaN
1986,5,15,0.212,NaN,NaN,NaN
1986,5,16,0.202,NaN,NaN,NaN
1986,5,17,0.281,NaN,NaN,NaN
1986,5,18,0.361,NaN,NaN,NaN
1986,5,19,0.211,NaN,NaN,NaN
1986,5,20,0.847,NaN,NaN,NaN
1986,5,21,0.338,NaN,NaN,NaN
1986,5,22,0.254,NaN,NaN,NaN
1986,5,23,0.223,NaN,NaN,NaN
1986,5,24,0.209,NaN,NaN,NaN
1986,5,25,0.704,NaN,NaN,NaN
1986,5,26,2.594,NaN,NaN,NaN
1986,5,27,0.499,NaN,NaN,NaN
1986,5,28,0.279,NaN,NaN,NaN
1986,5,29,0.236,NaN,NaN,NaN
1986,5,30,0.222,NaN,NaN,NaN
1986,5,31,0.227,NaN,NaN,NaN
1986,6,1,0.213,NaN,NaN,NaN
1986,6,2,0.232,NaN,NaN,NaN
1986,6,3,0.215,NaN,NaN,NaN
1986,6,4,0.206,NaN,NaN,NaN
1986,6,5,0.211,NaN,NaN,NaN
1986,6,6,0.206,NaN,NaN,NaN
1986,6,7,0.203,NaN,NaN,NaN
1986,6,8,0.214,NaN,NaN,NaN
1986,6,9,0.222,NaN,NaN,NaN
1986,6,10,0.447,NaN,NaN,NaN
1986,6,11,0.218,NaN,NaN,NaN
1986,6,12,0.209,NaN,NaN,NaN
1986,6,13,0.207,NaN,NaN,NaN
1986,6,14,0.204,NaN,NaN,NaN
1986,6,15,0.203,NaN,NaN,NaN
1986,6,16,0.202,NaN,NaN,NaN
1986,6,17,0.201,NaN,NaN,NaN
1986,6,18,0.2,NaN,NaN,NaN
1986,6,19,0.281,NaN,NaN,NaN
1986,6,20,0.308,NaN,NaN,NaN
1986,6,21,0.344,NaN,NaN,NaN
1986,6,22,0.249,NaN,NaN,NaN
1986,6,23,0.223,NaN,NaN,NaN
1986,6,24,0.215,NaN,NaN,NaN
1986,6,25,0.6,NaN,NaN,NaN
1986,6,26,0.245,NaN,NaN,NaN
1986,6,27,0.238,NaN,NaN,NaN
1986,6,28,0.297,NaN,NaN,NaN
1986,6,29,0.271,NaN,NaN,NaN
1986,6,30,0.222,NaN,NaN,NaN
1986,7,1,0.227,NaN,NaN,NaN
1986,7,2,0.224,NaN,NaN,NaN
1986,7,3,0.209,NaN,NaN,NaN
1986,7,4,0.204,NaN,NaN,NaN
1986,7,5,0.201,NaN,NaN,NaN
1986,7,6,0.315,NaN,NaN,NaN
1986,7,7,0.326,NaN,NaN,NaN
1986,7,8,0.583,NaN,NaN,NaN
1986,7,9,0.234,NaN,NaN,NaN
1986,7,10,0.391,NaN,NaN,NaN
1986,7,11,0.559,NaN,NaN,NaN
1986,7,12,0.292,NaN,NaN,NaN
1986,7,13,0.241,NaN,NaN,NaN
1986,7,14,0.293,NaN,NaN,NaN
1986,7,15,0.211,NaN,NaN,NaN
1986,7,16,0.202,NaN,NaN,NaN
1986,7,17,0.193,NaN,NaN,NaN
1986,7,18,0.186,NaN,NaN,NaN
1986,7,19,0.195,NaN,NaN,NaN
1986,7,20,0.252,NaN,NaN,NaN
1986,7,21,0.199,NaN,NaN,NaN
1986,7,22,0.184,NaN,NaN,NaN
1986,7,23,0.174,NaN,NaN,NaN
1986,7,24,0.169,NaN,NaN,NaN
1986,7,25,0.178,NaN,NaN,NaN
1986,7,26,1.918,NaN,NaN,NaN
1986,7,27,0.409,NaN,NaN,NaN
1986,7,28,0.246,NaN,NaN,NaN
1986,7,29,0.213,NaN,NaN,NaN
1986,7,30,0.225,NaN,NaN,NaN
1986,7,31,0.175,NaN,NaN,NaN
1986,8,1,0.173,NaN,NaN,NaN
1986,8,2,0.211,NaN,NaN,NaN
1986,8,3,0.178,NaN,NaN,NaN
1986,8,4,0.176,NaN,NaN,NaN
1986,8,5,0.274,NaN,NaN,NaN
1986,8,6,0.193,NaN,NaN,NaN
1986,8,7,0.184,NaN,NaN,NaN
1986,8,8,1.639,NaN,NaN,NaN
1986,8,9,5.638,NaN,NaN,NaN
1986,8,10,0.429,NaN,NaN,NaN
1986,8,11,0.413,NaN,NaN,NaN
1986,8,12,0.427,NaN,NaN,NaN
1986,8,13,2.56,NaN,NaN,NaN
1986,8,14,0.335,NaN,NaN,NaN
1986,8,15,0.253,NaN,NaN,NaN
1986,8,16,0.235,NaN,NaN,NaN
1986,8,17,0.226,NaN,NaN,NaN
1986,8,18,0.22,NaN,NaN,NaN
1986,8,19,0.217,NaN,NaN,NaN
1986,8,20,0.37,NaN,NaN,NaN
1986,8,21,2.652,NaN,NaN,NaN
1986,8,22,0.327,NaN,NaN,NaN
1986,8,23,0.274,NaN,NaN,NaN
1986,8,24,0.307,NaN,NaN,NaN
1986,8,25,0.256,NaN,NaN,NaN
1986,8,26,0.304,NaN,NaN,NaN
1986,8,27,0.282,NaN,NaN,NaN
1986,8,28,0.293,NaN,NaN,NaN
1986,8,29,0.264,NaN,NaN,NaN
1986,8,30,0.29,NaN,NaN,NaN
1986,8,31,0.261,NaN,NaN,NaN
1986,9,1,0.383,NaN,NaN,NaN
1986,9,2,0.437,NaN,NaN,NaN
1986,9,3,0.294,NaN,NaN,NaN
1986,9,4,0.326,NaN,NaN,NaN
1986,9,5,0.247,NaN,NaN,NaN
1986,9,6,0.236,NaN,NaN,NaN
1986,9,7,0.23,NaN,NaN,NaN
1986,9,8,0.273,NaN,NaN,NaN
1986,9,9,0.256,NaN,NaN,NaN
1986,9,10,0.261,NaN,NaN,NaN
1986,9,11,0.221,NaN,NaN,NaN
1986,9,12,0.217,NaN,NaN,NaN
1986,9,13,0.217,NaN,NaN,NaN
1986,9,14,0.211,NaN,NaN,NaN
1986,9,15,0.309,NaN,NaN,NaN
1986,9,16,0.28,NaN,NaN,NaN
1986,9,17,0.237,NaN,NaN,NaN
1986,9,18,0.223,NaN,NaN,NaN
1986,9,19,3.906,NaN,NaN,NaN
1986,9,20,19.499,NaN,NaN,NaN
1986,9,21,2.318,NaN,NaN,NaN
1986,9,22,0.487,NaN,NaN,NaN
1986,9,23,0.351,NaN,NaN,NaN
1986,9,24,0.282,NaN,NaN,NaN
1986,9,25,0.251,NaN,NaN,NaN
1986,9,26,0.23,NaN,NaN,NaN
1986,9,27,0.211,NaN,NaN,NaN
1986,9,28,0.192,NaN,NaN,NaN
1986,9,29,0.195,NaN,NaN,NaN
1986,9,30,0.173,NaN,NaN,NaN
1986,10,1,0.168,NaN,NaN,NaN
1986,10,2,0.167,NaN,NaN,NaN
1986,10,3,0.162,NaN,NaN,NaN
1986,10,4,0.161,NaN,NaN,NaN
1986,10,5,0.21,NaN,NaN,NaN
1986,10,6,0.152,NaN,NaN,NaN
1986,10,7,0.147,NaN,NaN,NaN
1986,10,8,0.151,NaN,NaN,NaN
1986,10,9,0.15,NaN,NaN,NaN
1986,10,10,0.231,NaN,NaN,NaN
1986,10,11,0.181,NaN,NaN,NaN
1986,10,12,0.134,NaN,NaN,NaN
1986,10,13,0.14,NaN,NaN,NaN
1986,10,14,0.128,NaN,NaN,NaN
1986,10,15,0.124,NaN,NaN,NaN
1986,10,16,0.734,NaN,NaN,NaN
1986,10,17,0.252,NaN,NaN,NaN
1986,10,18,0.158,NaN,NaN,NaN
1986,10,19,0.107,NaN,NaN,NaN
1986,10,20,0.106,NaN,NaN,NaN
1986,10,21,0.399,NaN,NaN,NaN
1986,10,22,0.132,NaN,NaN,NaN
1986,10,23,0.106,NaN,NaN,NaN
1986,10,24,0.248,NaN,NaN,NaN
1986,10,25,0.382,NaN,NaN,NaN
1986,10,26,0.152,NaN,NaN,NaN
1986,10,27,0.117,NaN,NaN,NaN
1986,10,28,0.105,NaN,NaN,NaN
1986,10,29,0.098,NaN,NaN,NaN
1986,10,30,0.096,NaN,NaN,NaN
1986,10,31,0.092,NaN,NaN,NaN
1986,11,1,0.089,NaN,NaN,NaN
1986,11,2,0.093,NaN,NaN,NaN
1986,11,3,0.109,NaN,NaN,NaN
1986,11,4,0.086,NaN,NaN,NaN
1986,11,5,0.084,NaN,NaN,NaN
1986,11,6,0.093,NaN,NaN,NaN
1986,11,7,0.08,NaN,NaN,NaN
1986,11,8,0.079,NaN,NaN,NaN
1986,11,9,0.079,NaN,NaN,NaN
1986,11,10,0.153,NaN,NaN,NaN
1986,11,11,0.075,NaN,NaN,NaN
1986,11,12,0.119,NaN,NaN,NaN
1986,11,13,0.075,NaN,NaN,NaN
1986,11,14,0.086,NaN,NaN,NaN
1986,11,15,0.068,NaN,NaN,NaN
1986,11,16,0.151,NaN,NaN,NaN
1986,11,17,0.08,NaN,NaN,NaN
1986,11,18,0.067,NaN,NaN,NaN
1986,11,19,0.063,NaN,NaN,NaN
1986,11,20,0.062,NaN,NaN,NaN
1986,11,21,0.056,NaN,NaN,NaN
1986,11,22,0.056,NaN,NaN,NaN
1986,11,23,0.057,NaN,NaN,NaN
1986,11,24,0.062,NaN,NaN,NaN
1986,11,25,0.1,NaN,NaN,NaN
1986,11,26,0.083,NaN,NaN,NaN
1986,11,27,0.075,NaN,NaN,NaN
1986,11,28,0.057,NaN,NaN,NaN
1986,11,29,0.065,NaN,NaN,NaN
1986,11,30,0.198,NaN,NaN,NaN
1986,12,1,0.087,NaN,NaN,NaN
1986,12,2,0.457,NaN,NaN,NaN
1986,12,3,1.649,NaN,NaN,NaN
1986,12,4,0.287,NaN,NaN,NaN
1986,12,5,0.08,NaN,NaN,NaN
1986,12,6,0.388,NaN,NaN,NaN
1986,12,7,0.42,NaN,NaN,NaN
1986,12,8,0.08,NaN,NaN,NaN
1986,12,9,0.067,NaN,NaN,NaN
1986,12,10,0.066,NaN,NaN,NaN
1986,12,11,0.075,NaN,NaN,NaN
1986,12,12,0.176,NaN,NaN,NaN
1986,12,13,0.061,NaN,NaN,NaN
1986,12,14,0.059,NaN,NaN,NaN
1986,12,15,0.059,NaN,NaN,NaN
1986,12,16,0.061,NaN,NaN,NaN
1986,12,17,0.059,NaN,NaN,NaN
1986,12,18,0.061,NaN,NaN,NaN
1986,12,19,0.06,NaN,NaN,NaN
1986,12,20,0.076,NaN,NaN,NaN
1986,12,21,1.146,NaN,NaN,NaN
1986,12,22,0.251,NaN,NaN,NaN
1986,12,23,0.088,NaN,NaN,NaN
1986,12,24,0.077,NaN,NaN,NaN
1986,12,25,0.082,NaN,NaN,NaN
1986,12,26,0.075,NaN,NaN,NaN
1986,12,27,0.07,NaN,NaN,NaN
1986,12,28,0.08,NaN,NaN,NaN
1986,12,29,0.07,NaN,NaN,NaN
1986,12,30,0.069,NaN,NaN,NaN
1986,12,31,0.065,NaN,NaN,NaN
1987,1,1,0.067,NaN,NaN,NaN
1987,1,2,0.068,NaN,NaN,NaN
1987,1,3,0.064,NaN,NaN,NaN
1987,1,4,0.063,NaN,NaN,NaN
1987,1,5,0.059,NaN,NaN,NaN
1987,1,6,0.054,NaN,NaN,NaN
1987,1,7,0.254,NaN,NaN,NaN
1987,1,8,1.011,NaN,NaN,NaN
1987,1,9,0.376,NaN,NaN,NaN
1987,1,10,0.097,NaN,NaN,NaN
1987,1,11,0.086,NaN,NaN,NaN
1987,1,12,0.071,NaN,NaN,NaN
1987,1,13,0.066,NaN,NaN,NaN
1987,1,14,0.077,NaN,NaN,NaN
1987,1,15,0.064,NaN,NaN,NaN
1987,1,16,0.063,NaN,NaN,NaN
1987,1,17,0.064,NaN,NaN,NaN
1987,1,18,0.06,NaN,NaN,NaN
1987,1,19,0.108,NaN,NaN,NaN
1987,1,20,0.102,NaN,NaN,NaN
1987,1,21,0.064,NaN,NaN,NaN
1987,1,22,0.165,NaN,NaN,NaN
1987,1,23,0.187,NaN,NaN,NaN
1987,1,24,0.204,NaN,NaN,NaN
1987,1,25,0.264,NaN,NaN,NaN
1987,1,26,0.096,NaN,NaN,NaN
1987,1,27,0.104,NaN,NaN,NaN
1987,1,28,0.094,NaN,NaN,NaN
1987,1,29,0.075,NaN,NaN,NaN
1987,1,30,0.077,NaN,NaN,NaN
1987,1,31,0.073,NaN,NaN,NaN
1987,2,1,0.071,NaN,NaN,NaN
1987,2,2,0.084,NaN,NaN,NaN
1987,2,3,0.071,NaN,NaN,NaN
1987,2,4,0.043,NaN,NaN,NaN
1987,2,5,0.037,NaN,NaN,NaN
1987,2,6,0.036,NaN,NaN,NaN
1987,2,7,0.064,NaN,NaN,NaN
1987,2,8,0.07,NaN,NaN,NaN
1987,2,9,0.074,NaN,NaN,NaN
1987,2,10,0.071,NaN,NaN,NaN
1987,2,11,0.069,NaN,NaN,NaN
1987,2,12,0.068,NaN,NaN,NaN
1987,2,13,0.074,NaN,NaN,NaN
1987,2,14,0.081,NaN,NaN,NaN
1987,2,15,0.099,NaN,NaN,NaN
1987,2,16,0.056,NaN,NaN,NaN
1987,2,17,0.349,NaN,NaN,NaN
1987,2,18,0.273,NaN,NaN,NaN
1987,2,19,0.097,NaN,NaN,NaN
1987,2,20,0.081,NaN,NaN,NaN
1987,2,21,0.063,NaN,NaN,NaN
1987,2,22,0.072,NaN,NaN,NaN
1987,2,23,0.074,NaN,NaN,NaN
1987,2,24,0.084,NaN,NaN,NaN
1987,2,25,0.201,NaN,NaN,NaN
1987,2,26,0.191,NaN,NaN,NaN
1987,2,27,0.08,NaN,NaN,NaN
1987,2,28,0.092,NaN,NaN,NaN
1987,3,1,0.092,NaN,NaN,NaN
1987,3,2,0.161,NaN,NaN,NaN
1987,3,3,0.174,NaN,NaN,NaN
1987,3,4,0.137,NaN,NaN,NaN
1987,3,5,0.114,NaN,NaN,NaN
1987,3,6,0.103,NaN,NaN,NaN
1987,3,7,0.317,NaN,NaN,NaN
1987,3,8,0.276,NaN,NaN,NaN
1987,3,9,0.332,NaN,NaN,NaN
1987,3,10,1.145,NaN,NaN,NaN
1987,3,11,0.148,NaN,NaN,NaN
1987,3,12,0.131,NaN,NaN,NaN
1987,3,13,0.116,NaN,NaN,NaN
1987,3,14,0.112,NaN,NaN,NaN
1987,3,15,0.114,NaN,NaN,NaN
1987,3,16,0.112,NaN,NaN,NaN
1987,3,17,0.105,NaN,NaN,NaN
1987,3,18,0.085,NaN,NaN,NaN
1987,3,19,0.477,NaN,NaN,NaN
1987,3,20,0.801,NaN,NaN,NaN
1987,3,21,0.707,NaN,NaN,NaN
1987,3,22,0.187,NaN,NaN,NaN
1987,3,23,0.361,NaN,NaN,NaN
1987,3,24,0.249,NaN,NaN,NaN
1987,3,25,0.125,NaN,NaN,NaN
1987,3,26,0.258,NaN,NaN,NaN
1987,3,27,0.147,NaN,NaN,NaN
1987,3,28,0.106,NaN,NaN,NaN
1987,3,29,0.09,NaN,NaN,NaN
1987,3,30,0.089,NaN,NaN,NaN
1987,3,31,0.085,NaN,NaN,NaN
1987,4,1,2.237,NaN,NaN,NaN
1987,4,2,0.258,NaN,NaN,NaN
1987,4,3,0.088,NaN,NaN,NaN
1987,4,4,0.104,NaN,NaN,NaN
1987,4,5,0.32,NaN,NaN,NaN
1987,4,6,0.221,NaN,NaN,NaN
1987,4,7,0.066,NaN,NaN,NaN
1987,4,8,0.059,NaN,NaN,NaN
1987,4,9,0.058,NaN,NaN,NaN
1987,4,10,0.226,NaN,NaN,NaN
1987,4,11,0.608,NaN,NaN,NaN
1987,4,12,0.339,NaN,NaN,NaN
1987,4,13,0.408,NaN,NaN,NaN
1987,4,14,0.192,NaN,NaN,NaN
1987,4,15,0.136,NaN,NaN,NaN
1987,4,16,0.119,NaN,NaN,NaN
1987,4,17,0.11,NaN,NaN,NaN
1987,4,18,0.103,NaN,NaN,NaN
1987,4,19,0.28,NaN,NaN,NaN
1987,4,20,0.486,NaN,NaN,NaN
1987,4,21,1.775,NaN,NaN,NaN
1987,4,22,0.616,NaN,NaN,NaN
1987,4,23,0.172,NaN,NaN,NaN
1987,4,24,0.144,NaN,NaN,NaN
1987,4,25,0.102,NaN,NaN,NaN
1987,4,26,0.072,NaN,NaN,NaN
1987,4,27,0.068,NaN,NaN,NaN
1987,4,28,0.059,NaN,NaN,NaN
1987,4,29,0.055,NaN,NaN,NaN
1987,4,30,0.054,NaN,NaN,NaN
1987,5,1,0.364,NaN,NaN,NaN
1987,5,2,0.069,NaN,NaN,NaN
1987,5,3,0.048,NaN,NaN,NaN
1987,5,4,0.048,NaN,NaN,NaN
1987,5,5,0.049,NaN,NaN,NaN
1987,5,6,0.049,NaN,NaN,NaN
1987,5,7,0.055,NaN,NaN,NaN
1987,5,8,0.046,NaN,NaN,NaN
1987,5,9,0.046,NaN,NaN,NaN
1987,5,10,0.046,NaN,NaN,NaN
1987,5,11,0.045,NaN,NaN,NaN
1987,5,12,0.045,NaN,NaN,NaN
1987,5,13,0.045,NaN,NaN,NaN
1987,5,14,0.044,NaN,NaN,NaN
1987,5,15,0.044,NaN,NaN,NaN
1987,5,16,0.044,NaN,NaN,NaN
1987,5,17,0.044,NaN,NaN,NaN
1987,5,18,0.563,NaN,NaN,NaN
1987,5,19,0.902,NaN,NaN,NaN
1987,5,20,0.085,NaN,NaN,NaN
1987,5,21,0.091,NaN,NaN,NaN
1987,5,22,0.111,NaN,NaN,NaN
1987,5,23,0.082,NaN,NaN,NaN
1987,5,24,0.042,NaN,NaN,NaN
1987,5,25,0.041,NaN,NaN,NaN
1987,5,26,0.065,NaN,NaN,NaN
1987,5,27,0.045,NaN,NaN,NaN
1987,5,28,0.035,NaN,NaN,NaN
1987,5,29,0.121,NaN,NaN,NaN
1987,5,30,0.114,NaN,NaN,NaN
1987,5,31,0.075,NaN,NaN,NaN
1987,6,1,0.046,NaN,NaN,NaN
1987,6,2,0.037,NaN,NaN,NaN
1987,6,3,0.037,NaN,NaN,NaN
1987,6,4,0.036,NaN,NaN,NaN
1987,6,5,0.046,NaN,NaN,NaN
1987,6,6,0.064,NaN,NaN,NaN
1987,6,7,0.037,NaN,NaN,NaN
1987,6,8,0.046,NaN,NaN,NaN
1987,6,9,0.034,NaN,NaN,NaN
1987,6,10,0.035,NaN,NaN,NaN
1987,6,11,0.033,NaN,NaN,NaN
1987,6,12,0.035,NaN,NaN,NaN
1987,6,13,0.033,NaN,NaN,NaN
1987,6,14,0.037,NaN,NaN,NaN
1987,6,15,0.049,NaN,NaN,NaN
1987,6,16,0.089,NaN,NaN,NaN
1987,6,17,0.041,NaN,NaN,NaN
1987,6,18,0.029,NaN,NaN,NaN
1987,6,19,0.031,NaN,NaN,NaN
1987,6,20,0.047,NaN,NaN,NaN
1987,6,21,0.035,NaN,NaN,NaN
1987,6,22,0.034,NaN,NaN,NaN
1987,6,23,0.028,NaN,NaN,NaN
1987,6,24,0.033,NaN,NaN,NaN
1987,6,25,0.681,NaN,NaN,NaN
1987,6,26,0.194,NaN,NaN,NaN
1987,6,27,0.047,NaN,NaN,NaN
1987,6,28,0.035,NaN,NaN,NaN
1987,6,29,0.077,NaN,NaN,NaN
1987,6,30,0.107,NaN,NaN,NaN
1987,7,1,0.08,NaN,NaN,NaN
1987,7,2,0.07,NaN,NaN,NaN
1987,7,3,0.041,NaN,NaN,NaN
1987,7,4,0.05,NaN,NaN,NaN
1987,7,5,0.095,NaN,NaN,NaN
1987,7,6,0.042,NaN,NaN,NaN
1987,7,7,0.034,NaN,NaN,NaN
1987,7,8,0.043,NaN,NaN,NaN
1987,7,9,0.039,NaN,NaN,NaN
1987,7,10,0.038,NaN,NaN,NaN
1987,7,11,0.038,NaN,NaN,NaN
1987,7,12,0.047,NaN,NaN,NaN
1987,7,13,1.709,NaN,NaN,NaN
1987,7,14,4.693,NaN,NaN,NaN
1987,7,15,2.994,NaN,NaN,NaN
1987,7,16,0.581,NaN,NaN,NaN
1987,7,17,0.237,NaN,NaN,NaN
1987,7,18,0.129,NaN,NaN,NaN
1987,7,19,0.092,NaN,NaN,NaN
1987,7,20,0.075,NaN,NaN,NaN
1987,7,21,0.061,NaN,NaN,NaN
1987,7,22,0.082,NaN,NaN,NaN
1987,7,23,0.048,NaN,NaN,NaN
1987,7,24,0.091,NaN,NaN,NaN
1987,7,25,5.149,NaN,NaN,NaN
1987,7,26,0.681,NaN,NaN,NaN
1987,7,27,0.508,NaN,NaN,NaN
1987,7,28,0.174,NaN,NaN,NaN
1987,7,29,0.097,NaN,NaN,NaN
1987,7,30,0.08,NaN,NaN,NaN
1987,7,31,0.067,NaN,NaN,NaN
1987,8,1,0.262,NaN,NaN,NaN
1987,8,2,0.09,NaN,NaN,NaN
1987,8,3,0.061,NaN,NaN,NaN
1987,8,4,0.323,NaN,NaN,NaN
1987,8,5,0.662,NaN,NaN,NaN
1987,8,6,0.21,NaN,NaN,NaN
1987,8,7,0.113,NaN,NaN,NaN
1987,8,8,0.242,NaN,NaN,NaN
1987,8,9,0.095,NaN,NaN,NaN
1987,8,10,0.082,NaN,NaN,NaN
1987,8,11,0.08,NaN,NaN,NaN
1987,8,12,0.077,NaN,NaN,NaN
1987,8,13,0.074,NaN,NaN,NaN
1987,8,14,0.064,NaN,NaN,NaN
1987,8,15,0.061,NaN,NaN,NaN
1987,8,16,0.06,NaN,NaN,NaN
1987,8,17,0.059,NaN,NaN,NaN
1987,8,18,0.057,NaN,NaN,NaN
1987,8,19,0.056,NaN,NaN,NaN
1987,8,20,0.054,NaN,NaN,NaN
1987,8,21,0.057,NaN,NaN,NaN
1987,8,22,0.115,NaN,NaN,NaN
1987,8,23,1.139,NaN,NaN,NaN
1987,8,24,0.097,NaN,NaN,NaN
1987,8,25,0.17,NaN,NaN,NaN
1987,8,26,1.027,NaN,NaN,NaN
1987,8,27,0.137,NaN,NaN,NaN
1987,8,28,0.111,NaN,NaN,NaN
1987,8,29,0.214,NaN,NaN,NaN
1987,8,30,0.169,NaN,NaN,NaN
1987,8,31,0.095,NaN,NaN,NaN
1987,9,1,0.094,NaN,NaN,NaN
1987,9,2,0.628,NaN,NaN,NaN
1987,9,3,0.478,NaN,NaN,NaN
1987,9,4,0.278,NaN,NaN,NaN
1987,9,5,0.357,NaN,NaN,NaN
1987,9,6,0.15,NaN,NaN,NaN
1987,9,7,0.102,NaN,NaN,NaN
1987,9,8,0.738,NaN,NaN,NaN
1987,9,9,0.325,NaN,NaN,NaN
1987,9,10,0.203,NaN,NaN,NaN
1987,9,11,0.255,NaN,NaN,NaN
1987,9,12,0.231,NaN,NaN,NaN
1987,9,13,0.17,NaN,NaN,NaN
1987,9,14,0.298,NaN,NaN,NaN
1987,9,15,1.245,NaN,NaN,NaN
1987,9,16,0.468,NaN,NaN,NaN
1987,9,17,0.18,NaN,NaN,NaN
1987,9,18,0.219,NaN,NaN,NaN
1987,9,19,0.215,NaN,NaN,NaN
1987,9,20,0.143,NaN,NaN,NaN
1987,9,21,0.131,NaN,NaN,NaN
1987,9,22,0.377,NaN,NaN,NaN
1987,9,23,0.169,NaN,NaN,NaN
1987,9,24,0.102,NaN,NaN,NaN
1987,9,25,0.093,NaN,NaN,NaN
1987,9,26,0.086,NaN,NaN,NaN
1987,9,27,0.082,NaN,NaN,NaN
1987,9,28,0.079,NaN,NaN,NaN
1987,9,29,0.11,NaN,NaN,NaN
1987,9,30,0.098,NaN,NaN,NaN
1987,10,1,0.069,NaN,NaN,NaN
1987,10,2,0.069,NaN,NaN,NaN
1987,10,3,0.073,NaN,NaN,NaN
1987,10,4,0.066,NaN,NaN,NaN
1987,10,5,0.065,NaN,NaN,NaN
1987,10,6,1.751,NaN,NaN,NaN
1987,10,7,0.806,NaN,NaN,NaN
1987,10,8,0.086,NaN,NaN,NaN
1987,10,9,0.067,NaN,NaN,NaN
1987,10,10,0.091,NaN,NaN,NaN
1987,10,11,0.067,NaN,NaN,NaN
1987,10,12,0.061,NaN,NaN,NaN
1987,10,13,0.716,NaN,NaN,NaN
1987,10,14,0.275,NaN,NaN,NaN
1987,10,15,0.156,NaN,NaN,NaN
1987,10,16,7.402,NaN,NaN,NaN
1987,10,17,4.072,NaN,NaN,NaN
1987,10,18,0.411,NaN,NaN,NaN
1987,10,19,0.201,NaN,NaN,NaN
1987,10,20,0.152,NaN,NaN,NaN
1987,10,21,0.124,NaN,NaN,NaN
1987,10,22,0.104,NaN,NaN,NaN
1987,10,23,0.098,NaN,NaN,NaN
1987,10,24,0.094,NaN,NaN,NaN
1987,10,25,0.086,NaN,NaN,NaN
1987,10,26,0.104,NaN,NaN,NaN
1987,10,27,0.084,NaN,NaN,NaN
1987,10,28,0.111,NaN,NaN,NaN
1987,10,29,10.904,NaN,NaN,NaN
1987,10,30,1.476,NaN,NaN,NaN
1987,10,31,0.415,NaN,NaN,NaN
1987,11,1,0.271,NaN,NaN,NaN
1987,11,2,0.193,NaN,NaN,NaN
1987,11,3,0.161,NaN,NaN,NaN
1987,11,4,0.136,NaN,NaN,NaN
1987,11,5,0.127,NaN,NaN,NaN
1987,11,6,0.151,NaN,NaN,NaN
1987,11,7,0.575,NaN,NaN,NaN
1987,11,8,0.216,NaN,NaN,NaN
1987,11,9,0.126,NaN,NaN,NaN
1987,11,10,0.107,NaN,NaN,NaN
1987,11,11,0.104,NaN,NaN,NaN
1987,11,12,0.103,NaN,NaN,NaN
1987,11,13,0.494,NaN,NaN,NaN
1987,11,14,0.318,NaN,NaN,NaN
1987,11,15,0.359,NaN,NaN,NaN
1987,11,16,0.118,NaN,NaN,NaN
1987,11,17,0.108,NaN,NaN,NaN
1987,11,18,0.139,NaN,NaN,NaN
1987,11,19,0.091,NaN,NaN,NaN
1987,11,20,0.576,NaN,NaN,NaN
1987,11,21,2.054,NaN,NaN,NaN
1987,11,22,1.171,NaN,NaN,NaN
1987,11,23,0.852,NaN,NaN,NaN
1987,11,24,0.394,NaN,NaN,NaN
1987,11,25,0.577,NaN,NaN,NaN
1987,11,26,0.294,NaN,NaN,NaN
1987,11,27,0.231,NaN,NaN,NaN
1987,11,28,0.176,NaN,NaN,NaN
1987,11,29,0.161,NaN,NaN,NaN
1987,11,30,0.383,NaN,NaN,NaN
1987,12,1,0.352,NaN,NaN,NaN
1987,12,2,0.164,NaN,NaN,NaN
1987,12,3,0.142,NaN,NaN,NaN
1987,12,4,0.297,NaN,NaN,NaN
1987,12,5,0.156,NaN,NaN,NaN
1987,12,6,0.133,NaN,NaN,NaN
1987,12,7,0.139,NaN,NaN,NaN
1987,12,8,0.146,NaN,NaN,NaN
1987,12,9,0.957,NaN,NaN,NaN
1987,12,10,0.145,NaN,NaN,NaN
1987,12,11,0.128,NaN,NaN,NaN
1987,12,12,0.123,NaN,NaN,NaN
1987,12,13,0.122,NaN,NaN,NaN
1987,12,14,0.122,NaN,NaN,NaN
1987,12,15,1.377,NaN,NaN,NaN
1987,12,16,3.041,NaN,NaN,NaN
1987,12,17,1.967,NaN,NaN,NaN
1987,12,18,1.629,NaN,NaN,NaN
1987,12,19,0.443,NaN,NaN,NaN
1987,12,20,0.313,NaN,NaN,NaN
1987,12,21,0.317,NaN,NaN,NaN
1987,12,22,0.247,NaN,NaN,NaN
1987,12,23,0.276,NaN,NaN,NaN
1987,12,24,0.725,NaN,NaN,NaN
1987,12,25,4.947,NaN,NaN,NaN
1987,12,26,1.397,NaN,NaN,NaN
1987,12,27,0.358,NaN,NaN,NaN
1987,12,28,0.246,NaN,NaN,NaN
1987,12,29,0.197,NaN,NaN,NaN
1987,12,30,0.179,NaN,NaN,NaN
1987,12,31,0.163,NaN,NaN,NaN
1988,1,1,0.306,NaN,NaN,NaN
1988,1,2,0.201,NaN,NaN,NaN
1988,1,3,0.781,NaN,NaN,NaN
1988,1,4,0.187,NaN,NaN,NaN
1988,1,5,0.151,NaN,NaN,NaN
1988,1,6,0.138,NaN,NaN,NaN
1988,1,7,0.143,NaN,NaN,NaN
1988,1,8,0.128,NaN,NaN,NaN
1988,1,9,0.13,NaN,NaN,NaN
1988,1,10,0.129,NaN,NaN,NaN
1988,1,11,0.126,NaN,NaN,NaN
1988,1,12,0.127,NaN,NaN,NaN
1988,1,13,0.132,NaN,NaN,NaN
1988,1,14,0.128,NaN,NaN,NaN
1988,1,15,0.127,NaN,NaN,NaN
1988,1,16,0.127,NaN,NaN,NaN
1988,1,17,0.13,NaN,NaN,NaN
1988,1,18,0.131,NaN,NaN,NaN
1988,1,19,0.145,NaN,NaN,NaN
1988,1,20,0.153,NaN,NaN,NaN
1988,1,21,0.128,NaN,NaN,NaN
1988,1,22,0.129,NaN,NaN,NaN
1988,1,23,0.13,NaN,NaN,NaN
1988,1,24,0.135,NaN,NaN,NaN
1988,1,25,0.171,NaN,NaN,NaN
1988,1,26,0.143,NaN,NaN,NaN
1988,1,27,0.25,NaN,NaN,NaN
1988,1,28,0.152,NaN,NaN,NaN
1988,1,29,0.141,NaN,NaN,NaN
1988,1,30,0.142,NaN,NaN,NaN
1988,1,31,0.139,NaN,NaN,NaN
1988,2,1,0.138,NaN,NaN,NaN
1988,2,2,0.16,NaN,NaN,NaN
1988,2,3,0.175,NaN,NaN,NaN
1988,2,4,0.341,NaN,NaN,NaN
1988,2,5,0.192,NaN,NaN,NaN
1988,2,6,3.011,NaN,NaN,NaN
1988,2,7,3.574,NaN,NaN,NaN
1988,2,8,0.686,NaN,NaN,NaN
1988,2,9,0.196,NaN,NaN,NaN
1988,2,10,0.192,NaN,NaN,NaN
1988,2,11,1.351,NaN,NaN,NaN
1988,2,12,1.24,NaN,NaN,NaN
1988,2,13,4.239,NaN,NaN,NaN
1988,2,14,0.834,NaN,NaN,NaN
1988,2,15,0.247,NaN,NaN,NaN
1988,2,16,0.477,NaN,NaN,NaN
1988,2,17,3.295,NaN,NaN,NaN
1988,2,18,0.612,NaN,NaN,NaN
1988,2,19,0.231,NaN,NaN,NaN
1988,2,20,0.147,NaN,NaN,NaN
1988,2,21,0.161,NaN,NaN,NaN
1988,2,22,0.141,NaN,NaN,NaN
1988,2,23,0.098,NaN,NaN,NaN
1988,2,24,0.115,NaN,NaN,NaN
1988,2,25,0.274,NaN,NaN,NaN
1988,2,26,0.103,NaN,NaN,NaN
1988,2,27,0.08,NaN,NaN,NaN
1988,2,28,0.076,NaN,NaN,NaN
1988,2,29,0.074,NaN,NaN,NaN
1988,3,1,0.072,NaN,NaN,NaN
1988,3,2,0.068,NaN,NaN,NaN
1988,3,3,0.068,NaN,NaN,NaN
1988,3,4,0.066,NaN,NaN,NaN
1988,3,5,0.123,NaN,NaN,NaN
1988,3,6,9.403,NaN,NaN,NaN
1988,3,7,36.39,NaN,NaN,NaN
1988,3,8,50.622,NaN,NaN,NaN
1988,3,9,12.399,NaN,NaN,NaN
1988,3,10,13.4,NaN,NaN,NaN
1988,3,11,5.022,NaN,NaN,NaN
1988,3,12,2.147,NaN,NaN,NaN
1988,3,13,1.638,NaN,NaN,NaN
1988,3,14,1.052,NaN,NaN,NaN
1988,3,15,0.825,NaN,NaN,NaN
1988,3,16,0.688,NaN,NaN,NaN
1988,3,17,0.587,NaN,NaN,NaN
1988,3,18,0.571,NaN,NaN,NaN
1988,3,19,0.512,NaN,NaN,NaN
1988,3,20,0.503,NaN,NaN,NaN
1988,3,21,0.395,NaN,NaN,NaN
1988,3,22,0.363,NaN,NaN,NaN
1988,3,23,0.339,NaN,NaN,NaN
1988,3,24,0.322,NaN,NaN,NaN
1988,3,25,0.282,NaN,NaN,NaN
1988,3,26,0.268,NaN,NaN,NaN
1988,3,27,0.277,NaN,NaN,NaN
1988,3,28,0.275,NaN,NaN,NaN
1988,3,29,0.248,NaN,NaN,NaN
1988,3,30,0.343,NaN,NaN,NaN
1988,3,31,0.481,NaN,NaN,NaN
1988,4,1,0.302,NaN,NaN,NaN
1988,4,2,0.222,NaN,NaN,NaN
1988,4,3,0.228,NaN,NaN,NaN
1988,4,4,0.213,NaN,NaN,NaN
1988,4,5,0.199,NaN,NaN,NaN
1988,4,6,0.201,NaN,NaN,NaN
1988,4,7,0.191,NaN,NaN,NaN
1988,4,8,0.19,NaN,NaN,NaN
1988,4,9,0.185,NaN,NaN,NaN
1988,4,10,0.322,NaN,NaN,NaN
1988,4,11,0.212,NaN,NaN,NaN
1988,4,12,0.176,NaN,NaN,NaN
1988,4,13,0.193,NaN,NaN,NaN
1988,4,14,0.506,NaN,NaN,NaN
1988,4,15,1.105,NaN,NaN,NaN
1988,4,16,0.378,NaN,NaN,NaN
1988,4,17,0.271,NaN,NaN,NaN
1988,4,18,0.2,NaN,NaN,NaN
1988,4,19,0.268,NaN,NaN,NaN
1988,4,20,0.185,NaN,NaN,NaN
1988,4,21,0.179,NaN,NaN,NaN
1988,4,22,0.175,NaN,NaN,NaN
1988,4,23,0.255,NaN,NaN,NaN
1988,4,24,0.291,NaN,NaN,NaN
1988,4,25,0.271,NaN,NaN,NaN
1988,4,26,0.251,NaN,NaN,NaN
1988,4,27,0.276,NaN,NaN,NaN
1988,4,28,0.302,NaN,NaN,NaN
1988,4,29,0.196,NaN,NaN,NaN
1988,4,30,0.207,NaN,NaN,NaN
1988,5,1,0.174,NaN,NaN,NaN
1988,5,2,0.167,NaN,NaN,NaN
1988,5,3,0.199,NaN,NaN,NaN
1988,5,4,0.168,NaN,NaN,NaN
1988,5,5,0.159,NaN,NaN,NaN
1988,5,6,0.154,NaN,NaN,NaN
1988,5,7,1.038,NaN,NaN,NaN
1988,5,8,1.143,NaN,NaN,NaN
1988,5,9,5.62,NaN,NaN,NaN
1988,5,10,0.555,NaN,NaN,NaN
1988,5,11,0.319,NaN,NaN,NaN
1988,5,12,0.276,NaN,NaN,NaN
1988,5,13,0.301,NaN,NaN,NaN
1988,5,14,0.22,NaN,NaN,NaN
1988,5,15,0.208,NaN,NaN,NaN
1988,5,16,0.281,NaN,NaN,NaN
1988,5,17,0.232,NaN,NaN,NaN
1988,5,18,0.21,NaN,NaN,NaN
1988,5,19,0.205,NaN,NaN,NaN
1988,5,20,0.503,NaN,NaN,NaN
1988,5,21,0.702,NaN,NaN,NaN
1988,5,22,0.539,NaN,NaN,NaN
1988,5,23,0.275,NaN,NaN,NaN
1988,5,24,0.279,NaN,NaN,NaN
1988,5,25,1.55,NaN,NaN,NaN
1988,5,26,0.8,NaN,NaN,NaN
1988,5,27,0.37,NaN,NaN,NaN
1988,5,28,0.4,NaN,NaN,NaN
1988,5,29,0.647,NaN,NaN,NaN
1988,5,30,2.603,NaN,NaN,NaN
1988,5,31,0.62,NaN,NaN,NaN
1988,6,1,0.405,NaN,NaN,NaN
1988,6,2,0.312,NaN,NaN,NaN
1988,6,3,0.284,NaN,NaN,NaN
1988,6,4,0.261,NaN,NaN,NaN
1988,6,5,0.247,NaN,NaN,NaN
1988,6,6,0.238,NaN,NaN,NaN
1988,6,7,0.229,NaN,NaN,NaN
1988,6,8,1.45,NaN,NaN,NaN
1988,6,9,6.505,NaN,NaN,NaN
1988,6,10,0.448,NaN,NaN,NaN
1988,6,11,1.701,NaN,NaN,NaN
1988,6,12,0.475,NaN,NaN,NaN
1988,6,13,0.425,NaN,NaN,NaN
1988,6,14,0.325,NaN,NaN,NaN
1988,6,15,0.297,NaN,NaN,NaN
1988,6,16,0.275,NaN,NaN,NaN
1988,6,17,0.278,NaN,NaN,NaN
1988,6,18,0.328,NaN,NaN,NaN
1988,6,19,0.289,NaN,NaN,NaN
1988,6,20,0.241,NaN,NaN,NaN
1988,6,21,0.23,NaN,NaN,NaN
1988,6,22,0.224,NaN,NaN,NaN
1988,6,23,0.221,NaN,NaN,NaN
1988,6,24,0.218,NaN,NaN,NaN
1988,6,25,0.214,NaN,NaN,NaN
1988,6,26,0.213,NaN,NaN,NaN
1988,6,27,0.211,NaN,NaN,NaN
1988,6,28,0.208,NaN,NaN,NaN
1988,6,29,0.22,NaN,NaN,NaN
1988,6,30,0.256,NaN,NaN,NaN
1988,7,1,0.538,NaN,NaN,NaN
1988,7,2,0.232,NaN,NaN,NaN
1988,7,3,0.228,NaN,NaN,NaN
1988,7,4,0.2,NaN,NaN,NaN
1988,7,5,0.194,NaN,NaN,NaN
1988,7,6,0.214,NaN,NaN,NaN
1988,7,7,0.185,NaN,NaN,NaN
1988,7,8,0.183,NaN,NaN,NaN
1988,7,9,0.181,NaN,NaN,NaN
1988,7,10,0.179,NaN,NaN,NaN
1988,7,11,0.284,NaN,NaN,NaN
1988,7,12,0.277,NaN,NaN,NaN
1988,7,13,0.18,NaN,NaN,NaN
1988,7,14,0.23,NaN,NaN,NaN
1988,7,15,5.634,NaN,NaN,NaN
1988,7,16,16.18,NaN,NaN,NaN
1988,7,17,6.6,NaN,NaN,NaN
1988,7,18,1.49,NaN,NaN,NaN
1988,7,19,0.835,NaN,NaN,NaN
1988,7,20,0.619,NaN,NaN,NaN
1988,7,21,0.524,NaN,NaN,NaN
1988,7,22,0.459,NaN,NaN,NaN
1988,7,23,0.454,NaN,NaN,NaN
1988,7,24,19.323,NaN,NaN,NaN
1988,7,25,6.09,NaN,NaN,NaN
1988,7,26,0.853,NaN,NaN,NaN
1988,7,27,1.447,NaN,NaN,NaN
1988,7,28,0.763,NaN,NaN,NaN
1988,7,29,0.615,NaN,NaN,NaN
1988,7,30,0.694,NaN,NaN,NaN
1988,7,31,0.985,NaN,NaN,NaN
1988,8,1,0.47,NaN,NaN,NaN
1988,8,2,0.449,NaN,NaN,NaN
1988,8,3,0.382,NaN,NaN,NaN
1988,8,4,0.362,NaN,NaN,NaN
1988,8,5,0.338,NaN,NaN,NaN
1988,8,6,0.312,NaN,NaN,NaN
1988,8,7,0.482,NaN,NaN,NaN
1988,8,8,5.341,NaN,NaN,NaN
1988,8,9,2.054,NaN,NaN,NaN
1988,8,10,0.65,NaN,NaN,NaN
1988,8,11,0.495,NaN,NaN,NaN
1988,8,12,0.419,NaN,NaN,NaN
1988,8,13,0.391,NaN,NaN,NaN
1988,8,14,0.292,NaN,NaN,NaN
1988,8,15,0.3,NaN,NaN,NaN
1988,8,16,0.288,NaN,NaN,NaN
1988,8,17,0.247,NaN,NaN,NaN
1988,8,18,0.238,NaN,NaN,NaN
1988,8,19,0.342,NaN,NaN,NaN
1988,8,20,0.37,NaN,NaN,NaN
1988,8,21,0.366,NaN,NaN,NaN
1988,8,22,0.215,NaN,NaN,NaN
1988,8,23,0.205,NaN,NaN,NaN
1988,8,24,0.442,NaN,NaN,NaN
1988,8,25,0.445,NaN,NaN,NaN
1988,8,26,0.235,NaN,NaN,NaN
1988,8,27,0.212,NaN,NaN,NaN
1988,8,28,0.204,NaN,NaN,NaN
1988,8,29,0.192,NaN,NaN,NaN
1988,8,30,1.509,NaN,NaN,NaN
1988,8,31,0.276,NaN,NaN,NaN
1988,9,1,0.217,NaN,NaN,NaN
1988,9,2,0.192,NaN,NaN,NaN
1988,9,3,0.185,NaN,NaN,NaN
1988,9,4,0.179,NaN,NaN,NaN
1988,9,5,0.243,NaN,NaN,NaN
1988,9,6,0.245,NaN,NaN,NaN
1988,9,7,0.168,NaN,NaN,NaN
1988,9,8,0.463,NaN,NaN,NaN
1988,9,9,0.179,NaN,NaN,NaN
1988,9,10,0.158,NaN,NaN,NaN
1988,9,11,0.157,NaN,NaN,NaN
1988,9,12,0.155,NaN,NaN,NaN
1988,9,13,0.154,NaN,NaN,NaN
1988,9,14,0.164,NaN,NaN,NaN
1988,9,15,0.171,NaN,NaN,NaN
1988,9,16,0.15,NaN,NaN,NaN
1988,9,17,0.205,NaN,NaN,NaN
1988,9,18,0.264,NaN,NaN,NaN
1988,9,19,0.375,NaN,NaN,NaN
1988,9,20,1.783,NaN,NaN,NaN
1988,9,21,2.321,NaN,NaN,NaN
1988,9,22,0.393,NaN,NaN,NaN
1988,9,23,0.241,NaN,NaN,NaN
1988,9,24,0.206,NaN,NaN,NaN
1988,9,25,0.203,NaN,NaN,NaN
1988,9,26,0.193,NaN,NaN,NaN
1988,9,27,0.187,NaN,NaN,NaN
1988,9,28,0.178,NaN,NaN,NaN
1988,9,29,0.604,NaN,NaN,NaN
1988,9,30,3.135,NaN,NaN,NaN
1988,10,1,0.444,NaN,NaN,NaN
1988,10,2,0.665,NaN,NaN,NaN
1988,10,3,0.415,NaN,NaN,NaN
1988,10,4,0.271,NaN,NaN,NaN
1988,10,5,0.212,NaN,NaN,NaN
1988,10,6,0.195,NaN,NaN,NaN
1988,10,7,0.232,NaN,NaN,NaN
1988,10,8,0.188,NaN,NaN,NaN
1988,10,9,0.184,NaN,NaN,NaN
1988,10,10,0.262,NaN,NaN,NaN
1988,10,11,0.185,NaN,NaN,NaN
1988,10,12,0.158,NaN,NaN,NaN
1988,10,13,0.154,NaN,NaN,NaN
1988,10,14,0.35,NaN,NaN,NaN
1988,10,15,0.141,NaN,NaN,NaN
1988,10,16,0.314,NaN,NaN,NaN
1988,10,17,0.144,NaN,NaN,NaN
1988,10,18,0.332,NaN,NaN,NaN
1988,10,19,0.18,NaN,NaN,NaN
1988,10,20,0.456,NaN,NaN,NaN
1988,10,21,0.748,NaN,NaN,NaN
1988,10,22,0.226,NaN,NaN,NaN
1988,10,23,0.15,NaN,NaN,NaN
1988,10,24,0.147,NaN,NaN,NaN
1988,10,25,0.145,NaN,NaN,NaN
1988,10,26,0.142,NaN,NaN,NaN
1988,10,27,0.136,NaN,NaN,NaN
1988,10,28,0.134,NaN,NaN,NaN
1988,10,29,0.13,NaN,NaN,NaN
1988,10,30,0.132,NaN,NaN,NaN
1988,10,31,0.134,NaN,NaN,NaN
1988,11,1,0.131,NaN,NaN,NaN
1988,11,2,0.148,NaN,NaN,NaN
1988,11,3,0.16,NaN,NaN,NaN
1988,11,4,0.168,NaN,NaN,NaN
1988,11,5,0.166,NaN,NaN,NaN
1988,11,6,0.301,NaN,NaN,NaN
1988,11,7,0.257,NaN,NaN,NaN
1988,11,8,0.141,NaN,NaN,NaN
1988,11,9,0.524,NaN,NaN,NaN
1988,11,10,0.462,NaN,NaN,NaN
1988,11,11,0.304,NaN,NaN,NaN
1988,11,12,0.16,NaN,NaN,NaN
1988,11,13,0.129,NaN,NaN,NaN
1988,11,14,0.125,NaN,NaN,NaN
1988,11,15,0.117,NaN,NaN,NaN
1988,11,16,0.115,NaN,NaN,NaN
1988,11,17,0.084,NaN,NaN,NaN
1988,11,18,0.104,NaN,NaN,NaN
1988,11,19,0.203,NaN,NaN,NaN
1988,11,20,0.122,NaN,NaN,NaN
1988,11,21,0.145,NaN,NaN,NaN
1988,11,22,0.099,NaN,NaN,NaN
1988,11,23,0.076,NaN,NaN,NaN
1988,11,24,0.073,NaN,NaN,NaN
1988,11,25,0.076,NaN,NaN,NaN
1988,11,26,0.143,NaN,NaN,NaN
1988,11,27,0.276,NaN,NaN,NaN
1988,11,28,1.493,NaN,NaN,NaN
1988,11,29,0.248,NaN,NaN,NaN
1988,11,30,0.146,NaN,NaN,NaN
1988,12,1,0.128,NaN,NaN,NaN
1988,12,2,0.67,NaN,NaN,NaN
1988,12,3,0.453,NaN,NaN,NaN
1988,12,4,0.178,NaN,NaN,NaN
1988,12,5,0.122,NaN,NaN,NaN
1988,12,6,0.119,NaN,NaN,NaN
1988,12,7,0.15,NaN,NaN,NaN
1988,12,8,0.187,NaN,NaN,NaN
1988,12,9,0.113,NaN,NaN,NaN
1988,12,10,0.111,NaN,NaN,NaN
1988,12,11,0.111,NaN,NaN,NaN
1988,12,12,0.11,NaN,NaN,NaN
1988,12,13,0.134,NaN,NaN,NaN
1988,12,14,0.121,NaN,NaN,NaN
1988,12,15,0.09,NaN,NaN,NaN
1988,12,16,0.102,NaN,NaN,NaN
1988,12,17,0.081,NaN,NaN,NaN
1988,12,18,0.071,NaN,NaN,NaN
1988,12,19,0.062,NaN,NaN,NaN
1988,12,20,0.06,NaN,NaN,NaN
1988,12,21,0.059,NaN,NaN,NaN
1988,12,22,0.235,NaN,NaN,NaN
1988,12,23,0.087,NaN,NaN,NaN
1988,12,24,0.063,NaN,NaN,NaN
1988,12,25,0.07,NaN,NaN,NaN
1988,12,26,0.079,NaN,NaN,NaN
1988,12,27,0.508,NaN,NaN,NaN
1988,12,28,1.43,NaN,NaN,NaN
1988,12,29,1.383,NaN,NaN,NaN
1988,12,30,1.345,NaN,NaN,NaN
1988,12,31,1.131,NaN,NaN,NaN
1989,1,1,6.683,NaN,NaN,NaN
1989,1,2,2.195,NaN,NaN,NaN
1989,1,3,1.012,NaN,NaN,NaN
1989,1,4,0.398,NaN,NaN,NaN
1989,1,5,1.292,NaN,NaN,NaN
1989,1,6,17.328,NaN,NaN,NaN
1989,1,7,12.596,NaN,NaN,NaN
1989,1,8,6.913,NaN,NaN,NaN
1989,1,9,2.677,NaN,NaN,NaN
1989,1,10,1.521,NaN,NaN,NaN
1989,1,11,1.054,NaN,NaN,NaN
1989,1,12,0.819,NaN,NaN,NaN
1989,1,13,0.689,NaN,NaN,NaN
1989,1,14,0.579,NaN,NaN,NaN
1989,1,15,0.75,NaN,NaN,NaN
1989,1,16,0.574,NaN,NaN,NaN
1989,1,17,0.595,NaN,NaN,NaN
1989,1,18,0.807,NaN,NaN,NaN
1989,1,19,0.779,NaN,NaN,NaN
1989,1,20,0.424,NaN,NaN,NaN
1989,1,21,2.142,NaN,NaN,NaN
1989,1,22,9.005,NaN,NaN,NaN
1989,1,23,1.018,NaN,NaN,NaN
1989,1,24,0.753,NaN,NaN,NaN
1989,1,25,19.051,NaN,NaN,NaN
1989,1,26,11.516,NaN,NaN,NaN
1989,1,27,2.495,NaN,NaN,NaN
1989,1,28,1.239,NaN,NaN,NaN
1989,1,29,1.058,NaN,NaN,NaN
1989,1,30,0.79,NaN,NaN,NaN
1989,1,31,0.639,NaN,NaN,NaN
1989,2,1,0.673,NaN,NaN,NaN
1989,2,2,0.783,NaN,NaN,NaN
1989,2,3,0.522,NaN,NaN,NaN
1989,2,4,0.429,NaN,NaN,NaN
1989,2,5,0.447,NaN,NaN,NaN
1989,2,6,0.42,NaN,NaN,NaN
1989,2,7,0.392,NaN,NaN,NaN
1989,2,8,0.308,NaN,NaN,NaN
1989,2,9,0.268,NaN,NaN,NaN
1989,2,10,0.261,NaN,NaN,NaN
1989,2,11,0.263,NaN,NaN,NaN
1989,2,12,0.238,NaN,NaN,NaN
1989,2,13,0.229,NaN,NaN,NaN
1989,2,14,0.224,NaN,NaN,NaN
1989,2,15,0.222,NaN,NaN,NaN
1989,2,16,0.197,NaN,NaN,NaN
1989,2,17,0.201,NaN,NaN,NaN
1989,2,18,0.213,NaN,NaN,NaN
1989,2,19,0.188,NaN,NaN,NaN
1989,2,20,0.183,NaN,NaN,NaN
1989,2,21,0.186,NaN,NaN,NaN
1989,2,22,0.718,NaN,NaN,NaN
1989,2,23,0.404,NaN,NaN,NaN
1989,2,24,0.183,NaN,NaN,NaN
1989,2,25,0.498,NaN,NaN,NaN
1989,2,26,0.362,NaN,NaN,NaN
1989,2,27,0.173,NaN,NaN,NaN
1989,2,28,0.171,NaN,NaN,NaN
1989,3,1,0.167,NaN,NaN,NaN
1989,3,2,0.162,NaN,NaN,NaN
1989,3,3,0.159,NaN,NaN,NaN
1989,3,4,0.16,NaN,NaN,NaN
1989,3,5,0.189,NaN,NaN,NaN
1989,3,6,0.156,NaN,NaN,NaN
1989,3,7,0.152,NaN,NaN,NaN
1989,3,8,0.157,NaN,NaN,NaN
1989,3,9,0.216,NaN,NaN,NaN
1989,3,10,0.208,NaN,NaN,NaN
1989,3,11,0.154,NaN,NaN,NaN
1989,3,12,0.143,NaN,NaN,NaN
1989,3,13,0.142,NaN,NaN,NaN
1989,3,14,0.143,NaN,NaN,NaN
1989,3,15,0.233,NaN,NaN,NaN
1989,3,16,0.189,NaN,NaN,NaN
1989,3,17,0.168,NaN,NaN,NaN
1989,3,18,0.142,NaN,NaN,NaN
1989,3,19,0.138,NaN,NaN,NaN
1989,3,20,0.147,NaN,NaN,NaN
1989,3,21,0.216,NaN,NaN,NaN
1989,3,22,0.133,NaN,NaN,NaN
1989,3,23,0.131,NaN,NaN,NaN
1989,3,24,0.128,NaN,NaN,NaN
1989,3,25,0.128,NaN,NaN,NaN
1989,3,26,0.126,NaN,NaN,NaN
1989,3,27,0.125,NaN,NaN,NaN
1989,3,28,0.123,NaN,NaN,NaN
1989,3,29,0.127,NaN,NaN,NaN
1989,3,30,0.125,NaN,NaN,NaN
1989,3,31,0.119,NaN,NaN,NaN
1989,4,1,0.119,NaN,NaN,NaN
1989,4,2,0.118,NaN,NaN,NaN
1989,4,3,0.116,NaN,NaN,NaN
1989,4,4,0.116,NaN,NaN,NaN
1989,4,5,0.113,NaN,NaN,NaN
1989,4,6,0.113,NaN,NaN,NaN
1989,4,7,0.172,NaN,NaN,NaN
1989,4,8,0.182,NaN,NaN,NaN
1989,4,9,0.145,NaN,NaN,NaN
1989,4,10,0.109,NaN,NaN,NaN
1989,4,11,0.111,NaN,NaN,NaN
1989,4,12,0.106,NaN,NaN,NaN
1989,4,13,0.106,NaN,NaN,NaN
1989,4,14,0.106,NaN,NaN,NaN
1989,4,15,0.106,NaN,NaN,NaN
1989,4,16,0.108,NaN,NaN,NaN
1989,4,17,0.299,NaN,NaN,NaN
1989,4,18,0.135,NaN,NaN,NaN
1989,4,19,0.26,NaN,NaN,NaN
1989,4,20,0.122,NaN,NaN,NaN
1989,4,21,0.107,NaN,NaN,NaN
1989,4,22,0.108,NaN,NaN,NaN
1989,4,23,0.105,NaN,NaN,NaN
1989,4,24,0.103,NaN,NaN,NaN
1989,4,25,0.101,NaN,NaN,NaN
1989,4,26,0.101,NaN,NaN,NaN
1989,4,27,0.101,NaN,NaN,NaN
1989,4,28,0.101,NaN,NaN,NaN
1989,4,29,0.668,NaN,NaN,NaN
1989,4,30,1.528,NaN,NaN,NaN
1989,5,1,8.029,NaN,NaN,NaN
1989,5,2,0.486,NaN,NaN,NaN
1989,5,3,0.206,NaN,NaN,NaN
1989,5,4,0.159,NaN,NaN,NaN
1989,5,5,0.136,NaN,NaN,NaN
1989,5,6,0.129,NaN,NaN,NaN
1989,5,7,0.125,NaN,NaN,NaN
1989,5,8,0.12,NaN,NaN,NaN
1989,5,9,0.116,NaN,NaN,NaN
1989,5,10,0.114,NaN,NaN,NaN
1989,5,11,0.11,NaN,NaN,NaN
1989,5,12,0.109,NaN,NaN,NaN
1989,5,13,0.109,NaN,NaN,NaN
1989,5,14,0.108,NaN,NaN,NaN
1989,5,15,0.107,NaN,NaN,NaN
1989,5,16,0.31,NaN,NaN,NaN
1989,5,17,0.129,NaN,NaN,NaN
1989,5,18,0.113,NaN,NaN,NaN
1989,5,19,0.109,NaN,NaN,NaN
1989,5,20,0.105,NaN,NaN,NaN
1989,5,21,0.104,NaN,NaN,NaN
1989,5,22,0.104,NaN,NaN,NaN
1989,5,23,0.104,NaN,NaN,NaN
1989,5,24,0.158,NaN,NaN,NaN
1989,5,25,0.269,NaN,NaN,NaN
1989,5,26,0.308,NaN,NaN,NaN
1989,5,27,0.257,NaN,NaN,NaN
1989,5,28,0.129,NaN,NaN,NaN
1989,5,29,0.134,NaN,NaN,NaN
1989,5,30,0.12,NaN,NaN,NaN
1989,5,31,0.124,NaN,NaN,NaN
1989,6,1,0.107,NaN,NaN,NaN
1989,6,2,0.492,NaN,NaN,NaN
1989,6,3,0.207,NaN,NaN,NaN
1989,6,4,0.142,NaN,NaN,NaN
1989,6,5,0.129,NaN,NaN,NaN
1989,6,6,0.111,NaN,NaN,NaN
1989,6,7,0.109,NaN,NaN,NaN
1989,6,8,0.108,NaN,NaN,NaN
1989,6,9,0.106,NaN,NaN,NaN
1989,6,10,0.405,NaN,NaN,NaN
1989,6,11,2.305,NaN,NaN,NaN
1989,6,12,2.959,NaN,NaN,NaN
1989,6,13,0.285,NaN,NaN,NaN
1989,6,14,0.336,NaN,NaN,NaN
1989,6,15,1.93,NaN,NaN,NaN
1989,6,16,2.122,NaN,NaN,NaN
1989,6,17,0.285,NaN,NaN,NaN
1989,6,18,0.206,NaN,NaN,NaN
1989,6,19,0.214,NaN,NaN,NaN
1989,6,20,0.21,NaN,NaN,NaN
1989,6,21,0.211,NaN,NaN,NaN
1989,6,22,0.168,NaN,NaN,NaN
1989,6,23,0.582,NaN,NaN,NaN
1989,6,24,1.051,NaN,NaN,NaN
1989,6,25,0.433,NaN,NaN,NaN
1989,6,26,0.626,NaN,NaN,NaN
1989,6,27,0.252,NaN,NaN,NaN
1989,6,28,0.208,NaN,NaN,NaN
1989,6,29,0.193,NaN,NaN,NaN
1989,6,30,0.177,NaN,NaN,NaN
1989,7,1,0.172,NaN,NaN,NaN
1989,7,2,0.165,NaN,NaN,NaN
1989,7,3,0.158,NaN,NaN,NaN
1989,7,4,0.154,NaN,NaN,NaN
1989,7,5,0.356,NaN,NaN,NaN
1989,7,6,0.769,NaN,NaN,NaN
1989,7,7,0.177,NaN,NaN,NaN
1989,7,8,0.16,NaN,NaN,NaN
1989,7,9,0.165,NaN,NaN,NaN
1989,7,10,0.15,NaN,NaN,NaN
1989,7,11,0.146,NaN,NaN,NaN
1989,7,12,2.342,NaN,NaN,NaN
1989,7,13,0.292,NaN,NaN,NaN
1989,7,14,0.271,NaN,NaN,NaN
1989,7,15,0.196,NaN,NaN,NaN
1989,7,16,0.182,NaN,NaN,NaN
1989,7,17,0.172,NaN,NaN,NaN
1989,7,18,0.165,NaN,NaN,NaN
1989,7,19,0.161,NaN,NaN,NaN
1989,7,20,0.158,NaN,NaN,NaN
1989,7,21,0.152,NaN,NaN,NaN
1989,7,22,0.147,NaN,NaN,NaN
1989,7,23,0.143,NaN,NaN,NaN
1989,7,24,0.14,NaN,NaN,NaN
1989,7,25,0.143,NaN,NaN,NaN
1989,7,26,5.233,NaN,NaN,NaN
1989,7,27,23.049,NaN,NaN,NaN
1989,7,28,1.703,NaN,NaN,NaN
1989,7,29,2.441,NaN,NaN,NaN
1989,7,30,2.108,NaN,NaN,NaN
1989,7,31,0.572,NaN,NaN,NaN
1989,8,1,0.347,NaN,NaN,NaN
1989,8,2,0.341,NaN,NaN,NaN
1989,8,3,4.558,NaN,NaN,NaN
1989,8,4,15.278,NaN,NaN,NaN
1989,8,5,19.605,NaN,NaN,NaN
1989,8,6,1.688,NaN,NaN,NaN
1989,8,7,0.864,NaN,NaN,NaN
1989,8,8,0.632,NaN,NaN,NaN
1989,8,9,12.629,NaN,NaN,NaN
1989,8,10,14.33,NaN,NaN,NaN
1989,8,11,3.263,NaN,NaN,NaN
1989,8,12,0.995,NaN,NaN,NaN
1989,8,13,10.954,NaN,NaN,NaN
1989,8,14,5.386,NaN,NaN,NaN
1989,8,15,1.166,NaN,NaN,NaN
1989,8,16,0.695,NaN,NaN,NaN
1989,8,17,0.552,NaN,NaN,NaN
1989,8,18,0.468,NaN,NaN,NaN
1989,8,19,0.418,NaN,NaN,NaN
1989,8,20,0.379,NaN,NaN,NaN
1989,8,21,0.362,NaN,NaN,NaN
1989,8,22,16.188,NaN,NaN,NaN
1989,8,23,15.525,NaN,NaN,NaN
1989,8,24,3.091,NaN,NaN,NaN
1989,8,25,2.319,NaN,NaN,NaN
1989,8,26,1.284,NaN,NaN,NaN
1989,8,27,0.735,NaN,NaN,NaN
1989,8,28,1.017,NaN,NaN,NaN
1989,8,29,0.693,NaN,NaN,NaN
1989,8,30,1.216,NaN,NaN,NaN
1989,8,31,0.863,NaN,NaN,NaN
1989,9,1,0.636,NaN,NaN,NaN
1989,9,2,0.415,NaN,NaN,NaN
1989,9,3,0.364,NaN,NaN,NaN
1989,9,4,0.336,NaN,NaN,NaN
1989,9,5,0.589,NaN,NaN,NaN
1989,9,6,5.605,NaN,NaN,NaN
1989,9,7,19.691,NaN,NaN,NaN
1989,9,8,25.301,NaN,NaN,NaN
1989,9,9,2.968,NaN,NaN,NaN
1989,9,10,1.315,NaN,NaN,NaN
1989,9,11,0.914,NaN,NaN,NaN
1989,9,12,0.695,NaN,NaN,NaN
1989,9,13,0.58,NaN,NaN,NaN
1989,9,14,0.568,NaN,NaN,NaN
1989,9,15,1.242,NaN,NaN,NaN
1989,9,16,0.704,NaN,NaN,NaN
1989,9,17,0.402,NaN,NaN,NaN
1989,9,18,1.58,NaN,NaN,NaN
1989,9,19,0.463,NaN,NaN,NaN
1989,9,20,0.386,NaN,NaN,NaN
1989,9,21,0.445,NaN,NaN,NaN
1989,9,22,13.595,NaN,NaN,NaN
1989,9,23,2.882,NaN,NaN,NaN
1989,9,24,0.78,NaN,NaN,NaN
1989,9,25,4.224,NaN,NaN,NaN
1989,9,26,13.173,NaN,NaN,NaN
1989,9,27,1.453,NaN,NaN,NaN
1989,9,28,0.768,NaN,NaN,NaN
1989,9,29,0.625,NaN,NaN,NaN
1989,9,30,0.553,NaN,NaN,NaN
1989,10,1,0.528,NaN,NaN,NaN
1989,10,2,1.614,NaN,NaN,NaN
1989,10,3,0.618,NaN,NaN,NaN
1989,10,4,0.448,NaN,NaN,NaN
1989,10,5,0.418,NaN,NaN,NaN
1989,10,6,0.355,NaN,NaN,NaN
1989,10,7,0.766,NaN,NaN,NaN
1989,10,8,0.534,NaN,NaN,NaN
1989,10,9,0.342,NaN,NaN,NaN
1989,10,10,0.307,NaN,NaN,NaN
1989,10,11,0.72,NaN,NaN,NaN
1989,10,12,1.648,NaN,NaN,NaN
1989,10,13,0.309,NaN,NaN,NaN
1989,10,14,0.255,NaN,NaN,NaN
1989,10,15,0.361,NaN,NaN,NaN
1989,10,16,0.509,NaN,NaN,NaN
1989,10,17,0.258,NaN,NaN,NaN
1989,10,18,0.257,NaN,NaN,NaN
1989,10,19,0.23,NaN,NaN,NaN
1989,10,20,0.226,NaN,NaN,NaN
1989,10,21,1.107,NaN,NaN,NaN
1989,10,22,0.459,NaN,NaN,NaN
1989,10,23,0.271,NaN,NaN,NaN
1989,10,24,0.234,NaN,NaN,NaN
1989,10,25,0.202,NaN,NaN,NaN
1989,10,26,0.189,NaN,NaN,NaN
1989,10,27,0.179,NaN,NaN,NaN
1989,10,28,0.171,NaN,NaN,NaN
1989,10,29,0.173,NaN,NaN,NaN
1989,10,30,0.173,NaN,NaN,NaN
1989,10,31,0.196,NaN,NaN,NaN
1989,11,1,0.171,NaN,NaN,NaN
1989,11,2,0.158,NaN,NaN,NaN
1989,11,3,0.155,NaN,NaN,NaN
1989,11,4,0.141,NaN,NaN,NaN
1989,11,5,0.139,NaN,NaN,NaN
1989,11,6,0.154,NaN,NaN,NaN
1989,11,7,0.139,NaN,NaN,NaN
1989,11,8,0.134,NaN,NaN,NaN
1989,11,9,0.137,NaN,NaN,NaN
1989,11,10,0.137,NaN,NaN,NaN
1989,11,11,0.133,NaN,NaN,NaN
1989,11,12,0.126,NaN,NaN,NaN
1989,11,13,0.126,NaN,NaN,NaN
1989,11,14,1.384,NaN,NaN,NaN
1989,11,15,0.2,NaN,NaN,NaN
1989,11,16,0.151,NaN,NaN,NaN
1989,11,17,0.142,NaN,NaN,NaN
1989,11,18,0.132,NaN,NaN,NaN
1989,11,19,0.131,NaN,NaN,NaN
1989,11,20,0.153,NaN,NaN,NaN
1989,11,21,0.124,NaN,NaN,NaN
1989,11,22,0.131,NaN,NaN,NaN
1989,11,23,0.238,NaN,NaN,NaN
1989,11,24,0.222,NaN,NaN,NaN
1989,11,25,0.126,NaN,NaN,NaN
1989,11,26,23.851,NaN,NaN,NaN
1989,11,27,10.338,NaN,NaN,NaN
1989,11,28,3.596,NaN,NaN,NaN
1989,11,29,2.841,NaN,NaN,NaN
1989,11,30,0.751,NaN,NaN,NaN
1989,12,1,0.503,NaN,NaN,NaN
1989,12,2,0.423,NaN,NaN,NaN
1989,12,3,0.392,NaN,NaN,NaN
1989,12,4,0.315,NaN,NaN,NaN
1989,12,5,0.27,NaN,NaN,NaN
1989,12,6,0.253,NaN,NaN,NaN
1989,12,7,0.239,NaN,NaN,NaN
1989,12,8,0.219,NaN,NaN,NaN
1989,12,9,0.211,NaN,NaN,NaN
1989,12,10,0.205,NaN,NaN,NaN
1989,12,11,0.2,NaN,NaN,NaN
1989,12,12,0.194,NaN,NaN,NaN
1989,12,13,0.191,NaN,NaN,NaN
1989,12,14,0.187,NaN,NaN,NaN
1989,12,15,0.186,NaN,NaN,NaN
1989,12,16,0.874,NaN,NaN,NaN
1989,12,17,0.293,NaN,NaN,NaN
1989,12,18,0.3,NaN,NaN,NaN
1989,12,19,0.178,NaN,NaN,NaN
1989,12,20,0.127,NaN,NaN,NaN
1989,12,21,0.125,NaN,NaN,NaN
1989,12,22,0.124,NaN,NaN,NaN
1989,12,23,0.135,NaN,NaN,NaN
1989,12,24,0.143,NaN,NaN,NaN
1989,12,25,0.138,NaN,NaN,NaN
1989,12,26,0.117,NaN,NaN,NaN
1989,12,27,0.114,NaN,NaN,NaN
1989,12,28,0.113,NaN,NaN,NaN
1989,12,29,0.119,NaN,NaN,NaN
1989,12,30,0.157,NaN,NaN,NaN
1989,12,31,0.454,NaN,NaN,NaN
1990,1,1,0.923,NaN,NaN,NaN
1990,1,2,0.71,NaN,NaN,NaN
1990,1,3,0.158,NaN,NaN,NaN
1990,1,4,0.144,NaN,NaN,NaN
1990,1,5,0.124,NaN,NaN,NaN
1990,1,6,0.121,NaN,NaN,NaN
1990,1,7,0.105,NaN,NaN,NaN
1990,1,8,0.1,NaN,NaN,NaN
1990,1,9,0.093,NaN,NaN,NaN
1990,1,10,0.092,NaN,NaN,NaN
1990,1,11,0.097,NaN,NaN,NaN
1990,1,12,0.096,NaN,NaN,NaN
1990,1,13,0.098,NaN,NaN,NaN
1990,1,14,0.095,NaN,NaN,NaN
1990,1,15,0.095,NaN,NaN,NaN
1990,1,16,0.12,NaN,NaN,NaN
1990,1,17,0.104,NaN,NaN,NaN
1990,1,18,0.099,NaN,NaN,NaN
1990,1,19,0.106,NaN,NaN,NaN
1990,1,20,0.577,NaN,NaN,NaN
1990,1,21,0.286,NaN,NaN,NaN
1990,1,22,0.107,NaN,NaN,NaN
1990,1,23,0.098,NaN,NaN,NaN
1990,1,24,0.096,NaN,NaN,NaN
1990,1,25,0.094,NaN,NaN,NaN
1990,1,26,0.103,NaN,NaN,NaN
1990,1,27,0.094,NaN,NaN,NaN
1990,1,28,0.159,NaN,NaN,NaN
1990,1,29,0.103,NaN,NaN,NaN
1990,1,30,0.103,NaN,NaN,NaN
1990,1,31,0.092,NaN,NaN,NaN
1990,2,1,0.089,NaN,NaN,NaN
1990,2,2,0.088,NaN,NaN,NaN
1990,2,3,0.099,NaN,NaN,NaN
1990,2,4,0.086,NaN,NaN,NaN
1990,2,5,0.086,NaN,NaN,NaN
1990,2,6,0.087,NaN,NaN,NaN
1990,2,7,0.088,NaN,NaN,NaN
1990,2,8,0.085,NaN,NaN,NaN
1990,2,9,0.084,NaN,NaN,NaN
1990,2,10,0.083,NaN,NaN,NaN
1990,2,11,0.081,NaN,NaN,NaN
1990,2,12,0.078,NaN,NaN,NaN
1990,2,13,0.377,NaN,NaN,NaN
1990,2,14,4.151,NaN,NaN,NaN
1990,2,15,0.249,NaN,NaN,NaN
1990,2,16,0.118,NaN,NaN,NaN
1990,2,17,0.136,NaN,NaN,NaN
1990,2,18,0.099,NaN,NaN,NaN
1990,2,19,0.091,NaN,NaN,NaN
1990,2,20,0.091,NaN,NaN,NaN
1990,2,21,0.097,NaN,NaN,NaN
1990,2,22,0.081,NaN,NaN,NaN
1990,2,23,0.082,NaN,NaN,NaN
1990,2,24,0.083,NaN,NaN,NaN
1990,2,25,0.081,NaN,NaN,NaN
1990,2,26,0.089,NaN,NaN,NaN
1990,2,27,0.086,NaN,NaN,NaN
1990,2,28,0.077,NaN,NaN,NaN
1990,3,1,0.077,NaN,NaN,NaN
1990,3,2,0.078,NaN,NaN,NaN
1990,3,3,0.077,NaN,NaN,NaN
1990,3,4,0.088,NaN,NaN,NaN
1990,3,5,0.078,NaN,NaN,NaN
1990,3,6,0.115,NaN,NaN,NaN
1990,3,7,0.384,NaN,NaN,NaN
1990,3,8,0.093,NaN,NaN,NaN
1990,3,9,0.188,NaN,NaN,NaN
1990,3,10,0.094,NaN,NaN,NaN
1990,3,11,0.085,NaN,NaN,NaN
1990,3,12,0.081,NaN,NaN,NaN
1990,3,13,0.079,NaN,NaN,NaN
1990,3,14,0.118,NaN,NaN,NaN
1990,3,15,0.329,NaN,NaN,NaN
1990,3,16,0.66,NaN,NaN,NaN
1990,3,17,0.232,NaN,NaN,NaN
1990,3,18,0.206,NaN,NaN,NaN
1990,3,19,1.491,NaN,NaN,NaN
1990,3,20,0.935,NaN,NaN,NaN
1990,3,21,0.169,NaN,NaN,NaN
1990,3,22,0.127,NaN,NaN,NaN
1990,3,23,0.108,NaN,NaN,NaN
1990,3,24,0.098,NaN,NaN,NaN
1990,3,25,0.092,NaN,NaN,NaN
1990,3,26,0.091,NaN,NaN,NaN
1990,3,27,0.087,NaN,NaN,NaN
1990,3,28,0.088,NaN,NaN,NaN
1990,3,29,0.098,NaN,NaN,NaN
1990,3,30,0.087,NaN,NaN,NaN
1990,3,31,0.082,NaN,NaN,NaN
1990,4,1,0.083,NaN,NaN,NaN
1990,4,2,0.082,NaN,NaN,NaN
1990,4,3,0.081,NaN,NaN,NaN
1990,4,4,0.08,NaN,NaN,NaN
1990,4,5,0.078,NaN,NaN,NaN
1990,4,6,0.077,NaN,NaN,NaN
1990,4,7,0.075,NaN,NaN,NaN
1990,4,8,0.075,NaN,NaN,NaN
1990,4,9,0.075,NaN,NaN,NaN
1990,4,10,0.088,NaN,NaN,NaN
1990,4,11,0.075,NaN,NaN,NaN
1990,4,12,0.215,NaN,NaN,NaN
1990,4,13,0.073,NaN,NaN,NaN
1990,4,14,0.071,NaN,NaN,NaN
1990,4,15,0.07,NaN,NaN,NaN
1990,4,16,0.071,NaN,NaN,NaN
1990,4,17,0.13,NaN,NaN,NaN
1990,4,18,0.077,NaN,NaN,NaN
1990,4,19,0.08,NaN,NaN,NaN
1990,4,20,0.07,NaN,NaN,NaN
1990,4,21,0.074,NaN,NaN,NaN
1990,4,22,0.083,NaN,NaN,NaN
1990,4,23,0.069,NaN,NaN,NaN
1990,4,24,0.442,NaN,NaN,NaN
1990,4,25,0.125,NaN,NaN,NaN
1990,4,26,0.082,NaN,NaN,NaN
1990,4,27,0.084,NaN,NaN,NaN
1990,4,28,1.074,NaN,NaN,NaN
1990,4,29,0.217,NaN,NaN,NaN
1990,4,30,0.104,NaN,NaN,NaN
1990,5,1,0.273,NaN,NaN,NaN
1990,5,2,0.199,NaN,NaN,NaN
1990,5,3,0.117,NaN,NaN,NaN
1990,5,4,0.159,NaN,NaN,NaN
1990,5,5,0.256,NaN,NaN,NaN
1990,5,6,0.112,NaN,NaN,NaN
1990,5,7,0.094,NaN,NaN,NaN
1990,5,8,0.298,NaN,NaN,NaN
1990,5,9,0.118,NaN,NaN,NaN
1990,5,10,0.091,NaN,NaN,NaN
1990,5,11,0.086,NaN,NaN,NaN
1990,5,12,0.085,NaN,NaN,NaN
1990,5,13,0.084,NaN,NaN,NaN
1990,5,14,0.105,NaN,NaN,NaN
1990,5,15,0.235,NaN,NaN,NaN
1990,5,16,0.131,NaN,NaN,NaN
1990,5,17,0.088,NaN,NaN,NaN
1990,5,18,0.085,NaN,NaN,NaN
1990,5,19,0.081,NaN,NaN,NaN
1990,5,20,0.836,NaN,NaN,NaN
1990,5,21,0.197,NaN,NaN,NaN
1990,5,22,0.113,NaN,NaN,NaN
1990,5,23,0.099,NaN,NaN,NaN
1990,5,24,0.122,NaN,NaN,NaN
1990,5,25,0.129,NaN,NaN,NaN
1990,5,26,0.178,NaN,NaN,NaN
1990,5,27,0.113,NaN,NaN,NaN
1990,5,28,0.09,NaN,NaN,NaN
1990,5,29,0.087,NaN,NaN,NaN
1990,5,30,0.086,NaN,NaN,NaN
1990,5,31,0.086,NaN,NaN,NaN
1990,6,1,0.083,NaN,NaN,NaN
1990,6,2,0.329,NaN,NaN,NaN
1990,6,3,0.253,NaN,NaN,NaN
1990,6,4,0.096,NaN,NaN,NaN
1990,6,5,0.14,NaN,NaN,NaN
1990,6,6,0.412,NaN,NaN,NaN
1990,6,7,0.203,NaN,NaN,NaN
1990,6,8,0.153,NaN,NaN,NaN
1990,6,9,0.114,NaN,NaN,NaN
1990,6,10,0.095,NaN,NaN,NaN
1990,6,11,0.083,NaN,NaN,NaN
1990,6,12,0.076,NaN,NaN,NaN
1990,6,13,0.072,NaN,NaN,NaN
1990,6,14,0.068,NaN,NaN,NaN
1990,6,15,0.064,NaN,NaN,NaN
1990,6,16,0.062,NaN,NaN,NaN
1990,6,17,0.059,NaN,NaN,NaN
1990,6,18,0.059,NaN,NaN,NaN
1990,6,19,0.134,NaN,NaN,NaN
1990,6,20,0.198,NaN,NaN,NaN
1990,6,21,0.086,NaN,NaN,NaN
1990,6,22,0.149,NaN,NaN,NaN
1990,6,23,0.097,NaN,NaN,NaN
1990,6,24,0.085,NaN,NaN,NaN
1990,6,25,0.063,NaN,NaN,NaN
1990,6,26,0.063,NaN,NaN,NaN
1990,6,27,0.25,NaN,NaN,NaN
1990,6,28,0.109,NaN,NaN,NaN
1990,6,29,0.073,NaN,NaN,NaN
1990,6,30,0.263,NaN,NaN,NaN
1990,7,1,0.121,NaN,NaN,NaN
1990,7,2,0.076,NaN,NaN,NaN
1990,7,3,1.238,NaN,NaN,NaN
1990,7,4,0.174,NaN,NaN,NaN
1990,7,5,0.282,NaN,NaN,NaN
1990,7,6,0.122,NaN,NaN,NaN
1990,7,7,0.592,NaN,NaN,NaN
1990,7,8,0.228,NaN,NaN,NaN
1990,7,9,0.12,NaN,NaN,NaN
1990,7,10,0.116,NaN,NaN,NaN
1990,7,11,0.133,NaN,NaN,NaN
1990,7,12,0.098,NaN,NaN,NaN
1990,7,13,0.144,NaN,NaN,NaN
1990,7,14,0.091,NaN,NaN,NaN
1990,7,15,0.074,NaN,NaN,NaN
1990,7,16,0.072,NaN,NaN,NaN
1990,7,17,0.065,NaN,NaN,NaN
1990,7,18,0.09,NaN,NaN,NaN
1990,7,19,0.065,NaN,NaN,NaN
1990,7,20,0.062,NaN,NaN,NaN
1990,7,21,0.209,NaN,NaN,NaN
1990,7,22,0.101,NaN,NaN,NaN
1990,7,23,0.232,NaN,NaN,NaN
1990,7,24,0.089,NaN,NaN,NaN
1990,7,25,0.094,NaN,NaN,NaN
1990,7,26,0.079,NaN,NaN,NaN
1990,7,27,0.33,NaN,NaN,NaN
1990,7,28,0.253,NaN,NaN,NaN
1990,7,29,3.509,NaN,NaN,NaN
1990,7,30,0.832,NaN,NaN,NaN
1990,7,31,0.257,NaN,NaN,NaN
1990,8,1,0.179,NaN,NaN,NaN
1990,8,2,0.155,NaN,NaN,NaN
1990,8,3,0.14,NaN,NaN,NaN
1990,8,4,0.132,NaN,NaN,NaN
1990,8,5,1.516,NaN,NaN,NaN
1990,8,6,0.281,NaN,NaN,NaN
1990,8,7,3.051,NaN,NaN,NaN
1990,8,8,0.429,NaN,NaN,NaN
1990,8,9,0.258,NaN,NaN,NaN
1990,8,10,0.2,NaN,NaN,NaN
1990,8,11,4.189,NaN,NaN,NaN
1990,8,12,0.509,NaN,NaN,NaN
1990,8,13,0.278,NaN,NaN,NaN
1990,8,14,0.209,NaN,NaN,NaN
1990,8,15,0.178,NaN,NaN,NaN
1990,8,16,0.775,NaN,NaN,NaN
1990,8,17,0.606,NaN,NaN,NaN
1990,8,18,4.072,NaN,NaN,NaN
1990,8,19,0.397,NaN,NaN,NaN
1990,8,20,0.246,NaN,NaN,NaN
1990,8,21,0.208,NaN,NaN,NaN
1990,8,22,3.024,NaN,NaN,NaN
1990,8,23,2.23,NaN,NaN,NaN
1990,8,24,1.482,NaN,NaN,NaN
1990,8,25,0.331,NaN,NaN,NaN
1990,8,26,0.838,NaN,NaN,NaN
1990,8,27,0.407,NaN,NaN,NaN
1990,8,28,8.08,NaN,NaN,NaN
1990,8,29,9.099,NaN,NaN,NaN
1990,8,30,0.362,NaN,NaN,NaN
1990,8,31,0.233,NaN,NaN,NaN
1990,9,1,0.2,NaN,NaN,NaN
1990,9,2,0.18,NaN,NaN,NaN
1990,9,3,0.239,NaN,NaN,NaN
1990,9,4,0.203,NaN,NaN,NaN
1990,9,5,0.371,NaN,NaN,NaN
1990,9,6,0.26,NaN,NaN,NaN
1990,9,7,0.218,NaN,NaN,NaN
1990,9,8,0.132,NaN,NaN,NaN
1990,9,9,0.125,NaN,NaN,NaN
1990,9,10,0.118,NaN,NaN,NaN
1990,9,11,0.111,NaN,NaN,NaN
1990,9,12,0.107,NaN,NaN,NaN
1990,9,13,0.103,NaN,NaN,NaN
1990,9,14,0.099,NaN,NaN,NaN
1990,9,15,0.096,NaN,NaN,NaN
1990,9,16,0.103,NaN,NaN,NaN
1990,9,17,0.105,NaN,NaN,NaN
1990,9,18,0.618,NaN,NaN,NaN
1990,9,19,0.197,NaN,NaN,NaN
1990,9,20,0.09,NaN,NaN,NaN
1990,9,21,0.085,NaN,NaN,NaN
1990,9,22,0.082,NaN,NaN,NaN
1990,9,23,0.084,NaN,NaN,NaN
1990,9,24,0.206,NaN,NaN,NaN
1990,9,25,0.185,NaN,NaN,NaN
1990,9,26,0.107,NaN,NaN,NaN
1990,9,27,0.085,NaN,NaN,NaN
1990,9,28,0.082,NaN,NaN,NaN
1990,9,29,0.337,NaN,NaN,NaN
1990,9,30,0.344,NaN,NaN,NaN
1990,10,1,0.407,NaN,NaN,NaN
1990,10,2,0.194,NaN,NaN,NaN
1990,10,3,0.124,NaN,NaN,NaN
1990,10,4,0.276,NaN,NaN,NaN
1990,10,5,0.198,NaN,NaN,NaN
1990,10,6,0.097,NaN,NaN,NaN
1990,10,7,1.528,NaN,NaN,NaN
1990,10,8,0.163,NaN,NaN,NaN
1990,10,9,0.133,NaN,NaN,NaN
1990,10,10,0.124,NaN,NaN,NaN
1990,10,11,0.093,NaN,NaN,NaN
1990,10,12,0.091,NaN,NaN,NaN
1990,10,13,0.086,NaN,NaN,NaN
1990,10,14,9.525,NaN,NaN,NaN
1990,10,15,4.376,NaN,NaN,NaN
1990,10,16,0.352,NaN,NaN,NaN
1990,10,17,1.248,NaN,NaN,NaN
1990,10,18,0.767,NaN,NaN,NaN
1990,10,19,0.344,NaN,NaN,NaN
1990,10,20,0.26,NaN,NaN,NaN
1990,10,21,0.172,NaN,NaN,NaN
1990,10,22,0.149,NaN,NaN,NaN
1990,10,23,1.144,NaN,NaN,NaN
1990,10,24,0.46,NaN,NaN,NaN
1990,10,25,0.166,NaN,NaN,NaN
1990,10,26,0.176,NaN,NaN,NaN
1990,10,27,0.286,NaN,NaN,NaN
1990,10,28,0.149,NaN,NaN,NaN
1990,10,29,0.12,NaN,NaN,NaN
1990,10,30,0.11,NaN,NaN,NaN
1990,10,31,0.106,NaN,NaN,NaN
1990,11,1,0.104,NaN,NaN,NaN
1990,11,2,0.097,NaN,NaN,NaN
1990,11,3,0.095,NaN,NaN,NaN
1990,11,4,0.094,NaN,NaN,NaN
1990,11,5,0.216,NaN,NaN,NaN
1990,11,6,0.099,NaN,NaN,NaN
1990,11,7,0.093,NaN,NaN,NaN
1990,11,8,0.096,NaN,NaN,NaN
1990,11,9,0.091,NaN,NaN,NaN
1990,11,10,0.089,NaN,NaN,NaN
1990,11,11,0.248,NaN,NaN,NaN
1990,11,12,0.477,NaN,NaN,NaN
1990,11,13,0.342,NaN,NaN,NaN
1990,11,14,0.405,NaN,NaN,NaN
1990,11,15,2.105,NaN,NaN,NaN
1990,11,16,0.377,NaN,NaN,NaN
1990,11,17,0.159,NaN,NaN,NaN
1990,11,18,0.374,NaN,NaN,NaN
1990,11,19,0.364,NaN,NaN,NaN
1990,11,20,0.134,NaN,NaN,NaN
1990,11,21,0.147,NaN,NaN,NaN
1990,11,22,0.131,NaN,NaN,NaN
1990,11,23,0.12,NaN,NaN,NaN
1990,11,24,0.111,NaN,NaN,NaN
1990,11,25,0.279,NaN,NaN,NaN
1990,11,26,0.112,NaN,NaN,NaN
1990,11,27,0.301,NaN,NaN,NaN
1990,11,28,0.131,NaN,NaN,NaN
1990,11,29,0.131,NaN,NaN,NaN
1990,11,30,0.127,NaN,NaN,NaN
1990,12,1,0.133,NaN,NaN,NaN
1990,12,2,NaN,NaN,NaN,NaN
1990,12,3,NaN,NaN,NaN,NaN
1990,12,4,NaN,NaN,NaN,NaN
1990,12,5,NaN,NaN,NaN,NaN
1990,12,6,NaN,NaN,NaN,NaN
1990,12,7,NaN,NaN,NaN,NaN
1990,12,8,NaN,NaN,NaN,NaN
1990,12,9,NaN,NaN,NaN,NaN
1990,12,10,NaN,NaN,NaN,NaN
1990,12,11,NaN,NaN,NaN,NaN
1990,12,12,NaN,NaN,NaN,NaN
1990,12,13,NaN,NaN,NaN,NaN
1990,12,14,NaN,NaN,NaN,NaN
1990,12,15,NaN,NaN,NaN,NaN
1990,12,16,NaN,NaN,NaN,NaN
1990,12,17,NaN,NaN,NaN,NaN
1990,12,18,NaN,NaN,NaN,NaN
1990,12,19,NaN,NaN,NaN,NaN
1990,12,20,NaN,NaN,NaN,NaN
1990,12,21,0.081,NaN,NaN,NaN
1990,12,22,0.04,NaN,NaN,NaN
1990,12,23,0.042,NaN,NaN,NaN
1990,12,24,0.098,NaN,NaN,NaN
1990,12,25,0.107,NaN,NaN,NaN
1990,12,26,0.115,NaN,NaN,NaN
1990,12,27,0.049,NaN,NaN,NaN
1990,12,28,0.051,NaN,NaN,NaN
1990,12,29,0.051,NaN,NaN,NaN
1990,12,30,0.053,NaN,NaN,NaN
1990,12,31,0.049,NaN,NaN,NaN
1991,1,1,0.063,NaN,NaN,NaN
1991,1,2,0.068,NaN,NaN,NaN
1991,1,3,0.068,NaN,NaN,NaN
1991,1,4,0.061,NaN,NaN,NaN
1991,1,5,0.065,NaN,NaN,NaN
1991,1,6,0.06,NaN,NaN,NaN
1991,1,7,0.065,NaN,NaN,NaN
1991,1,8,0.068,NaN,NaN,NaN
1991,1,9,0.064,NaN,NaN,NaN
1991,1,10,0.065,NaN,NaN,NaN
1991,1,11,0.065,NaN,NaN,NaN
1991,1,12,0.071,NaN,NaN,NaN
1991,1,13,0.072,NaN,NaN,NaN
1991,1,14,0.065,NaN,NaN,NaN
1991,1,15,0.146,NaN,NaN,NaN
1991,1,16,0.082,NaN,NaN,NaN
1991,1,17,0.226,NaN,NaN,NaN
1991,1,18,0.072,NaN,NaN,NaN
1991,1,19,0.07,NaN,NaN,NaN
1991,1,20,0.073,NaN,NaN,NaN
1991,1,21,0.061,NaN,NaN,NaN
1991,1,22,0.075,NaN,NaN,NaN
1991,1,23,0.099,NaN,NaN,NaN
1991,1,24,0.081,NaN,NaN,NaN
1991,1,25,2.877,NaN,NaN,NaN
1991,1,26,1.909,NaN,NaN,NaN
1991,1,27,0.525,NaN,NaN,NaN
1991,1,28,0.099,NaN,NaN,NaN
1991,1,29,0.165,NaN,NaN,NaN
1991,1,30,1.107,NaN,NaN,NaN
1991,1,31,0.206,NaN,NaN,NaN
1991,2,1,0.07,NaN,NaN,NaN
1991,2,2,0.234,NaN,NaN,NaN
1991,2,3,0.046,NaN,NaN,NaN
1991,2,4,0.031,NaN,NaN,NaN
1991,2,5,0.023,NaN,NaN,NaN
1991,2,6,0.027,NaN,NaN,NaN
1991,2,7,0.024,NaN,NaN,NaN
1991,2,8,0.025,NaN,NaN,NaN
1991,2,9,0.023,NaN,NaN,NaN
1991,2,10,0.025,NaN,NaN,NaN
1991,2,11,0.026,NaN,NaN,NaN
1991,2,12,0.026,NaN,NaN,NaN
1991,2,13,0.04,NaN,NaN,NaN
1991,2,14,0.04,NaN,NaN,NaN
1991,2,15,0.046,NaN,NaN,NaN
1991,2,16,0.049,NaN,NaN,NaN
1991,2,17,1,NaN,NaN,NaN
1991,2,18,0.945,NaN,NaN,NaN
1991,2,19,0.129,NaN,NaN,NaN
1991,2,20,0.1,NaN,NaN,NaN
1991,2,21,0.043,NaN,NaN,NaN
1991,2,22,0.039,NaN,NaN,NaN
1991,2,23,0.033,NaN,NaN,NaN
1991,2,24,0.031,NaN,NaN,NaN
1991,2,25,0.03,NaN,NaN,NaN
1991,2,26,0.03,NaN,NaN,NaN
1991,2,27,0.036,NaN,NaN,NaN
1991,2,28,0.454,NaN,NaN,NaN
1991,3,1,0.339,NaN,NaN,NaN
1991,3,2,0.036,NaN,NaN,NaN
1991,3,3,0.387,NaN,NaN,NaN
1991,3,4,0.039,NaN,NaN,NaN
1991,3,5,0.033,NaN,NaN,NaN
1991,3,6,0.031,NaN,NaN,NaN
1991,3,7,0.102,NaN,NaN,NaN
1991,3,8,0.032,NaN,NaN,NaN
1991,3,9,0.029,NaN,NaN,NaN
1991,3,10,0.03,NaN,NaN,NaN
1991,3,11,0.045,NaN,NaN,NaN
1991,3,12,0.043,NaN,NaN,NaN
1991,3,13,0.042,NaN,NaN,NaN
1991,3,14,0.07,NaN,NaN,NaN
1991,3,15,0.096,NaN,NaN,NaN
1991,3,16,0.058,NaN,NaN,NaN
1991,3,17,0.056,NaN,NaN,NaN
1991,3,18,0.067,NaN,NaN,NaN
1991,3,19,0.361,NaN,NaN,NaN
1991,3,20,0.16,NaN,NaN,NaN
1991,3,21,0.047,NaN,NaN,NaN
1991,3,22,0.045,NaN,NaN,NaN
1991,3,23,0.037,NaN,NaN,NaN
1991,3,24,0.052,NaN,NaN,NaN
1991,3,25,0.062,NaN,NaN,NaN
1991,3,26,4.07,NaN,NaN,NaN
1991,3,27,0.709,NaN,NaN,NaN
1991,3,28,0.175,NaN,NaN,NaN
1991,3,29,0.062,NaN,NaN,NaN
1991,3,30,0.049,NaN,NaN,NaN
1991,3,31,0.042,NaN,NaN,NaN
1991,4,1,0.035,NaN,NaN,NaN
1991,4,2,0.034,NaN,NaN,NaN
1991,4,3,0.106,NaN,NaN,NaN
1991,4,4,0.129,NaN,NaN,NaN
1991,4,5,0.097,NaN,NaN,NaN
1991,4,6,0.192,NaN,NaN,NaN
1991,4,7,0.039,NaN,NaN,NaN
1991,4,8,0.029,NaN,NaN,NaN
1991,4,9,0.04,NaN,NaN,NaN
1991,4,10,0.088,NaN,NaN,NaN
1991,4,11,0.073,NaN,NaN,NaN
1991,4,12,0.028,NaN,NaN,NaN
1991,4,13,0.027,NaN,NaN,NaN
1991,4,14,0.026,NaN,NaN,NaN
1991,4,15,0.03,NaN,NaN,NaN
1991,4,16,0.027,NaN,NaN,NaN
1991,4,17,0.099,NaN,NaN,NaN
1991,4,18,0.156,NaN,NaN,NaN
1991,4,19,0.04,NaN,NaN,NaN
1991,4,20,0.031,NaN,NaN,NaN
1991,4,21,0.067,NaN,NaN,NaN
1991,4,22,0.033,NaN,NaN,NaN
1991,4,23,0.666,NaN,NaN,NaN
1991,4,24,0.848,NaN,NaN,NaN
1991,4,25,0.149,NaN,NaN,NaN
1991,4,26,0.112,NaN,NaN,NaN
1991,4,27,0.045,NaN,NaN,NaN
1991,4,28,0.498,NaN,NaN,NaN
1991,4,29,0.134,NaN,NaN,NaN
1991,4,30,0.064,NaN,NaN,NaN
1991,5,1,0.087,NaN,NaN,NaN
1991,5,2,0.099,NaN,NaN,NaN
1991,5,3,0.069,NaN,NaN,NaN
1991,5,4,0.089,NaN,NaN,NaN
1991,5,5,0.135,NaN,NaN,NaN
1991,5,6,0.219,NaN,NaN,NaN
1991,5,7,0.073,NaN,NaN,NaN
1991,5,8,0.074,NaN,NaN,NaN
1991,5,9,0.071,NaN,NaN,NaN
1991,5,10,0.077,NaN,NaN,NaN
1991,5,11,0.065,NaN,NaN,NaN
1991,5,12,0.063,NaN,NaN,NaN
1991,5,13,0.081,NaN,NaN,NaN
1991,5,14,0.068,NaN,NaN,NaN
1991,5,15,0.062,NaN,NaN,NaN
1991,5,16,0.062,NaN,NaN,NaN
1991,5,17,0.062,NaN,NaN,NaN
1991,5,18,0.06,NaN,NaN,NaN
1991,5,19,0.057,NaN,NaN,NaN
1991,5,20,0.048,NaN,NaN,NaN
1991,5,21,0.044,NaN,NaN,NaN
1991,5,22,0.039,NaN,NaN,NaN
1991,5,23,0.034,NaN,NaN,NaN
1991,5,24,0.028,NaN,NaN,NaN
1991,5,25,0.027,NaN,NaN,NaN
1991,5,26,0.027,NaN,NaN,NaN
1991,5,27,0.029,NaN,NaN,NaN
1991,5,28,0.042,NaN,NaN,NaN
1991,5,29,0.051,NaN,NaN,NaN
1991,5,30,0.037,NaN,NaN,NaN
1991,5,31,0.029,NaN,NaN,NaN
1991,6,1,0.032,NaN,NaN,NaN
1991,6,2,0.117,NaN,NaN,NaN
1991,6,3,0.055,NaN,NaN,NaN
1991,6,4,0.028,NaN,NaN,NaN
1991,6,5,0.031,NaN,NaN,NaN
1991,6,6,0.044,NaN,NaN,NaN
1991,6,7,0.066,NaN,NaN,NaN
1991,6,8,0.039,NaN,NaN,NaN
1991,6,9,0.039,NaN,NaN,NaN
1991,6,10,0.039,NaN,NaN,NaN
1991,6,11,0.044,NaN,NaN,NaN
1991,6,12,0.047,NaN,NaN,NaN
1991,6,13,0.053,NaN,NaN,NaN
1991,6,14,0.063,NaN,NaN,NaN
1991,6,15,0.409,NaN,NaN,NaN
1991,6,16,0.202,NaN,NaN,NaN
1991,6,17,0.052,NaN,NaN,NaN
1991,6,18,0.08,NaN,NaN,NaN
1991,6,19,0.119,NaN,NaN,NaN
1991,6,20,0.139,NaN,NaN,NaN
1991,6,21,0.087,NaN,NaN,NaN
1991,6,22,0.045,NaN,NaN,NaN
1991,6,23,0.18,NaN,NaN,NaN
1991,6,24,0.14,NaN,NaN,NaN
1991,6,25,0.305,NaN,NaN,NaN
1991,6,26,0.203,NaN,NaN,NaN
1991,6,27,0.123,NaN,NaN,NaN
1991,6,28,0.171,NaN,NaN,NaN
1991,6,29,0.271,NaN,NaN,NaN
1991,6,30,0.115,NaN,NaN,NaN
1991,7,1,0.176,NaN,NaN,NaN
1991,7,2,0.119,NaN,NaN,NaN
1991,7,3,0.191,NaN,NaN,NaN
1991,7,4,0.089,NaN,NaN,NaN
1991,7,5,0.147,NaN,NaN,NaN
1991,7,6,0.283,NaN,NaN,NaN
1991,7,7,0.139,NaN,NaN,NaN
1991,7,8,0.094,NaN,NaN,NaN
1991,7,9,0.084,NaN,NaN,NaN
1991,7,10,0.197,NaN,NaN,NaN
1991,7,11,0.323,NaN,NaN,NaN
1991,7,12,3.048,NaN,NaN,NaN
1991,7,13,1.313,NaN,NaN,NaN
1991,7,14,0.221,NaN,NaN,NaN
1991,7,15,0.156,NaN,NaN,NaN
1991,7,16,0.11,NaN,NaN,NaN
1991,7,17,2.382,NaN,NaN,NaN
1991,7,18,2.908,NaN,NaN,NaN
1991,7,19,0.211,NaN,NaN,NaN
1991,7,20,0.153,NaN,NaN,NaN
1991,7,21,0.496,NaN,NaN,NaN
1991,7,22,0.359,NaN,NaN,NaN
1991,7,23,0.371,NaN,NaN,NaN
1991,7,24,0.226,NaN,NaN,NaN
1991,7,25,0.233,NaN,NaN,NaN
1991,7,26,0.181,NaN,NaN,NaN
1991,7,27,0.144,NaN,NaN,NaN
1991,7,28,0.132,NaN,NaN,NaN
1991,7,29,0.109,NaN,NaN,NaN
1991,7,30,0.131,NaN,NaN,NaN
1991,7,31,0.117,NaN,NaN,NaN
1991,8,1,0.109,NaN,NaN,NaN
1991,8,2,0.118,NaN,NaN,NaN
1991,8,3,0.095,NaN,NaN,NaN
1991,8,4,0.081,NaN,NaN,NaN
1991,8,5,0.091,NaN,NaN,NaN
1991,8,6,0.072,NaN,NaN,NaN
1991,8,7,0.534,NaN,NaN,NaN
1991,8,8,0.246,NaN,NaN,NaN
1991,8,9,1.087,NaN,NaN,NaN
1991,8,10,0.276,NaN,NaN,NaN
1991,8,11,0.162,NaN,NaN,NaN
1991,8,12,0.155,NaN,NaN,NaN
1991,8,13,0.117,NaN,NaN,NaN
1991,8,14,0.102,NaN,NaN,NaN
1991,8,15,0.095,NaN,NaN,NaN
1991,8,16,3.259,NaN,NaN,NaN
1991,8,17,0.43,NaN,NaN,NaN
1991,8,18,0.315,NaN,NaN,NaN
1991,8,19,0.283,NaN,NaN,NaN
1991,8,20,0.226,NaN,NaN,NaN
1991,8,21,0.171,NaN,NaN,NaN
1991,8,22,0.178,NaN,NaN,NaN
1991,8,23,0.133,NaN,NaN,NaN
1991,8,24,0.164,NaN,NaN,NaN
1991,8,25,0.901,NaN,NaN,NaN
1991,8,26,0.276,NaN,NaN,NaN
1991,8,27,0.179,NaN,NaN,NaN
1991,8,28,0.301,NaN,NaN,NaN
1991,8,29,0.195,NaN,NaN,NaN
1991,8,30,0.154,NaN,NaN,NaN
1991,8,31,0.151,NaN,NaN,NaN
1991,9,1,0.359,NaN,NaN,NaN
1991,9,2,0.179,NaN,NaN,NaN
1991,9,3,0.138,NaN,NaN,NaN
1991,9,4,0.14,NaN,NaN,NaN
1991,9,5,0.121,NaN,NaN,NaN
1991,9,6,0.103,NaN,NaN,NaN
1991,9,7,0.339,NaN,NaN,NaN
1991,9,8,0.203,NaN,NaN,NaN
1991,9,9,0.097,NaN,NaN,NaN
1991,9,10,0.093,NaN,NaN,NaN
1991,9,11,0.09,NaN,NaN,NaN
1991,9,12,0.089,NaN,NaN,NaN
1991,9,13,4.368,NaN,NaN,NaN
1991,9,14,2.719,NaN,NaN,NaN
1991,9,15,0.266,NaN,NaN,NaN
1991,9,16,0.18,NaN,NaN,NaN
1991,9,17,0.291,NaN,NaN,NaN
1991,9,18,0.524,NaN,NaN,NaN
1991,9,19,0.249,NaN,NaN,NaN
1991,9,20,0.181,NaN,NaN,NaN
1991,9,21,0.212,NaN,NaN,NaN
1991,9,22,0.151,NaN,NaN,NaN
1991,9,23,0.131,NaN,NaN,NaN
1991,9,24,0.135,NaN,NaN,NaN
1991,9,25,0.178,NaN,NaN,NaN
1991,9,26,0.125,NaN,NaN,NaN
1991,9,27,0.109,NaN,NaN,NaN
1991,9,28,0.463,NaN,NaN,NaN
1991,9,29,0.175,NaN,NaN,NaN
1991,9,30,0.147,NaN,NaN,NaN
1991,10,1,0.302,NaN,NaN,NaN
1991,10,2,0.233,NaN,NaN,NaN
1991,10,3,0.142,NaN,NaN,NaN
1991,10,4,0.14,NaN,NaN,NaN
1991,10,5,0.183,NaN,NaN,NaN
1991,10,6,0.132,NaN,NaN,NaN
1991,10,7,0.136,NaN,NaN,NaN
1991,10,8,0.141,NaN,NaN,NaN
1991,10,9,0.143,NaN,NaN,NaN
1991,10,10,0.428,NaN,NaN,NaN
1991,10,11,0.147,NaN,NaN,NaN
1991,10,12,0.146,NaN,NaN,NaN
1991,10,13,0.147,NaN,NaN,NaN
1991,10,14,0.211,NaN,NaN,NaN
1991,10,15,0.149,NaN,NaN,NaN
1991,10,16,0.157,NaN,NaN,NaN
1991,10,17,0.15,NaN,NaN,NaN
1991,10,18,0.162,NaN,NaN,NaN
1991,10,19,0.153,NaN,NaN,NaN
1991,10,20,0.157,NaN,NaN,NaN
1991,10,21,0.152,NaN,NaN,NaN
1991,10,22,0.148,NaN,NaN,NaN
1991,10,23,0.212,NaN,NaN,NaN
1991,10,24,0.146,NaN,NaN,NaN
1991,10,25,0.139,NaN,NaN,NaN
1991,10,26,0.134,NaN,NaN,NaN
1991,10,27,0.134,NaN,NaN,NaN
1991,10,28,0.267,NaN,NaN,NaN
1991,10,29,0.296,NaN,NaN,NaN
1991,10,30,0.11,NaN,NaN,NaN
1991,10,31,0.139,NaN,NaN,NaN
1991,11,1,0.088,NaN,NaN,NaN
1991,11,2,0.089,NaN,NaN,NaN
1991,11,3,0.095,NaN,NaN,NaN
1991,11,4,0.483,NaN,NaN,NaN
1991,11,5,0.092,NaN,NaN,NaN
1991,11,6,0.109,NaN,NaN,NaN
1991,11,7,0.156,NaN,NaN,NaN
1991,11,8,0.075,NaN,NaN,NaN
1991,11,9,0.219,NaN,NaN,NaN
1991,11,10,0.09,NaN,NaN,NaN
1991,11,11,0.081,NaN,NaN,NaN
1991,11,12,0.067,NaN,NaN,NaN
1991,11,13,0.069,NaN,NaN,NaN
1991,11,14,0.077,NaN,NaN,NaN
1991,11,15,0.06,NaN,NaN,NaN
1991,11,16,0.06,NaN,NaN,NaN
1991,11,17,0.059,NaN,NaN,NaN
1991,11,18,0.056,NaN,NaN,NaN
1991,11,19,0.058,NaN,NaN,NaN
1991,11,20,0.058,NaN,NaN,NaN
1991,11,21,0.059,NaN,NaN,NaN
1991,11,22,0.059,NaN,NaN,NaN
1991,11,23,0.058,NaN,NaN,NaN
1991,11,24,0.06,NaN,NaN,NaN
1991,11,25,0.055,NaN,NaN,NaN
1991,11,26,0.054,NaN,NaN,NaN
1991,11,27,0.055,NaN,NaN,NaN
1991,11,28,0.054,NaN,NaN,NaN
1991,11,29,0.12,NaN,NaN,NaN
1991,11,30,0.051,NaN,NaN,NaN
1991,12,1,0.049,NaN,NaN,NaN
1991,12,2,0.116,NaN,NaN,NaN
1991,12,3,0.048,NaN,NaN,NaN
1991,12,4,0.054,NaN,NaN,NaN
1991,12,5,0.048,NaN,NaN,NaN
1991,12,6,0.097,NaN,NaN,NaN
1991,12,7,0.121,NaN,NaN,NaN
1991,12,8,0.047,NaN,NaN,NaN
1991,12,9,0.044,NaN,NaN,NaN
1991,12,10,0.042,NaN,NaN,NaN
1991,12,11,0.042,NaN,NaN,NaN
1991,12,12,0.039,NaN,NaN,NaN
1991,12,13,0.042,NaN,NaN,NaN
1991,12,14,0.041,NaN,NaN,NaN
1991,12,15,0.037,NaN,NaN,NaN
1991,12,16,0.04,NaN,NaN,NaN
1991,12,17,0.044,NaN,NaN,NaN
1991,12,18,0.05,NaN,NaN,NaN
1991,12,19,0.041,NaN,NaN,NaN
1991,12,20,0.035,NaN,NaN,NaN
1991,12,21,0.037,NaN,NaN,NaN
1991,12,22,0.035,NaN,NaN,NaN
1991,12,23,0.117,NaN,NaN,NaN
1991,12,24,0.082,NaN,NaN,NaN
1991,12,25,0.039,NaN,NaN,NaN
1991,12,26,0.036,NaN,NaN,NaN
1991,12,27,0.041,NaN,NaN,NaN
1991,12,28,0.082,NaN,NaN,NaN
1991,12,29,0.062,NaN,NaN,NaN
1991,12,30,0.045,NaN,NaN,NaN
1991,12,31,1.517,NaN,NaN,NaN
1992,1,1,0.122,NaN,NaN,NaN
1992,1,2,0.082,NaN,NaN,NaN
1992,1,3,0.045,NaN,NaN,NaN
1992,1,4,0.043,NaN,NaN,NaN
1992,1,5,0.043,NaN,NaN,NaN
1992,1,6,0.041,NaN,NaN,NaN
1992,1,7,0.041,NaN,NaN,NaN
1992,1,8,0.083,NaN,NaN,NaN
1992,1,9,0.045,NaN,NaN,NaN
1992,1,10,0.045,NaN,NaN,NaN
1992,1,11,0.045,NaN,NaN,NaN
1992,1,12,0.043,NaN,NaN,NaN
1992,1,13,0.142,NaN,NaN,NaN
1992,1,14,0.119,NaN,NaN,NaN
1992,1,15,0.059,NaN,NaN,NaN
1992,1,16,0.067,NaN,NaN,NaN
1992,1,17,0.975,NaN,NaN,NaN
1992,1,18,1.765,NaN,NaN,NaN
1992,1,19,0.086,NaN,NaN,NaN
1992,1,20,0.064,NaN,NaN,NaN
1992,1,21,0.061,NaN,NaN,NaN
1992,1,22,0.06,NaN,NaN,NaN
1992,1,23,0.066,NaN,NaN,NaN
1992,1,24,0.099,NaN,NaN,NaN
1992,1,25,0.069,NaN,NaN,NaN
1992,1,26,0.072,NaN,NaN,NaN
1992,1,27,0.165,NaN,NaN,NaN
1992,1,28,0.11,NaN,NaN,NaN
1992,1,29,1.569,NaN,NaN,NaN
1992,1,30,1.163,NaN,NaN,NaN
1992,1,31,0.092,NaN,NaN,NaN
1992,2,1,0.081,NaN,NaN,NaN
1992,2,2,0.085,NaN,NaN,NaN
1992,2,3,0.078,NaN,NaN,NaN
1992,2,4,0.077,NaN,NaN,NaN
1992,2,5,0.084,NaN,NaN,NaN
1992,2,6,0.088,NaN,NaN,NaN
1992,2,7,0.115,NaN,NaN,NaN
1992,2,8,0.123,NaN,NaN,NaN
1992,2,9,0.075,NaN,NaN,NaN
1992,2,10,0.041,NaN,NaN,NaN
1992,2,11,0.038,NaN,NaN,NaN
1992,2,12,0.038,NaN,NaN,NaN
1992,2,13,0.037,NaN,NaN,NaN
1992,2,14,0.058,NaN,NaN,NaN
1992,2,15,0.072,NaN,NaN,NaN
1992,2,16,0.048,NaN,NaN,NaN
1992,2,17,0.047,NaN,NaN,NaN
1992,2,18,0.049,NaN,NaN,NaN
1992,2,19,0.049,NaN,NaN,NaN
1992,2,20,0.048,NaN,NaN,NaN
1992,2,21,0.048,NaN,NaN,NaN
1992,2,22,0.049,NaN,NaN,NaN
1992,2,23,0.047,NaN,NaN,NaN
1992,2,24,0.047,NaN,NaN,NaN
1992,2,25,0.047,NaN,NaN,NaN
1992,2,26,0.046,NaN,NaN,NaN
1992,2,27,0.045,NaN,NaN,NaN
1992,2,28,0.045,NaN,NaN,NaN
1992,2,29,0.046,NaN,NaN,NaN
1992,3,1,0.044,NaN,NaN,NaN
1992,3,2,0.044,NaN,NaN,NaN
1992,3,3,0.044,NaN,NaN,NaN
1992,3,4,0.044,NaN,NaN,NaN
1992,3,5,0.044,NaN,NaN,NaN
1992,3,6,0.042,NaN,NaN,NaN
1992,3,7,0.903,NaN,NaN,NaN
1992,3,8,0.076,NaN,NaN,NaN
1992,3,9,0.044,NaN,NaN,NaN
1992,3,10,0.04,NaN,NaN,NaN
1992,3,11,0.039,NaN,NaN,NaN
1992,3,12,0.039,NaN,NaN,NaN
1992,3,13,0.038,NaN,NaN,NaN
1992,3,14,0.038,NaN,NaN,NaN
1992,3,15,0.037,NaN,NaN,NaN
1992,3,16,0.037,NaN,NaN,NaN
1992,3,17,0.037,NaN,NaN,NaN
1992,3,18,0.039,NaN,NaN,NaN
1992,3,19,0.04,NaN,NaN,NaN
1992,3,20,0.038,NaN,NaN,NaN
1992,3,21,0.037,NaN,NaN,NaN
1992,3,22,0.062,NaN,NaN,NaN
1992,3,23,0.04,NaN,NaN,NaN
1992,3,24,0.037,NaN,NaN,NaN
1992,3,25,0.037,NaN,NaN,NaN
1992,3,26,0.037,NaN,NaN,NaN
1992,3,27,0.037,NaN,NaN,NaN
1992,3,28,0.037,NaN,NaN,NaN
1992,3,29,0.043,NaN,NaN,NaN
1992,3,30,0.04,NaN,NaN,NaN
1992,3,31,0.037,NaN,NaN,NaN
1992,4,1,0.038,NaN,NaN,NaN
1992,4,2,0.038,NaN,NaN,NaN
1992,4,3,0.05,NaN,NaN,NaN
1992,4,4,0.043,NaN,NaN,NaN
1992,4,5,0.038,NaN,NaN,NaN
1992,4,6,NaN,NaN,NaN,NaN
1992,4,7,NaN,NaN,NaN,NaN
1992,4,8,NaN,NaN,NaN,NaN
1992,4,9,NaN,NaN,NaN,NaN
1992,4,10,0.605,NaN,NaN,NaN
1992,4,11,0.736,NaN,NaN,NaN
1992,4,12,0.151,NaN,NaN,NaN
1992,4,13,0.111,NaN,NaN,NaN
1992,4,14,0.11,NaN,NaN,NaN
1992,4,15,0.092,NaN,NaN,NaN
1992,4,16,0.09,NaN,NaN,NaN
1992,4,17,0.093,NaN,NaN,NaN
1992,4,18,0.089,NaN,NaN,NaN
1992,4,19,0.084,NaN,NaN,NaN
1992,4,20,0.082,NaN,NaN,NaN
1992,4,21,0.08,NaN,NaN,NaN
1992,4,22,0.079,NaN,NaN,NaN
1992,4,23,0.078,NaN,NaN,NaN
1992,4,24,0.078,NaN,NaN,NaN
1992,4,25,0.077,NaN,NaN,NaN
1992,4,26,0.076,NaN,NaN,NaN
1992,4,27,0.078,NaN,NaN,NaN
1992,4,28,0.08,NaN,NaN,NaN
1992,4,29,0.076,NaN,NaN,NaN
1992,4,30,0.074,NaN,NaN,NaN
1992,5,1,0.074,NaN,NaN,NaN
1992,5,2,1.022,NaN,NaN,NaN
1992,5,3,0.31,NaN,NaN,NaN
1992,5,4,0.161,NaN,NaN,NaN
1992,5,5,0.461,NaN,NaN,NaN
1992,5,6,0.168,NaN,NaN,NaN
1992,5,7,0.099,NaN,NaN,NaN
1992,5,8,0.128,NaN,NaN,NaN
1992,5,9,0.665,NaN,NaN,NaN
1992,5,10,0.735,NaN,NaN,NaN
1992,5,11,0.222,NaN,NaN,NaN
1992,5,12,0.327,NaN,NaN,NaN
1992,5,13,0.158,NaN,NaN,NaN
1992,5,14,0.121,NaN,NaN,NaN
1992,5,15,0.161,NaN,NaN,NaN
1992,5,16,0.108,NaN,NaN,NaN
1992,5,17,0.098,NaN,NaN,NaN
1992,5,18,0.095,NaN,NaN,NaN
1992,5,19,0.091,NaN,NaN,NaN
1992,5,20,0.122,NaN,NaN,NaN
1992,5,21,0.166,NaN,NaN,NaN
1992,5,22,0.087,NaN,NaN,NaN
1992,5,23,0.085,NaN,NaN,NaN
1992,5,24,0.479,NaN,NaN,NaN
1992,5,25,0.452,NaN,NaN,NaN
1992,5,26,0.203,NaN,NaN,NaN
1992,5,27,0.261,NaN,NaN,NaN
1992,5,28,0.446,NaN,NaN,NaN
1992,5,29,0.204,NaN,NaN,NaN
1992,5,30,0.146,NaN,NaN,NaN
1992,5,31,0.104,NaN,NaN,NaN
1992,6,1,0.091,NaN,NaN,NaN
1992,6,2,0.084,NaN,NaN,NaN
1992,6,3,0.079,NaN,NaN,NaN
1992,6,4,0.076,NaN,NaN,NaN
1992,6,5,0.325,NaN,NaN,NaN
1992,6,6,4.315,NaN,NaN,NaN
1992,6,7,0.624,NaN,NaN,NaN
1992,6,8,0.207,NaN,NaN,NaN
1992,6,9,0.146,NaN,NaN,NaN
1992,6,10,0.122,NaN,NaN,NaN
1992,6,11,0.257,NaN,NaN,NaN
1992,6,12,0.341,NaN,NaN,NaN
1992,6,13,0.187,NaN,NaN,NaN
1992,6,14,0.271,NaN,NaN,NaN
1992,6,15,0.224,NaN,NaN,NaN
1992,6,16,0.159,NaN,NaN,NaN
1992,6,17,0.118,NaN,NaN,NaN
1992,6,18,0.107,NaN,NaN,NaN
1992,6,19,0.18,NaN,NaN,NaN
1992,6,20,0.121,NaN,NaN,NaN
1992,6,21,0.094,NaN,NaN,NaN
1992,6,22,0.095,NaN,NaN,NaN
1992,6,23,0.116,NaN,NaN,NaN
1992,6,24,0.158,NaN,NaN,NaN
1992,6,25,0.085,NaN,NaN,NaN
1992,6,26,0.081,NaN,NaN,NaN
1992,6,27,0.079,NaN,NaN,NaN
1992,6,28,0.322,NaN,NaN,NaN
1992,6,29,0.301,NaN,NaN,NaN
1992,6,30,0.103,NaN,NaN,NaN
1992,7,1,0.093,NaN,NaN,NaN
1992,7,2,0.089,NaN,NaN,NaN
1992,7,3,0.156,NaN,NaN,NaN
1992,7,4,0.099,NaN,NaN,NaN
1992,7,5,0.086,NaN,NaN,NaN
1992,7,6,0.19,NaN,NaN,NaN
1992,7,7,0.098,NaN,NaN,NaN
1992,7,8,0.474,NaN,NaN,NaN
1992,7,9,0.234,NaN,NaN,NaN
1992,7,10,0.121,NaN,NaN,NaN
1992,7,11,0.168,NaN,NaN,NaN
1992,7,12,1.945,NaN,NaN,NaN
1992,7,13,2.038,NaN,NaN,NaN
1992,7,14,2.177,NaN,NaN,NaN
1992,7,15,0.416,NaN,NaN,NaN
1992,7,16,0.262,NaN,NaN,NaN
1992,7,17,0.206,NaN,NaN,NaN
1992,7,18,0.175,NaN,NaN,NaN
1992,7,19,0.156,NaN,NaN,NaN
1992,7,20,0.441,NaN,NaN,NaN
1992,7,21,4.764,NaN,NaN,NaN
1992,7,22,6.911,NaN,NaN,NaN
1992,7,23,0.445,NaN,NaN,NaN
1992,7,24,0.294,NaN,NaN,NaN
1992,7,25,0.304,NaN,NaN,NaN
1992,7,26,0.334,NaN,NaN,NaN
1992,7,27,0.336,NaN,NaN,NaN
1992,7,28,0.235,NaN,NaN,NaN
1992,7,29,0.195,NaN,NaN,NaN
1992,7,30,0.175,NaN,NaN,NaN
1992,7,31,0.402,NaN,NaN,NaN
1992,8,1,0.325,NaN,NaN,NaN
1992,8,2,0.161,NaN,NaN,NaN
1992,8,3,0.146,NaN,NaN,NaN
1992,8,4,0.249,NaN,NaN,NaN
1992,8,5,0.248,NaN,NaN,NaN
1992,8,6,0.157,NaN,NaN,NaN
1992,8,7,0.143,NaN,NaN,NaN
1992,8,8,0.137,NaN,NaN,NaN
1992,8,9,0.769,NaN,NaN,NaN
1992,8,10,0.651,NaN,NaN,NaN
1992,8,11,0.299,NaN,NaN,NaN
1992,8,12,0.472,NaN,NaN,NaN
1992,8,13,0.302,NaN,NaN,NaN
1992,8,14,1.068,NaN,NaN,NaN
1992,8,15,0.321,NaN,NaN,NaN
1992,8,16,0.394,NaN,NaN,NaN
1992,8,17,0.401,NaN,NaN,NaN
1992,8,18,0.287,NaN,NaN,NaN
1992,8,19,0.373,NaN,NaN,NaN
1992,8,20,0.45,NaN,NaN,NaN
1992,8,21,0.346,NaN,NaN,NaN
1992,8,22,0.35,NaN,NaN,NaN
1992,8,23,0.276,NaN,NaN,NaN
1992,8,24,0.225,NaN,NaN,NaN
1992,8,25,0.206,NaN,NaN,NaN
1992,8,26,3.252,NaN,NaN,NaN
1992,8,27,0.423,NaN,NaN,NaN
1992,8,28,0.703,NaN,NaN,NaN
1992,8,29,0.397,NaN,NaN,NaN
1992,8,30,0.295,NaN,NaN,NaN
1992,8,31,0.377,NaN,NaN,NaN
1992,9,1,0.487,NaN,NaN,NaN
1992,9,2,0.26,NaN,NaN,NaN
1992,9,3,0.237,NaN,NaN,NaN
1992,9,4,0.351,NaN,NaN,NaN
1992,9,5,0.236,NaN,NaN,NaN
1992,9,6,0.271,NaN,NaN,NaN
1992,9,7,0.44,NaN,NaN,NaN
1992,9,8,0.36,NaN,NaN,NaN
1992,9,9,0.304,NaN,NaN,NaN
1992,9,10,0.272,NaN,NaN,NaN
1992,9,11,0.318,NaN,NaN,NaN
1992,9,12,0.241,NaN,NaN,NaN
1992,9,13,0.221,NaN,NaN,NaN
1992,9,14,0.532,NaN,NaN,NaN
1992,9,15,0.323,NaN,NaN,NaN
1992,9,16,0.285,NaN,NaN,NaN
1992,9,17,0.442,NaN,NaN,NaN
1992,9,18,2.187,NaN,NaN,NaN
1992,9,19,0.426,NaN,NaN,NaN
1992,9,20,0.698,NaN,NaN,NaN
1992,9,21,0.487,NaN,NaN,NaN
1992,9,22,0.338,NaN,NaN,NaN
1992,9,23,0.273,NaN,NaN,NaN
1992,9,24,0.259,NaN,NaN,NaN
1992,9,25,0.266,NaN,NaN,NaN
1992,9,26,0.628,NaN,NaN,NaN
1992,9,27,6.917,NaN,NaN,NaN
1992,9,28,4.383,NaN,NaN,NaN
1992,9,29,0.598,NaN,NaN,NaN
1992,9,30,0.425,NaN,NaN,NaN
1992,10,1,1.418,NaN,NaN,NaN
1992,10,2,0.731,NaN,NaN,NaN
1992,10,3,0.49,NaN,NaN,NaN
1992,10,4,0.374,NaN,NaN,NaN
1992,10,5,0.324,NaN,NaN,NaN
1992,10,6,0.292,NaN,NaN,NaN
1992,10,7,0.264,NaN,NaN,NaN
1992,10,8,0.242,NaN,NaN,NaN
1992,10,9,0.222,NaN,NaN,NaN
1992,10,10,0.31,NaN,NaN,NaN
1992,10,11,0.275,NaN,NaN,NaN
1992,10,12,0.241,NaN,NaN,NaN
1992,10,13,0.251,NaN,NaN,NaN
1992,10,14,0.34,NaN,NaN,NaN
1992,10,15,0.304,NaN,NaN,NaN
1992,10,16,0.317,NaN,NaN,NaN
1992,10,17,0.204,NaN,NaN,NaN
1992,10,18,0.174,NaN,NaN,NaN
1992,10,19,0.165,NaN,NaN,NaN
1992,10,20,0.155,NaN,NaN,NaN
1992,10,21,0.154,NaN,NaN,NaN
1992,10,22,8.501,NaN,NaN,NaN
1992,10,23,21.045,NaN,NaN,NaN
1992,10,24,3.377,NaN,NaN,NaN
1992,10,25,0.679,NaN,NaN,NaN
1992,10,26,0.501,NaN,NaN,NaN
1992,10,27,0.438,NaN,NaN,NaN
1992,10,28,0.361,NaN,NaN,NaN
1992,10,29,0.34,NaN,NaN,NaN
1992,10,30,0.279,NaN,NaN,NaN
1992,10,31,0.333,NaN,NaN,NaN
1992,11,1,0.279,NaN,NaN,NaN
1992,11,2,0.241,NaN,NaN,NaN
1992,11,3,0.23,NaN,NaN,NaN
1992,11,4,0.215,NaN,NaN,NaN
1992,11,5,0.25,NaN,NaN,NaN
1992,11,6,0.41,NaN,NaN,NaN
1992,11,7,0.226,NaN,NaN,NaN
1992,11,8,0.231,NaN,NaN,NaN
1992,11,9,0.19,NaN,NaN,NaN
1992,11,10,0.179,NaN,NaN,NaN
1992,11,11,0.18,NaN,NaN,NaN
1992,11,12,0.177,NaN,NaN,NaN
1992,11,13,0.167,NaN,NaN,NaN
1992,11,14,0.16,NaN,NaN,NaN
1992,11,15,1.305,NaN,NaN,NaN
1992,11,16,2.637,NaN,NaN,NaN
1992,11,17,0.499,NaN,NaN,NaN
1992,11,18,0.265,NaN,NaN,NaN
1992,11,19,0.28,NaN,NaN,NaN
1992,11,20,0.205,NaN,NaN,NaN
1992,11,21,3.6,NaN,NaN,NaN
1992,11,22,1.381,NaN,NaN,NaN
1992,11,23,0.518,NaN,NaN,NaN
1992,11,24,0.363,NaN,NaN,NaN
1992,11,25,0.288,NaN,NaN,NaN
1992,11,26,0.259,NaN,NaN,NaN
1992,11,27,0.229,NaN,NaN,NaN
1992,11,28,0.212,NaN,NaN,NaN
1992,11,29,0.462,NaN,NaN,NaN
1992,11,30,0.234,NaN,NaN,NaN
1992,12,1,0.203,NaN,NaN,NaN
1992,12,2,0.286,NaN,NaN,NaN
1992,12,3,7.875,NaN,NaN,NaN
1992,12,4,0.468,NaN,NaN,NaN
1992,12,5,0.397,NaN,NaN,NaN
1992,12,6,0.336,NaN,NaN,NaN
1992,12,7,0.303,NaN,NaN,NaN
1992,12,8,0.288,NaN,NaN,NaN
1992,12,9,0.276,NaN,NaN,NaN
1992,12,10,0.273,NaN,NaN,NaN
1992,12,11,0.379,NaN,NaN,NaN
1992,12,12,0.841,NaN,NaN,NaN
1992,12,13,0.885,NaN,NaN,NaN
1992,12,14,0.539,NaN,NaN,NaN
1992,12,15,0.372,NaN,NaN,NaN
1992,12,16,0.322,NaN,NaN,NaN
1992,12,17,0.301,NaN,NaN,NaN
1992,12,18,0.292,NaN,NaN,NaN
1992,12,19,0.28,NaN,NaN,NaN
1992,12,20,0.286,NaN,NaN,NaN
1992,12,21,0.27,NaN,NaN,NaN
1992,12,22,0.267,NaN,NaN,NaN
1992,12,23,0.266,NaN,NaN,NaN
1992,12,24,0.27,NaN,NaN,NaN
1992,12,25,0.287,NaN,NaN,NaN
1992,12,26,0.267,NaN,NaN,NaN
1992,12,27,0.266,NaN,NaN,NaN
1992,12,28,0.266,NaN,NaN,NaN
1992,12,29,0.269,NaN,NaN,NaN
1992,12,30,0.294,NaN,NaN,NaN
1992,12,31,0.261,NaN,NaN,NaN
1993,1,1,0.091,NaN,NaN,NaN
1993,1,2,0.093,NaN,NaN,NaN
1993,1,3,0.092,NaN,NaN,NaN
1993,1,4,0.105,NaN,NaN,NaN
1993,1,5,0.107,NaN,NaN,NaN
1993,1,6,0.162,NaN,NaN,NaN
1993,1,7,0.098,NaN,NaN,NaN
1993,1,8,0.149,NaN,NaN,NaN
1993,1,9,0.094,NaN,NaN,NaN
1993,1,10,0.095,NaN,NaN,NaN
1993,1,11,0.096,NaN,NaN,NaN
1993,1,12,0.272,NaN,NaN,NaN
1993,1,13,0.107,NaN,NaN,NaN
1993,1,14,0.24,NaN,NaN,NaN
1993,1,15,0.083,NaN,NaN,NaN
1993,1,16,0.15,NaN,NaN,NaN
1993,1,17,0.092,NaN,NaN,NaN
1993,1,18,0.101,NaN,NaN,NaN
1993,1,19,0.096,NaN,NaN,NaN
1993,1,20,0.109,NaN,NaN,NaN
1993,1,21,0.095,NaN,NaN,NaN
1993,1,22,0.097,NaN,NaN,NaN
1993,1,23,0.098,NaN,NaN,NaN
1993,1,24,0.089,NaN,NaN,NaN
1993,1,25,0.09,NaN,NaN,NaN
1993,1,26,0.083,NaN,NaN,NaN
1993,1,27,0.079,NaN,NaN,NaN
1993,1,28,0.07,NaN,NaN,NaN
1993,1,29,0.07,NaN,NaN,NaN
1993,1,30,0.067,NaN,NaN,NaN
1993,1,31,0.067,NaN,NaN,NaN
1993,2,1,0.067,NaN,NaN,NaN
1993,2,2,0.263,NaN,NaN,NaN
1993,2,3,0.053,NaN,NaN,NaN
1993,2,4,0.051,NaN,NaN,NaN
1993,2,5,0.052,NaN,NaN,NaN
1993,2,6,0.061,NaN,NaN,NaN
1993,2,7,0.053,NaN,NaN,NaN
1993,2,8,0.216,NaN,NaN,NaN
1993,2,9,0.069,NaN,NaN,NaN
1993,2,10,0.167,NaN,NaN,NaN
1993,2,11,0.154,NaN,NaN,NaN
1993,2,12,0.062,NaN,NaN,NaN
1993,2,13,0.062,NaN,NaN,NaN
1993,2,14,0.063,NaN,NaN,NaN
1993,2,15,0.57,NaN,NaN,NaN
1993,2,16,0.287,NaN,NaN,NaN
1993,2,17,0.068,NaN,NaN,NaN
1993,2,18,0.168,NaN,NaN,NaN
1993,2,19,0.27,NaN,NaN,NaN
1993,2,20,0.057,NaN,NaN,NaN
1993,2,21,0.112,NaN,NaN,NaN
1993,2,22,0.057,NaN,NaN,NaN
1993,2,23,0.055,NaN,NaN,NaN
1993,2,24,0.056,NaN,NaN,NaN
1993,2,25,0.058,NaN,NaN,NaN
1993,2,26,0.066,NaN,NaN,NaN
1993,2,27,0.076,NaN,NaN,NaN
1993,2,28,0.057,NaN,NaN,NaN
1993,3,1,0.056,NaN,NaN,NaN
1993,3,2,0.054,NaN,NaN,NaN
1993,3,3,0.072,NaN,NaN,NaN
1993,3,4,0.164,NaN,NaN,NaN
1993,3,5,0.099,NaN,NaN,NaN
1993,3,6,0.065,NaN,NaN,NaN
1993,3,7,0.06,NaN,NaN,NaN
1993,3,8,0.058,NaN,NaN,NaN
1993,3,9,0.057,NaN,NaN,NaN
1993,3,10,0.057,NaN,NaN,NaN
1993,3,11,0.055,NaN,NaN,NaN
1993,3,12,0.08,NaN,NaN,NaN
1993,3,13,0.627,NaN,NaN,NaN
1993,3,14,0.049,NaN,NaN,NaN
1993,3,15,0.045,NaN,NaN,NaN
1993,3,16,0.034,NaN,NaN,NaN
1993,3,17,0.032,NaN,NaN,NaN
1993,3,18,0.031,NaN,NaN,NaN
1993,3,19,0.086,NaN,NaN,NaN
1993,3,20,0.043,NaN,NaN,NaN
1993,3,21,0.028,NaN,NaN,NaN
1993,3,22,0.045,NaN,NaN,NaN
1993,3,23,0.026,NaN,NaN,NaN
1993,3,24,0.027,NaN,NaN,NaN
1993,3,25,0.028,NaN,NaN,NaN
1993,3,26,0.037,NaN,NaN,NaN
1993,3,27,0.031,NaN,NaN,NaN
1993,3,28,0.025,NaN,NaN,NaN
1993,3,29,0.025,NaN,NaN,NaN
1993,3,30,0.027,NaN,NaN,NaN
1993,3,31,0.031,NaN,NaN,NaN
1993,4,1,0.064,NaN,NaN,NaN
1993,4,2,0.697,NaN,NaN,NaN
1993,4,3,0.135,NaN,NaN,NaN
1993,4,4,0.239,NaN,NaN,NaN
1993,4,5,0.064,NaN,NaN,NaN
1993,4,6,0.043,NaN,NaN,NaN
1993,4,7,0.037,NaN,NaN,NaN
1993,4,8,0.038,NaN,NaN,NaN
1993,4,9,0.037,NaN,NaN,NaN
1993,4,10,0.05,NaN,NaN,NaN
1993,4,11,0.043,NaN,NaN,NaN
1993,4,12,0.036,NaN,NaN,NaN
1993,4,13,0.037,NaN,NaN,NaN
1993,4,14,0.068,NaN,NaN,NaN
1993,4,15,0.033,NaN,NaN,NaN
1993,4,16,0.209,NaN,NaN,NaN
1993,4,17,0.065,NaN,NaN,NaN
1993,4,18,0.033,NaN,NaN,NaN
1993,4,19,0.035,NaN,NaN,NaN
1993,4,20,0.033,NaN,NaN,NaN
1993,4,21,0.181,NaN,NaN,NaN
1993,4,22,0.082,NaN,NaN,NaN
1993,4,23,0.03,NaN,NaN,NaN
1993,4,24,0.029,NaN,NaN,NaN
1993,4,25,0.034,NaN,NaN,NaN
1993,4,26,0.032,NaN,NaN,NaN
1993,4,27,0.098,NaN,NaN,NaN
1993,4,28,0.358,NaN,NaN,NaN
1993,4,29,0.152,NaN,NaN,NaN
1993,4,30,16.619,NaN,NaN,NaN
1993,5,1,16.96,NaN,NaN,NaN
1993,5,2,0.463,NaN,NaN,NaN
1993,5,3,0.229,NaN,NaN,NaN
1993,5,4,0.177,NaN,NaN,NaN
1993,5,5,0.146,NaN,NaN,NaN
1993,5,6,0.407,NaN,NaN,NaN
1993,5,7,0.231,NaN,NaN,NaN
1993,5,8,0.146,NaN,NaN,NaN
1993,5,9,0.128,NaN,NaN,NaN
1993,5,10,0.118,NaN,NaN,NaN
1993,5,11,0.109,NaN,NaN,NaN
1993,5,12,0.122,NaN,NaN,NaN
1993,5,13,0.295,NaN,NaN,NaN
1993,5,14,0.165,NaN,NaN,NaN
1993,5,15,0.121,NaN,NaN,NaN
1993,5,16,1.659,NaN,NaN,NaN
1993,5,17,0.334,NaN,NaN,NaN
1993,5,18,0.286,NaN,NaN,NaN
1993,5,19,0.23,NaN,NaN,NaN
1993,5,20,0.186,NaN,NaN,NaN
1993,5,21,0.164,NaN,NaN,NaN
1993,5,22,0.145,NaN,NaN,NaN
1993,5,23,0.131,NaN,NaN,NaN
1993,5,24,0.121,NaN,NaN,NaN
1993,5,25,0.115,NaN,NaN,NaN
1993,5,26,0.16,NaN,NaN,NaN
1993,5,27,0.168,NaN,NaN,NaN
1993,5,28,0.129,NaN,NaN,NaN
1993,5,29,0.115,NaN,NaN,NaN
1993,5,30,0.108,NaN,NaN,NaN
1993,5,31,0.099,NaN,NaN,NaN
1993,6,1,0.094,NaN,NaN,NaN
1993,6,2,0.092,NaN,NaN,NaN
1993,6,3,0.128,NaN,NaN,NaN
1993,6,4,0.122,NaN,NaN,NaN
1993,6,5,0.351,NaN,NaN,NaN
1993,6,6,0.792,NaN,NaN,NaN
1993,6,7,0.226,NaN,NaN,NaN
1993,6,8,0.168,NaN,NaN,NaN
1993,6,9,0.142,NaN,NaN,NaN
1993,6,10,0.125,NaN,NaN,NaN
1993,6,11,0.116,NaN,NaN,NaN
1993,6,12,0.111,NaN,NaN,NaN
1993,6,13,0.346,NaN,NaN,NaN
1993,6,14,0.223,NaN,NaN,NaN
1993,6,15,0.19,NaN,NaN,NaN
1993,6,16,0.166,NaN,NaN,NaN
1993,6,17,0.133,NaN,NaN,NaN
1993,6,18,0.121,NaN,NaN,NaN
1993,6,19,0.137,NaN,NaN,NaN
1993,6,20,0.443,NaN,NaN,NaN
1993,6,21,0.221,NaN,NaN,NaN
1993,6,22,0.146,NaN,NaN,NaN
1993,6,23,0.132,NaN,NaN,NaN
1993,6,24,0.337,NaN,NaN,NaN
1993,6,25,0.454,NaN,NaN,NaN
1993,6,26,0.267,NaN,NaN,NaN
1993,6,27,0.162,NaN,NaN,NaN
1993,6,28,0.243,NaN,NaN,NaN
1993,6,29,0.279,NaN,NaN,NaN
1993,6,30,0.263,NaN,NaN,NaN
1993,7,1,0.178,NaN,NaN,NaN
1993,7,2,0.157,NaN,NaN,NaN
1993,7,3,0.144,NaN,NaN,NaN
1993,7,4,0.162,NaN,NaN,NaN
1993,7,5,0.264,NaN,NaN,NaN
1993,7,6,0.262,NaN,NaN,NaN
1993,7,7,0.21,NaN,NaN,NaN
1993,7,8,0.167,NaN,NaN,NaN
1993,7,9,0.15,NaN,NaN,NaN
1993,7,10,0.137,NaN,NaN,NaN
1993,7,11,0.131,NaN,NaN,NaN
1993,7,12,0.127,NaN,NaN,NaN
1993,7,13,0.124,NaN,NaN,NaN
1993,7,14,0.118,NaN,NaN,NaN
1993,7,15,0.115,NaN,NaN,NaN
1993,7,16,0.112,NaN,NaN,NaN
1993,7,17,0.108,NaN,NaN,NaN
1993,7,18,0.105,NaN,NaN,NaN
1993,7,19,0.105,NaN,NaN,NaN
1993,7,20,0.182,NaN,NaN,NaN
1993,7,21,0.176,NaN,NaN,NaN
1993,7,22,0.11,NaN,NaN,NaN
1993,7,23,0.101,NaN,NaN,NaN
1993,7,24,0.101,NaN,NaN,NaN
1993,7,25,0.1,NaN,NaN,NaN
1993,7,26,0.091,NaN,NaN,NaN
1993,7,27,0.09,NaN,NaN,NaN
1993,7,28,0.09,NaN,NaN,NaN
1993,7,29,0.089,NaN,NaN,NaN
1993,7,30,0.091,NaN,NaN,NaN
1993,7,31,0.088,NaN,NaN,NaN
1993,8,1,0.087,NaN,NaN,NaN
1993,8,2,5.597,NaN,NaN,NaN
1993,8,3,0.229,NaN,NaN,NaN
1993,8,4,0.259,NaN,NaN,NaN
1993,8,5,0.138,NaN,NaN,NaN
1993,8,6,0.12,NaN,NaN,NaN
1993,8,7,0.161,NaN,NaN,NaN
1993,8,8,0.645,NaN,NaN,NaN
1993,8,9,0.537,NaN,NaN,NaN
1993,8,10,0.258,NaN,NaN,NaN
1993,8,11,0.189,NaN,NaN,NaN
1993,8,12,0.167,NaN,NaN,NaN
1993,8,13,0.15,NaN,NaN,NaN
1993,8,14,0.139,NaN,NaN,NaN
1993,8,15,0.14,NaN,NaN,NaN
1993,8,16,0.131,NaN,NaN,NaN
1993,8,17,0.238,NaN,NaN,NaN
1993,8,18,0.529,NaN,NaN,NaN
1993,8,19,0.17,NaN,NaN,NaN
1993,8,20,0.147,NaN,NaN,NaN
1993,8,21,0.152,NaN,NaN,NaN
1993,8,22,0.221,NaN,NaN,NaN
1993,8,23,0.235,NaN,NaN,NaN
1993,8,24,0.143,NaN,NaN,NaN
1993,8,25,0.131,NaN,NaN,NaN
1993,8,26,0.132,NaN,NaN,NaN
1993,8,27,0.125,NaN,NaN,NaN
1993,8,28,0.185,NaN,NaN,NaN
1993,8,29,0.316,NaN,NaN,NaN
1993,8,30,0.172,NaN,NaN,NaN
1993,8,31,0.127,NaN,NaN,NaN
1993,9,1,0.121,NaN,NaN,NaN
1993,9,2,0.119,NaN,NaN,NaN
1993,9,3,0.117,NaN,NaN,NaN
1993,9,4,0.149,NaN,NaN,NaN
1993,9,5,0.129,NaN,NaN,NaN
1993,9,6,0.114,NaN,NaN,NaN
1993,9,7,0.104,NaN,NaN,NaN
1993,9,8,0.103,NaN,NaN,NaN
1993,9,9,0.101,NaN,NaN,NaN
1993,9,10,0.1,NaN,NaN,NaN
1993,9,11,0.103,NaN,NaN,NaN
1993,9,12,0.133,NaN,NaN,NaN
1993,9,13,0.146,NaN,NaN,NaN
1993,9,14,0.102,NaN,NaN,NaN
1993,9,15,0.09,NaN,NaN,NaN
1993,9,16,0.092,NaN,NaN,NaN
1993,9,17,0.223,NaN,NaN,NaN
1993,9,18,0.591,NaN,NaN,NaN
1993,9,19,8.609,NaN,NaN,NaN
1993,9,20,1.287,NaN,NaN,NaN
1993,9,21,0.98,NaN,NaN,NaN
1993,9,22,4.698,NaN,NaN,NaN
1993,9,23,0.598,NaN,NaN,NaN
1993,9,24,0.448,NaN,NaN,NaN
1993,9,25,0.303,NaN,NaN,NaN
1993,9,26,0.257,NaN,NaN,NaN
1993,9,27,0.282,NaN,NaN,NaN
1993,9,28,0.221,NaN,NaN,NaN
1993,9,29,0.196,NaN,NaN,NaN
1993,9,30,0.194,NaN,NaN,NaN
1993,10,1,0.188,NaN,NaN,NaN
1993,10,2,0.18,NaN,NaN,NaN
1993,10,3,0.175,NaN,NaN,NaN
1993,10,4,0.167,NaN,NaN,NaN
1993,10,5,0.161,NaN,NaN,NaN
1993,10,6,0.156,NaN,NaN,NaN
1993,10,7,0.15,NaN,NaN,NaN
1993,10,8,0.145,NaN,NaN,NaN
1993,10,9,0.178,NaN,NaN,NaN
1993,10,10,0.141,NaN,NaN,NaN
1993,10,11,0.214,NaN,NaN,NaN
1993,10,12,0.228,NaN,NaN,NaN
1993,10,13,0.131,NaN,NaN,NaN
1993,10,14,0.129,NaN,NaN,NaN
1993,10,15,0.167,NaN,NaN,NaN
1993,10,16,0.124,NaN,NaN,NaN
1993,10,17,0.12,NaN,NaN,NaN
1993,10,18,0.118,NaN,NaN,NaN
1993,10,19,0.129,NaN,NaN,NaN
1993,10,20,0.162,NaN,NaN,NaN
1993,10,21,0.116,NaN,NaN,NaN
1993,10,22,0.126,NaN,NaN,NaN
1993,10,23,0.108,NaN,NaN,NaN
1993,10,24,0.107,NaN,NaN,NaN
1993,10,25,0.105,NaN,NaN,NaN
1993,10,26,0.106,NaN,NaN,NaN
1993,10,27,0.109,NaN,NaN,NaN
1993,10,28,0.163,NaN,NaN,NaN
1993,10,29,0.386,NaN,NaN,NaN
1993,10,30,0.498,NaN,NaN,NaN
1993,10,31,0.365,NaN,NaN,NaN
1993,11,1,0.145,NaN,NaN,NaN
1993,11,2,0.304,NaN,NaN,NaN
1993,11,3,0.197,NaN,NaN,NaN
1993,11,4,0.119,NaN,NaN,NaN
1993,11,5,0.333,NaN,NaN,NaN
1993,11,6,0.184,NaN,NaN,NaN
1993,11,7,0.27,NaN,NaN,NaN
1993,11,8,0.163,NaN,NaN,NaN
1993,11,9,0.192,NaN,NaN,NaN
1993,11,10,0.537,NaN,NaN,NaN
1993,11,11,0.246,NaN,NaN,NaN
1993,11,12,0.694,NaN,NaN,NaN
1993,11,13,0.138,NaN,NaN,NaN
1993,11,14,0.11,NaN,NaN,NaN
1993,11,15,0.128,NaN,NaN,NaN
1993,11,16,0.103,NaN,NaN,NaN
1993,11,17,0.151,NaN,NaN,NaN
1993,11,18,0.102,NaN,NaN,NaN
1993,11,19,0.099,NaN,NaN,NaN
1993,11,20,0.099,NaN,NaN,NaN
1993,11,21,0.174,NaN,NaN,NaN
1993,11,22,0.113,NaN,NaN,NaN
1993,11,23,0.089,NaN,NaN,NaN
1993,11,24,0.105,NaN,NaN,NaN
1993,11,25,0.092,NaN,NaN,NaN
1993,11,26,0.084,NaN,NaN,NaN
1993,11,27,0.083,NaN,NaN,NaN
1993,11,28,0.172,NaN,NaN,NaN
1993,11,29,0.118,NaN,NaN,NaN
1993,11,30,0.085,NaN,NaN,NaN
1993,12,1,0.082,NaN,NaN,NaN
1993,12,2,0.081,NaN,NaN,NaN
1993,12,3,0.09,NaN,NaN,NaN
1993,12,4,0.134,NaN,NaN,NaN
1993,12,5,0.082,NaN,NaN,NaN
1993,12,6,0.431,NaN,NaN,NaN
1993,12,7,0.228,NaN,NaN,NaN
1993,12,8,0.083,NaN,NaN,NaN
1993,12,9,0.137,NaN,NaN,NaN
1993,12,10,0.094,NaN,NaN,NaN
1993,12,11,0.075,NaN,NaN,NaN
1993,12,12,0.07,NaN,NaN,NaN
1993,12,13,0.069,NaN,NaN,NaN
1993,12,14,0.08,NaN,NaN,NaN
1993,12,15,0.074,NaN,NaN,NaN
1993,12,16,0.071,NaN,NaN,NaN
1993,12,17,0.124,NaN,NaN,NaN
1993,12,18,0.103,NaN,NaN,NaN
1993,12,19,0.071,NaN,NaN,NaN
1993,12,20,0.068,NaN,NaN,NaN
1993,12,21,0.068,NaN,NaN,NaN
1993,12,22,0.073,NaN,NaN,NaN
1993,12,23,0.076,NaN,NaN,NaN
1993,12,24,0.08,NaN,NaN,NaN
1993,12,25,0.195,NaN,NaN,NaN
1993,12,26,0.897,NaN,NaN,NaN
1993,12,27,0.554,NaN,NaN,NaN
1993,12,28,0.512,NaN,NaN,NaN
1993,12,29,0.115,NaN,NaN,NaN
1993,12,30,0.095,NaN,NaN,NaN
1993,12,31,0.094,NaN,NaN,NaN
1994,1,1,0.238,NaN,NaN,NaN
1994,1,2,0.112,NaN,NaN,NaN
1994,1,3,0.091,NaN,NaN,NaN
1994,1,4,0.075,NaN,NaN,NaN
1994,1,5,0.491,NaN,NaN,NaN
1994,1,6,0.171,NaN,NaN,NaN
1994,1,7,0.082,NaN,NaN,NaN
1994,1,8,0.083,NaN,NaN,NaN
1994,1,9,0.077,NaN,NaN,NaN
1994,1,10,0.098,NaN,NaN,NaN
1994,1,11,0.091,NaN,NaN,NaN
1994,1,12,0.126,NaN,NaN,NaN
1994,1,13,0.11,NaN,NaN,NaN
1994,1,14,0.774,NaN,NaN,NaN
1994,1,15,0.252,NaN,NaN,NaN
1994,1,16,0.077,NaN,NaN,NaN
1994,1,17,0.072,NaN,NaN,NaN
1994,1,18,0.069,NaN,NaN,NaN
1994,1,19,0.069,NaN,NaN,NaN
1994,1,20,0.069,NaN,NaN,NaN
1994,1,21,0.131,NaN,NaN,NaN
1994,1,22,0.092,NaN,NaN,NaN
1994,1,23,0.069,NaN,NaN,NaN
1994,1,24,0.126,NaN,NaN,NaN
1994,1,25,0.089,NaN,NaN,NaN
1994,1,26,0.115,NaN,NaN,NaN
1994,1,27,0.182,NaN,NaN,NaN
1994,1,28,0.07,NaN,NaN,NaN
1994,1,29,0.072,NaN,NaN,NaN
1994,1,30,0.069,NaN,NaN,NaN
1994,1,31,0.071,NaN,NaN,NaN
1994,2,1,0.083,NaN,NaN,NaN
1994,2,2,0.078,NaN,NaN,NaN
1994,2,3,0.08,NaN,NaN,NaN
1994,2,4,0.073,NaN,NaN,NaN
1994,2,5,0.071,NaN,NaN,NaN
1994,2,6,0.109,NaN,NaN,NaN
1994,2,7,0.077,NaN,NaN,NaN
1994,2,8,0.068,NaN,NaN,NaN
1994,2,9,0.073,NaN,NaN,NaN
1994,2,10,0.074,NaN,NaN,NaN
1994,2,11,0.072,NaN,NaN,NaN
1994,2,12,0.071,NaN,NaN,NaN
1994,2,13,0.073,NaN,NaN,NaN
1994,2,14,0.073,NaN,NaN,NaN
1994,2,15,0.308,NaN,NaN,NaN
1994,2,16,0.361,NaN,NaN,NaN
1994,2,17,0.229,NaN,NaN,NaN
1994,2,18,0.111,NaN,NaN,NaN
1994,2,19,0.09,NaN,NaN,NaN
1994,2,20,0.242,NaN,NaN,NaN
1994,2,21,0.298,NaN,NaN,NaN
1994,2,22,0.114,NaN,NaN,NaN
1994,2,23,0.095,NaN,NaN,NaN
1994,2,24,0.156,NaN,NaN,NaN
1994,2,25,0.127,NaN,NaN,NaN
1994,2,26,0.108,NaN,NaN,NaN
1994,2,27,0.109,NaN,NaN,NaN
1994,2,28,0.142,NaN,NaN,NaN
1994,3,1,0.188,NaN,NaN,NaN
1994,3,2,0.167,NaN,NaN,NaN
1994,3,3,0.123,NaN,NaN,NaN
1994,3,4,0.181,NaN,NaN,NaN
1994,3,5,0.127,NaN,NaN,NaN
1994,3,6,0.127,NaN,NaN,NaN
1994,3,7,0.125,NaN,NaN,NaN
1994,3,8,0.136,NaN,NaN,NaN
1994,3,9,0.126,NaN,NaN,NaN
1994,3,10,0.124,NaN,NaN,NaN
1994,3,11,0.122,NaN,NaN,NaN
1994,3,12,0.123,NaN,NaN,NaN
1994,3,13,0.121,NaN,NaN,NaN
1994,3,14,0.146,NaN,NaN,NaN
1994,3,15,0.576,NaN,NaN,NaN
1994,3,16,0.185,NaN,NaN,NaN
1994,3,17,0.125,NaN,NaN,NaN
1994,3,18,0.137,NaN,NaN,NaN
1994,3,19,0.117,NaN,NaN,NaN
1994,3,20,0.209,NaN,NaN,NaN
1994,3,21,0.121,NaN,NaN,NaN
1994,3,22,0.115,NaN,NaN,NaN
1994,3,23,0.111,NaN,NaN,NaN
1994,3,24,0.112,NaN,NaN,NaN
1994,3,25,0.112,NaN,NaN,NaN
1994,3,26,0.107,NaN,NaN,NaN
1994,3,27,0.106,NaN,NaN,NaN
1994,3,28,0.11,NaN,NaN,NaN
1994,3,29,0.108,NaN,NaN,NaN
1994,3,30,0.108,NaN,NaN,NaN
1994,3,31,0.112,NaN,NaN,NaN
1994,4,1,0.11,NaN,NaN,NaN
1994,4,2,0.278,NaN,NaN,NaN
1994,4,3,0.343,NaN,NaN,NaN
1994,4,4,0.17,NaN,NaN,NaN
1994,4,5,0.101,NaN,NaN,NaN
1994,4,6,0.108,NaN,NaN,NaN
1994,4,7,0.104,NaN,NaN,NaN
1994,4,8,0.128,NaN,NaN,NaN
1994,4,9,0.543,NaN,NaN,NaN
1994,4,10,0.249,NaN,NaN,NaN
1994,4,11,0.109,NaN,NaN,NaN
1994,4,12,0.097,NaN,NaN,NaN
1994,4,13,0.105,NaN,NaN,NaN
1994,4,14,0.31,NaN,NaN,NaN
1994,4,15,0.65,NaN,NaN,NaN
1994,4,16,0.227,NaN,NaN,NaN
1994,4,17,0.117,NaN,NaN,NaN
1994,4,18,0.104,NaN,NaN,NaN
1994,4,19,0.09,NaN,NaN,NaN
1994,4,20,0.087,NaN,NaN,NaN
1994,4,21,0.153,NaN,NaN,NaN
1994,4,22,0.147,NaN,NaN,NaN
1994,4,23,0.181,NaN,NaN,NaN
1994,4,24,0.088,NaN,NaN,NaN
1994,4,25,0.081,NaN,NaN,NaN
1994,4,26,0.119,NaN,NaN,NaN
1994,4,27,0.079,NaN,NaN,NaN
1994,4,28,0.077,NaN,NaN,NaN
1994,4,29,0.076,NaN,NaN,NaN
1994,4,30,0.075,NaN,NaN,NaN
1994,5,1,0.074,NaN,NaN,NaN
1994,5,2,0.076,NaN,NaN,NaN
1994,5,3,0.079,NaN,NaN,NaN
1994,5,4,0.074,NaN,NaN,NaN
1994,5,5,0.08,NaN,NaN,NaN
1994,5,6,0.177,NaN,NaN,NaN
1994,5,7,0.652,NaN,NaN,NaN
1994,5,8,0.332,NaN,NaN,NaN
1994,5,9,0.19,NaN,NaN,NaN
1994,5,10,0.097,NaN,NaN,NaN
1994,5,11,0.143,NaN,NaN,NaN
1994,5,12,0.243,NaN,NaN,NaN
1994,5,13,0.267,NaN,NaN,NaN
1994,5,14,0.132,NaN,NaN,NaN
1994,5,15,0.145,NaN,NaN,NaN
1994,5,16,0.099,NaN,NaN,NaN
1994,5,17,0.136,NaN,NaN,NaN
1994,5,18,0.116,NaN,NaN,NaN
1994,5,19,0.083,NaN,NaN,NaN
1994,5,20,0.685,NaN,NaN,NaN
1994,5,21,0.367,NaN,NaN,NaN
1994,5,22,0.181,NaN,NaN,NaN
1994,5,23,0.128,NaN,NaN,NaN
1994,5,24,1.269,NaN,NaN,NaN
1994,5,25,0.19,NaN,NaN,NaN
1994,5,26,0.131,NaN,NaN,NaN
1994,5,27,0.515,NaN,NaN,NaN
1994,5,28,0.143,NaN,NaN,NaN
1994,5,29,0.115,NaN,NaN,NaN
1994,5,30,0.1,NaN,NaN,NaN
1994,5,31,0.097,NaN,NaN,NaN
1994,6,1,0.117,NaN,NaN,NaN
1994,6,2,0.084,NaN,NaN,NaN
1994,6,3,0.082,NaN,NaN,NaN
1994,6,4,0.08,NaN,NaN,NaN
1994,6,5,0.076,NaN,NaN,NaN
1994,6,6,0.072,NaN,NaN,NaN
1994,6,7,0.07,NaN,NaN,NaN
1994,6,8,0.069,NaN,NaN,NaN
1994,6,9,0.068,NaN,NaN,NaN
1994,6,10,0.211,NaN,NaN,NaN
1994,6,11,1.174,NaN,NaN,NaN
1994,6,12,0.21,NaN,NaN,NaN
1994,6,13,0.127,NaN,NaN,NaN
1994,6,14,0.146,NaN,NaN,NaN
1994,6,15,0.09,NaN,NaN,NaN
1994,6,16,0.285,NaN,NaN,NaN
1994,6,17,0.22,NaN,NaN,NaN
1994,6,18,0.161,NaN,NaN,NaN
1994,6,19,0.151,NaN,NaN,NaN
1994,6,20,0.117,NaN,NaN,NaN
1994,6,21,0.737,NaN,NaN,NaN
1994,6,22,0.179,NaN,NaN,NaN
1994,6,23,0.128,NaN,NaN,NaN
1994,6,24,0.108,NaN,NaN,NaN
1994,6,25,0.279,NaN,NaN,NaN
1994,6,26,0.157,NaN,NaN,NaN
1994,6,27,0.16,NaN,NaN,NaN
1994,6,28,0.128,NaN,NaN,NaN
1994,6,29,0.111,NaN,NaN,NaN
1994,6,30,0.1,NaN,NaN,NaN
1994,7,1,0.098,NaN,NaN,NaN
1994,7,2,0.145,NaN,NaN,NaN
1994,7,3,0.121,NaN,NaN,NaN
1994,7,4,0.132,NaN,NaN,NaN
1994,7,5,0.11,NaN,NaN,NaN
1994,7,6,0.269,NaN,NaN,NaN
1994,7,7,0.221,NaN,NaN,NaN
1994,7,8,0.239,NaN,NaN,NaN
1994,7,9,0.189,NaN,NaN,NaN
1994,7,10,0.118,NaN,NaN,NaN
1994,7,11,0.129,NaN,NaN,NaN
1994,7,12,0.286,NaN,NaN,NaN
1994,7,13,0.37,NaN,NaN,NaN
1994,7,14,0.144,NaN,NaN,NaN
1994,7,15,0.145,NaN,NaN,NaN
1994,7,16,0.529,NaN,NaN,NaN
1994,7,17,7.387,NaN,NaN,NaN
1994,7,18,0.389,NaN,NaN,NaN
1994,7,19,0.371,NaN,NaN,NaN
1994,7,20,0.209,NaN,NaN,NaN
1994,7,21,0.174,NaN,NaN,NaN
1994,7,22,0.15,NaN,NaN,NaN
1994,7,23,0.133,NaN,NaN,NaN
1994,7,24,0.318,NaN,NaN,NaN
1994,7,25,13.586,NaN,NaN,NaN
1994,7,26,0.569,NaN,NaN,NaN
1994,7,27,0.274,NaN,NaN,NaN
1994,7,28,0.277,NaN,NaN,NaN
1994,7,29,0.265,NaN,NaN,NaN
1994,7,30,0.163,NaN,NaN,NaN
1994,7,31,0.129,NaN,NaN,NaN
1994,8,1,0.116,NaN,NaN,NaN
1994,8,2,0.161,NaN,NaN,NaN
1994,8,3,0.173,NaN,NaN,NaN
1994,8,4,0.231,NaN,NaN,NaN
1994,8,5,0.106,NaN,NaN,NaN
1994,8,6,0.122,NaN,NaN,NaN
1994,8,7,0.096,NaN,NaN,NaN
1994,8,8,0.241,NaN,NaN,NaN
1994,8,9,0.36,NaN,NaN,NaN
1994,8,10,0.144,NaN,NaN,NaN
1994,8,11,0.125,NaN,NaN,NaN
1994,8,12,0.099,NaN,NaN,NaN
1994,8,13,0.091,NaN,NaN,NaN
1994,8,14,0.086,NaN,NaN,NaN
1994,8,15,0.496,NaN,NaN,NaN
1994,8,16,0.138,NaN,NaN,NaN
1994,8,17,0.104,NaN,NaN,NaN
1994,8,18,0.095,NaN,NaN,NaN
1994,8,19,0.093,NaN,NaN,NaN
1994,8,20,0.089,NaN,NaN,NaN
1994,8,21,0.083,NaN,NaN,NaN
1994,8,22,0.08,NaN,NaN,NaN
1994,8,23,0.08,NaN,NaN,NaN
1994,8,24,0.345,NaN,NaN,NaN
1994,8,25,0.389,NaN,NaN,NaN
1994,8,26,0.126,NaN,NaN,NaN
1994,8,27,0.098,NaN,NaN,NaN
1994,8,28,0.092,NaN,NaN,NaN
1994,8,29,0.088,NaN,NaN,NaN
1994,8,30,0.085,NaN,NaN,NaN
1994,8,31,0.087,NaN,NaN,NaN
1994,9,1,0.084,NaN,NaN,NaN
1994,9,2,0.09,NaN,NaN,NaN
1994,9,3,0.307,NaN,NaN,NaN
1994,9,4,0.09,NaN,NaN,NaN
1994,9,5,0.19,NaN,NaN,NaN
1994,9,6,0.087,NaN,NaN,NaN
1994,9,7,0.421,NaN,NaN,NaN
1994,9,8,0.268,NaN,NaN,NaN
1994,9,9,0.256,NaN,NaN,NaN
1994,9,10,0.126,NaN,NaN,NaN
1994,9,11,0.106,NaN,NaN,NaN
1994,9,12,0.102,NaN,NaN,NaN
1994,9,13,0.101,NaN,NaN,NaN
1994,9,14,0.087,NaN,NaN,NaN
1994,9,15,0.102,NaN,NaN,NaN
1994,9,16,0.347,NaN,NaN,NaN
1994,9,17,0.157,NaN,NaN,NaN
1994,9,18,0.115,NaN,NaN,NaN
1994,9,19,0.103,NaN,NaN,NaN
1994,9,20,0.247,NaN,NaN,NaN
1994,9,21,0.41,NaN,NaN,NaN
1994,9,22,0.258,NaN,NaN,NaN
1994,9,23,0.181,NaN,NaN,NaN
1994,9,24,0.106,NaN,NaN,NaN
1994,9,25,0.106,NaN,NaN,NaN
1994,9,26,0.153,NaN,NaN,NaN
1994,9,27,0.096,NaN,NaN,NaN
1994,9,28,0.308,NaN,NaN,NaN
1994,9,29,0.171,NaN,NaN,NaN
1994,9,30,0.143,NaN,NaN,NaN
1994,10,1,0.169,NaN,NaN,NaN
1994,10,2,0.243,NaN,NaN,NaN
1994,10,3,0.106,NaN,NaN,NaN
1994,10,4,0.194,NaN,NaN,NaN
1994,10,5,0.1,NaN,NaN,NaN
1994,10,6,0.215,NaN,NaN,NaN
1994,10,7,0.425,NaN,NaN,NaN
1994,10,8,0.259,NaN,NaN,NaN
1994,10,9,0.366,NaN,NaN,NaN
1994,10,10,0.222,NaN,NaN,NaN
1994,10,11,0.154,NaN,NaN,NaN
1994,10,12,0.129,NaN,NaN,NaN
1994,10,13,0.144,NaN,NaN,NaN
1994,10,14,0.259,NaN,NaN,NaN
1994,10,15,0.25,NaN,NaN,NaN
1994,10,16,0.123,NaN,NaN,NaN
1994,10,17,0.122,NaN,NaN,NaN
1994,10,18,0.119,NaN,NaN,NaN
1994,10,19,0.11,NaN,NaN,NaN
1994,10,20,0.108,NaN,NaN,NaN
1994,10,21,0.104,NaN,NaN,NaN
1994,10,22,0.101,NaN,NaN,NaN
1994,10,23,0.17,NaN,NaN,NaN
1994,10,24,0.251,NaN,NaN,NaN
1994,10,25,0.16,NaN,NaN,NaN
1994,10,26,0.106,NaN,NaN,NaN
1994,10,27,0.105,NaN,NaN,NaN
1994,10,28,0.098,NaN,NaN,NaN
1994,10,29,0.099,NaN,NaN,NaN
1994,10,30,0.096,NaN,NaN,NaN
1994,10,31,0.833,NaN,NaN,NaN
1994,11,1,0.648,NaN,NaN,NaN
1994,11,2,0.107,NaN,NaN,NaN
1994,11,3,0.091,NaN,NaN,NaN
1994,11,4,0.088,NaN,NaN,NaN
1994,11,5,0.084,NaN,NaN,NaN
1994,11,6,0.125,NaN,NaN,NaN
1994,11,7,0.341,NaN,NaN,NaN
1994,11,8,0.1,NaN,NaN,NaN
1994,11,9,0.181,NaN,NaN,NaN
1994,11,10,0.089,NaN,NaN,NaN
1994,11,11,0.086,NaN,NaN,NaN
1994,11,12,0.084,NaN,NaN,NaN
1994,11,13,0.08,NaN,NaN,NaN
1994,11,14,0.078,NaN,NaN,NaN
1994,11,15,0.074,NaN,NaN,NaN
1994,11,16,0.112,NaN,NaN,NaN
1994,11,17,0.071,NaN,NaN,NaN
1994,11,18,0.07,NaN,NaN,NaN
1994,11,19,0.07,NaN,NaN,NaN
1994,11,20,0.065,NaN,NaN,NaN
1994,11,21,0.064,NaN,NaN,NaN
1994,11,22,0.426,NaN,NaN,NaN
1994,11,23,0.12,NaN,NaN,NaN
1994,11,24,0.063,NaN,NaN,NaN
1994,11,25,0.061,NaN,NaN,NaN
1994,11,26,0.062,NaN,NaN,NaN
1994,11,27,0.068,NaN,NaN,NaN
1994,11,28,0.06,NaN,NaN,NaN
1994,11,29,0.059,NaN,NaN,NaN
1994,11,30,0.056,NaN,NaN,NaN
1994,12,1,0.124,NaN,NaN,NaN
1994,12,2,0.094,NaN,NaN,NaN
1994,12,3,0.065,NaN,NaN,NaN
1994,12,4,0.058,NaN,NaN,NaN
1994,12,5,0.058,NaN,NaN,NaN
1994,12,6,0.057,NaN,NaN,NaN
1994,12,7,0.072,NaN,NaN,NaN
1994,12,8,0.056,NaN,NaN,NaN
1994,12,9,0.054,NaN,NaN,NaN
1994,12,10,0.054,NaN,NaN,NaN
1994,12,11,0.057,NaN,NaN,NaN
1994,12,12,0.052,NaN,NaN,NaN
1994,12,13,0.052,NaN,NaN,NaN
1994,12,14,0.052,NaN,NaN,NaN
1994,12,15,0.052,NaN,NaN,NaN
1994,12,16,0.05,NaN,NaN,NaN
1994,12,17,0.049,NaN,NaN,NaN
1994,12,18,0.051,NaN,NaN,NaN
1994,12,19,0.051,NaN,NaN,NaN
1994,12,20,0.05,NaN,NaN,NaN
1994,12,21,0.051,NaN,NaN,NaN
1994,12,22,0.05,NaN,NaN,NaN
1994,12,23,0.063,NaN,NaN,NaN
1994,12,24,0.105,NaN,NaN,NaN
1994,12,25,0.1,NaN,NaN,NaN
1994,12,26,0.056,NaN,NaN,NaN
1994,12,27,0.052,NaN,NaN,NaN
1994,12,28,0.054,NaN,NaN,NaN
1994,12,29,0.055,NaN,NaN,NaN
1994,12,30,0.054,NaN,NaN,NaN
1994,12,31,0.081,NaN,NaN,NaN
1995,1,1,0.088,NaN,NaN,NaN
1995,1,2,0.057,NaN,NaN,NaN
1995,1,3,0.056,NaN,NaN,NaN
1995,1,4,0.057,NaN,NaN,NaN
1995,1,5,0.057,NaN,NaN,NaN
1995,1,6,0.057,NaN,NaN,NaN
1995,1,7,0.057,NaN,NaN,NaN
1995,1,8,0.058,NaN,NaN,NaN
1995,1,9,0.093,NaN,NaN,NaN
1995,1,10,0.926,NaN,NaN,NaN
1995,1,11,0.624,NaN,NaN,NaN
1995,1,12,0.722,NaN,NaN,NaN
1995,1,13,0.099,NaN,NaN,NaN
1995,1,14,0.046,NaN,NaN,NaN
1995,1,15,0.053,NaN,NaN,NaN
1995,1,16,0.082,NaN,NaN,NaN
1995,1,17,0.21,NaN,NaN,NaN
1995,1,18,0.579,NaN,NaN,NaN
1995,1,19,7.405,NaN,NaN,NaN
1995,1,20,2.713,NaN,NaN,NaN
1995,1,21,0.493,NaN,NaN,NaN
1995,1,22,0.162,NaN,NaN,NaN
1995,1,23,0.089,NaN,NaN,NaN
1995,1,24,0.061,NaN,NaN,NaN
1995,1,25,0.071,NaN,NaN,NaN
1995,1,26,0.055,NaN,NaN,NaN
1995,1,27,0.204,NaN,NaN,NaN
1995,1,28,0.158,NaN,NaN,NaN
1995,1,29,0.11,NaN,NaN,NaN
1995,1,30,0.055,NaN,NaN,NaN
1995,1,31,0.051,NaN,NaN,NaN
1995,2,1,0.055,NaN,NaN,NaN
1995,2,2,0.556,NaN,NaN,NaN
1995,2,3,0.07,NaN,NaN,NaN
1995,2,4,0.053,NaN,NaN,NaN
1995,2,5,0.051,NaN,NaN,NaN
1995,2,6,0.051,NaN,NaN,NaN
1995,2,7,0.058,NaN,NaN,NaN
1995,2,8,0.051,NaN,NaN,NaN
1995,2,9,0.049,NaN,NaN,NaN
1995,2,10,0.055,NaN,NaN,NaN
1995,2,11,0.388,NaN,NaN,NaN
1995,2,12,0.424,NaN,NaN,NaN
1995,2,13,0.051,NaN,NaN,NaN
1995,2,14,0.049,NaN,NaN,NaN
1995,2,15,0.054,NaN,NaN,NaN
1995,2,16,0.068,NaN,NaN,NaN
1995,2,17,0.052,NaN,NaN,NaN
1995,2,18,0.053,NaN,NaN,NaN
1995,2,19,0.055,NaN,NaN,NaN
1995,2,20,0.055,NaN,NaN,NaN
1995,2,21,0.057,NaN,NaN,NaN
1995,2,22,0.116,NaN,NaN,NaN
1995,2,23,0.368,NaN,NaN,NaN
1995,2,24,0.075,NaN,NaN,NaN
1995,2,25,0.079,NaN,NaN,NaN
1995,2,26,0.185,NaN,NaN,NaN
1995,2,27,0.416,NaN,NaN,NaN
1995,2,28,0.081,NaN,NaN,NaN
1995,3,1,0.093,NaN,NaN,NaN
1995,3,2,0.343,NaN,NaN,NaN
1995,3,3,0.763,NaN,NaN,NaN
1995,3,4,5.484,NaN,NaN,NaN
1995,3,5,0.308,NaN,NaN,NaN
1995,3,6,0.122,NaN,NaN,NaN
1995,3,7,0.091,NaN,NaN,NaN
1995,3,8,0.077,NaN,NaN,NaN
1995,3,9,0.07,NaN,NaN,NaN
1995,3,10,0.069,NaN,NaN,NaN
1995,3,11,0.38,NaN,NaN,NaN
1995,3,12,0.309,NaN,NaN,NaN
1995,3,13,1.214,NaN,NaN,NaN
1995,3,14,0.213,NaN,NaN,NaN
1995,3,15,0.128,NaN,NaN,NaN
1995,3,16,0.112,NaN,NaN,NaN
1995,3,17,0.153,NaN,NaN,NaN
1995,3,18,0.122,NaN,NaN,NaN
1995,3,19,0.086,NaN,NaN,NaN
1995,3,20,0.086,NaN,NaN,NaN
1995,3,21,0.084,NaN,NaN,NaN
1995,3,22,0.139,NaN,NaN,NaN
1995,3,23,0.083,NaN,NaN,NaN
1995,3,24,0.081,NaN,NaN,NaN
1995,3,25,0.086,NaN,NaN,NaN
1995,3,26,0.081,NaN,NaN,NaN
1995,3,27,0.08,NaN,NaN,NaN
1995,3,28,0.364,NaN,NaN,NaN
1995,3,29,24.203,NaN,NaN,NaN
1995,3,30,NaN,NaN,NaN,NaN
1995,3,31,NaN,NaN,NaN,NaN
1995,4,1,NaN,NaN,NaN,NaN
1995,4,2,NaN,NaN,NaN,NaN
1995,4,3,NaN,NaN,NaN,NaN
1995,4,4,NaN,NaN,NaN,NaN
1995,4,5,NaN,NaN,NaN,NaN
1995,4,6,NaN,NaN,NaN,NaN
1995,4,7,NaN,NaN,NaN,NaN
1995,4,8,NaN,NaN,NaN,NaN
1995,4,9,NaN,NaN,NaN,NaN
1995,4,10,NaN,NaN,NaN,NaN
1995,4,11,NaN,NaN,NaN,NaN
1995,4,12,NaN,NaN,NaN,NaN
1995,4,13,NaN,NaN,NaN,NaN
1995,4,14,NaN,NaN,NaN,NaN
1995,4,15,NaN,NaN,NaN,NaN
1995,4,16,NaN,NaN,NaN,NaN
1995,4,17,NaN,NaN,NaN,NaN
1995,4,18,0.147,NaN,NaN,NaN
1995,4,19,0.202,NaN,NaN,NaN
1995,4,20,0.135,NaN,NaN,NaN
1995,4,21,0.149,NaN,NaN,NaN
1995,4,22,0.192,NaN,NaN,NaN
1995,4,23,0.158,NaN,NaN,NaN
1995,4,24,0.2,NaN,NaN,NaN
1995,4,25,0.204,NaN,NaN,NaN
1995,4,26,0.149,NaN,NaN,NaN
1995,4,27,0.14,NaN,NaN,NaN
1995,4,28,0.136,NaN,NaN,NaN
1995,4,29,0.14,NaN,NaN,NaN
1995,4,30,0.129,NaN,NaN,NaN
1995,5,1,0.652,NaN,NaN,NaN
1995,5,2,0.617,NaN,NaN,NaN
1995,5,3,0.236,NaN,NaN,NaN
1995,5,4,2.481,NaN,NaN,NaN
1995,5,5,0.418,NaN,NaN,NaN
1995,5,6,0.52,NaN,NaN,NaN
1995,5,7,0.251,NaN,NaN,NaN
1995,5,8,0.394,NaN,NaN,NaN
1995,5,9,0.23,NaN,NaN,NaN
1995,5,10,0.18,NaN,NaN,NaN
1995,5,11,0.157,NaN,NaN,NaN
1995,5,12,0.151,NaN,NaN,NaN
1995,5,13,0.148,NaN,NaN,NaN
1995,5,14,0.143,NaN,NaN,NaN
1995,5,15,0.143,NaN,NaN,NaN
1995,5,16,0.182,NaN,NaN,NaN
1995,5,17,0.183,NaN,NaN,NaN
1995,5,18,0.139,NaN,NaN,NaN
1995,5,19,0.133,NaN,NaN,NaN
1995,5,20,0.133,NaN,NaN,NaN
1995,5,21,0.44,NaN,NaN,NaN
1995,5,22,0.168,NaN,NaN,NaN
1995,5,23,0.138,NaN,NaN,NaN
1995,5,24,0.143,NaN,NaN,NaN
1995,5,25,0.129,NaN,NaN,NaN
1995,5,26,0.128,NaN,NaN,NaN
1995,5,27,0.235,NaN,NaN,NaN
1995,5,28,1.641,NaN,NaN,NaN
1995,5,29,0.526,NaN,NaN,NaN
1995,5,30,0.427,NaN,NaN,NaN
1995,5,31,0.249,NaN,NaN,NaN
1995,6,1,0.277,NaN,NaN,NaN
1995,6,2,0.281,NaN,NaN,NaN
1995,6,3,0.377,NaN,NaN,NaN
1995,6,4,0.368,NaN,NaN,NaN
1995,6,5,0.241,NaN,NaN,NaN
1995,6,6,0.288,NaN,NaN,NaN
1995,6,7,0.234,NaN,NaN,NaN
1995,6,8,0.195,NaN,NaN,NaN
1995,6,9,0.173,NaN,NaN,NaN
1995,6,10,1.758,NaN,NaN,NaN
1995,6,11,0.313,NaN,NaN,NaN
1995,6,12,0.939,NaN,NaN,NaN
1995,6,13,0.638,NaN,NaN,NaN
1995,6,14,0.282,NaN,NaN,NaN
1995,6,15,0.593,NaN,NaN,NaN
1995,6,16,0.495,NaN,NaN,NaN
1995,6,17,4.744,NaN,NaN,NaN
1995,6,18,2.045,NaN,NaN,NaN
1995,6,19,0.471,NaN,NaN,NaN
1995,6,20,0.428,NaN,NaN,NaN
1995,6,21,0.272,NaN,NaN,NaN
1995,6,22,0.226,NaN,NaN,NaN
1995,6,23,0.234,NaN,NaN,NaN
1995,6,24,0.186,NaN,NaN,NaN
1995,6,25,0.177,NaN,NaN,NaN
1995,6,26,0.182,NaN,NaN,NaN
1995,6,27,0.175,NaN,NaN,NaN
1995,6,28,0.167,NaN,NaN,NaN
1995,6,29,1.083,NaN,NaN,NaN
1995,6,30,0.315,NaN,NaN,NaN
1995,7,1,0.324,NaN,NaN,NaN
1995,7,2,2.691,NaN,NaN,NaN
1995,7,3,0.523,NaN,NaN,NaN
1995,7,4,0.269,NaN,NaN,NaN
1995,7,5,0.298,NaN,NaN,NaN
1995,7,6,0.243,NaN,NaN,NaN
1995,7,7,0.698,NaN,NaN,NaN
1995,7,8,0.283,NaN,NaN,NaN
1995,7,9,0.243,NaN,NaN,NaN
1995,7,10,0.307,NaN,NaN,NaN
1995,7,11,0.242,NaN,NaN,NaN
1995,7,12,4.181,NaN,NaN,NaN
1995,7,13,2.453,NaN,NaN,NaN
1995,7,14,5.894,NaN,NaN,NaN
1995,7,15,1.787,NaN,NaN,NaN
1995,7,16,0.576,NaN,NaN,NaN
1995,7,17,0.574,NaN,NaN,NaN
1995,7,18,0.387,NaN,NaN,NaN
1995,7,19,0.533,NaN,NaN,NaN
1995,7,20,0.321,NaN,NaN,NaN
1995,7,21,0.396,NaN,NaN,NaN
1995,7,22,0.554,NaN,NaN,NaN
1995,7,23,0.309,NaN,NaN,NaN
1995,7,24,0.433,NaN,NaN,NaN
1995,7,25,0.325,NaN,NaN,NaN
1995,7,26,0.356,NaN,NaN,NaN
1995,7,27,0.283,NaN,NaN,NaN
1995,7,28,0.215,NaN,NaN,NaN
1995,7,29,0.21,NaN,NaN,NaN
1995,7,30,0.202,NaN,NaN,NaN
1995,7,31,0.541,NaN,NaN,NaN
1995,8,1,3.718,NaN,NaN,NaN
1995,8,2,0.381,NaN,NaN,NaN
1995,8,3,0.313,NaN,NaN,NaN
1995,8,4,0.259,NaN,NaN,NaN
1995,8,5,0.385,NaN,NaN,NaN
1995,8,6,0.228,NaN,NaN,NaN
1995,8,7,0.204,NaN,NaN,NaN
1995,8,8,0.312,NaN,NaN,NaN
1995,8,9,1.792,NaN,NaN,NaN
1995,8,10,0.437,NaN,NaN,NaN
1995,8,11,0.271,NaN,NaN,NaN
1995,8,12,0.22,NaN,NaN,NaN
1995,8,13,0.203,NaN,NaN,NaN
1995,8,14,0.198,NaN,NaN,NaN
1995,8,15,0.204,NaN,NaN,NaN
1995,8,16,0.163,NaN,NaN,NaN
1995,8,17,0.157,NaN,NaN,NaN
1995,8,18,0.681,NaN,NaN,NaN
1995,8,19,0.805,NaN,NaN,NaN
1995,8,20,0.206,NaN,NaN,NaN
1995,8,21,0.168,NaN,NaN,NaN
1995,8,22,0.268,NaN,NaN,NaN
1995,8,23,0.156,NaN,NaN,NaN
1995,8,24,0.142,NaN,NaN,NaN
1995,8,25,0.16,NaN,NaN,NaN
1995,8,26,0.137,NaN,NaN,NaN
1995,8,27,0.135,NaN,NaN,NaN
1995,8,28,0.149,NaN,NaN,NaN
1995,8,29,0.177,NaN,NaN,NaN
1995,8,30,0.158,NaN,NaN,NaN
1995,8,31,0.133,NaN,NaN,NaN
1995,9,1,0.134,NaN,NaN,NaN
1995,9,2,0.221,NaN,NaN,NaN
1995,9,3,0.129,NaN,NaN,NaN
1995,9,4,0.123,NaN,NaN,NaN
1995,9,5,0.158,NaN,NaN,NaN
1995,9,6,7.119,NaN,NaN,NaN
1995,9,7,3.333,NaN,NaN,NaN
1995,9,8,0.274,NaN,NaN,NaN
1995,9,9,0.239,NaN,NaN,NaN
1995,9,10,0.174,NaN,NaN,NaN
1995,9,11,0.145,NaN,NaN,NaN
1995,9,12,0.137,NaN,NaN,NaN
1995,9,13,0.132,NaN,NaN,NaN
1995,9,14,0.13,NaN,NaN,NaN
1995,9,15,0.123,NaN,NaN,NaN
1995,9,16,0.121,NaN,NaN,NaN
1995,9,17,0.118,NaN,NaN,NaN
1995,9,18,0.114,NaN,NaN,NaN
1995,9,19,0.153,NaN,NaN,NaN
1995,9,20,0.111,NaN,NaN,NaN
1995,9,21,0.106,NaN,NaN,NaN
1995,9,22,0.107,NaN,NaN,NaN
1995,9,23,0.107,NaN,NaN,NaN
1995,9,24,0.104,NaN,NaN,NaN
1995,9,25,0.102,NaN,NaN,NaN
1995,9,26,0.105,NaN,NaN,NaN
1995,9,27,0.107,NaN,NaN,NaN
1995,9,28,0.12,NaN,NaN,NaN
1995,9,29,1.287,NaN,NaN,NaN
1995,9,30,0.123,NaN,NaN,NaN
1995,10,1,0.687,NaN,NaN,NaN
1995,10,2,0.141,NaN,NaN,NaN
1995,10,3,0.15,NaN,NaN,NaN
1995,10,4,0.12,NaN,NaN,NaN
1995,10,5,0.154,NaN,NaN,NaN
1995,10,6,0.117,NaN,NaN,NaN
1995,10,7,0.112,NaN,NaN,NaN
1995,10,8,0.112,NaN,NaN,NaN
1995,10,9,0.5,NaN,NaN,NaN
1995,10,10,0.147,NaN,NaN,NaN
1995,10,11,0.218,NaN,NaN,NaN
1995,10,12,0.122,NaN,NaN,NaN
1995,10,13,0.447,NaN,NaN,NaN
1995,10,14,0.13,NaN,NaN,NaN
1995,10,15,1.067,NaN,NaN,NaN
1995,10,16,0.159,NaN,NaN,NaN
1995,10,17,0.13,NaN,NaN,NaN
1995,10,18,0.124,NaN,NaN,NaN
1995,10,19,0.12,NaN,NaN,NaN
1995,10,20,0.118,NaN,NaN,NaN
1995,10,21,0.117,NaN,NaN,NaN
1995,10,22,0.119,NaN,NaN,NaN
1995,10,23,0.117,NaN,NaN,NaN
1995,10,24,0.116,NaN,NaN,NaN
1995,10,25,1.273,NaN,NaN,NaN
1995,10,26,1.125,NaN,NaN,NaN
1995,10,27,0.395,NaN,NaN,NaN
1995,10,28,0.604,NaN,NaN,NaN
1995,10,29,0.216,NaN,NaN,NaN
1995,10,30,0.162,NaN,NaN,NaN
1995,10,31,0.232,NaN,NaN,NaN
1995,11,1,0.28,NaN,NaN,NaN
1995,11,2,0.149,NaN,NaN,NaN
1995,11,3,0.131,NaN,NaN,NaN
1995,11,4,0.152,NaN,NaN,NaN
1995,11,5,0.131,NaN,NaN,NaN
1995,11,6,0.127,NaN,NaN,NaN
1995,11,7,0.13,NaN,NaN,NaN
1995,11,8,0.126,NaN,NaN,NaN
1995,11,9,0.122,NaN,NaN,NaN
1995,11,10,0.669,NaN,NaN,NaN
1995,11,11,0.123,NaN,NaN,NaN
1995,11,12,0.121,NaN,NaN,NaN
1995,11,13,0.121,NaN,NaN,NaN
1995,11,14,0.125,NaN,NaN,NaN
1995,11,15,0.116,NaN,NaN,NaN
1995,11,16,0.118,NaN,NaN,NaN
1995,11,17,3.135,NaN,NaN,NaN
1995,11,18,0.243,NaN,NaN,NaN
1995,11,19,0.125,NaN,NaN,NaN
1995,11,20,0.33,NaN,NaN,NaN
1995,11,21,0.159,NaN,NaN,NaN
1995,11,22,0.135,NaN,NaN,NaN
1995,11,23,0.121,NaN,NaN,NaN
1995,11,24,0.814,NaN,NaN,NaN
1995,11,25,0.768,NaN,NaN,NaN
1995,11,26,0.878,NaN,NaN,NaN
1995,11,27,0.275,NaN,NaN,NaN
1995,11,28,0.152,NaN,NaN,NaN
1995,11,29,0.152,NaN,NaN,NaN
1995,11,30,0.15,NaN,NaN,NaN
1995,12,1,0.147,NaN,NaN,NaN
1995,12,2,0.143,NaN,NaN,NaN
1995,12,3,0.146,NaN,NaN,NaN
1995,12,4,0.143,NaN,NaN,NaN
1995,12,5,0.14,NaN,NaN,NaN
1995,12,6,0.14,NaN,NaN,NaN
1995,12,7,0.143,NaN,NaN,NaN
1995,12,8,0.143,NaN,NaN,NaN
1995,12,9,0.133,NaN,NaN,NaN
1995,12,10,0.146,NaN,NaN,NaN
1995,12,11,0.164,NaN,NaN,NaN
1995,12,12,0.141,NaN,NaN,NaN
1995,12,13,0.14,NaN,NaN,NaN
1995,12,14,0.136,NaN,NaN,NaN
1995,12,15,1.466,NaN,NaN,NaN
1995,12,16,0.426,NaN,NaN,NaN
1995,12,17,0.278,NaN,NaN,NaN
1995,12,18,0.165,NaN,NaN,NaN
1995,12,19,0.148,NaN,NaN,NaN
1995,12,20,0.209,NaN,NaN,NaN
1995,12,21,0.405,NaN,NaN,NaN
1995,12,22,8.694,NaN,NaN,NaN
1995,12,23,6.047,NaN,NaN,NaN
1995,12,24,1.867,NaN,NaN,NaN
1995,12,25,0.536,NaN,NaN,NaN
1995,12,26,0.27,NaN,NaN,NaN
1995,12,27,0.213,NaN,NaN,NaN
1995,12,28,0.192,NaN,NaN,NaN
1995,12,29,0.179,NaN,NaN,NaN
1995,12,30,0.172,NaN,NaN,NaN
1995,12,31,0.168,NaN,NaN,NaN
1996,1,1,0.166,NaN,NaN,NaN
1996,1,2,0.16,NaN,NaN,NaN
1996,1,3,0.165,NaN,NaN,NaN
1996,1,4,0.161,NaN,NaN,NaN
1996,1,5,0.182,NaN,NaN,NaN
1996,1,6,0.163,NaN,NaN,NaN
1996,1,7,0.157,NaN,NaN,NaN
1996,1,8,0.19,NaN,NaN,NaN
1996,1,9,0.158,NaN,NaN,NaN
1996,1,10,0.156,NaN,NaN,NaN
1996,1,11,0.157,NaN,NaN,NaN
1996,1,12,0.17,NaN,NaN,NaN
1996,1,13,1.651,NaN,NaN,NaN
1996,1,14,1.258,NaN,NaN,NaN
1996,1,15,3.287,NaN,NaN,NaN
1996,1,16,3.197,NaN,NaN,NaN
1996,1,17,0.452,NaN,NaN,NaN
1996,1,18,0.227,NaN,NaN,NaN
1996,1,19,0.358,NaN,NaN,NaN
1996,1,20,1.143,NaN,NaN,NaN
1996,1,21,0.394,NaN,NaN,NaN
1996,1,22,0.319,NaN,NaN,NaN
1996,1,23,0.375,NaN,NaN,NaN
1996,1,24,0.229,NaN,NaN,NaN
1996,1,25,0.296,NaN,NaN,NaN
1996,1,26,0.205,NaN,NaN,NaN
1996,1,27,0.197,NaN,NaN,NaN
1996,1,28,0.205,NaN,NaN,NaN
1996,1,29,0.205,NaN,NaN,NaN
1996,1,30,0.2,NaN,NaN,NaN
1996,1,31,0.197,NaN,NaN,NaN
1996,2,1,0.204,NaN,NaN,NaN
1996,2,2,0.216,NaN,NaN,NaN
1996,2,3,0.208,NaN,NaN,NaN
1996,2,4,0.201,NaN,NaN,NaN
1996,2,5,0.215,NaN,NaN,NaN
1996,2,6,0.203,NaN,NaN,NaN
1996,2,7,0.219,NaN,NaN,NaN
1996,2,8,3.474,NaN,NaN,NaN
1996,2,9,0.431,NaN,NaN,NaN
1996,2,10,0.218,NaN,NaN,NaN
1996,2,11,0.179,NaN,NaN,NaN
1996,2,12,0.169,NaN,NaN,NaN
1996,2,13,NaN,NaN,NaN,NaN
1996,2,14,NaN,NaN,NaN,NaN
1996,2,15,NaN,NaN,NaN,NaN
1996,2,16,NaN,NaN,NaN,NaN
1996,2,17,NaN,NaN,NaN,NaN
1996,2,18,NaN,NaN,NaN,NaN
1996,2,19,NaN,NaN,NaN,NaN
1996,2,20,NaN,NaN,NaN,NaN
1996,2,21,NaN,NaN,NaN,NaN
1996,2,22,NaN,NaN,NaN,NaN
1996,2,23,NaN,NaN,NaN,NaN
1996,2,24,NaN,NaN,NaN,NaN
1996,2,25,NaN,NaN,NaN,NaN
1996,2,26,NaN,NaN,NaN,NaN
1996,2,27,NaN,NaN,NaN,NaN
1996,2,28,NaN,NaN,NaN,NaN
1996,2,29,NaN,NaN,NaN,NaN
1996,3,1,NaN,NaN,NaN,NaN
1996,3,2,NaN,NaN,NaN,NaN
1996,3,3,NaN,NaN,NaN,NaN
1996,3,4,NaN,NaN,NaN,NaN
1996,3,5,NaN,NaN,NaN,NaN
1996,3,6,NaN,NaN,NaN,NaN
1996,3,7,0.079,NaN,NaN,NaN
1996,3,8,0.078,NaN,NaN,NaN
1996,3,9,0.077,NaN,NaN,NaN
1996,3,10,0.081,NaN,NaN,NaN
1996,3,11,0.08,NaN,NaN,NaN
1996,3,12,0.075,NaN,NaN,NaN
1996,3,13,0.075,NaN,NaN,NaN
1996,3,14,0.075,NaN,NaN,NaN
1996,3,15,0.076,NaN,NaN,NaN
1996,3,16,0.082,NaN,NaN,NaN
1996,3,17,0.08,NaN,NaN,NaN
1996,3,18,0.076,NaN,NaN,NaN
1996,3,19,0.099,NaN,NaN,NaN
1996,3,20,0.08,NaN,NaN,NaN
1996,3,21,0.075,NaN,NaN,NaN
1996,3,22,0.884,NaN,NaN,NaN
1996,3,23,0.11,NaN,NaN,NaN
1996,3,24,0.082,NaN,NaN,NaN
1996,3,25,0.076,NaN,NaN,NaN
1996,3,26,0.084,NaN,NaN,NaN
1996,3,27,0.088,NaN,NaN,NaN
1996,3,28,0.076,NaN,NaN,NaN
1996,3,29,0.091,NaN,NaN,NaN
1996,3,30,0.086,NaN,NaN,NaN
1996,3,31,0.083,NaN,NaN,NaN
1996,4,1,0.079,NaN,NaN,NaN
1996,4,2,0.075,NaN,NaN,NaN
1996,4,3,0.075,NaN,NaN,NaN
1996,4,4,0.079,NaN,NaN,NaN
1996,4,5,0.077,NaN,NaN,NaN
1996,4,6,0.168,NaN,NaN,NaN
1996,4,7,0.09,NaN,NaN,NaN
1996,4,8,0.073,NaN,NaN,NaN
1996,4,9,0.072,NaN,NaN,NaN
1996,4,10,0.072,NaN,NaN,NaN
1996,4,11,0.075,NaN,NaN,NaN
1996,4,12,0.076,NaN,NaN,NaN
1996,4,13,0.086,NaN,NaN,NaN
1996,4,14,0.304,NaN,NaN,NaN
1996,4,15,0.08,NaN,NaN,NaN
1996,4,16,0.085,NaN,NaN,NaN
1996,4,17,0.074,NaN,NaN,NaN
1996,4,18,0.076,NaN,NaN,NaN
1996,4,19,0.084,NaN,NaN,NaN
1996,4,20,0.075,NaN,NaN,NaN
1996,4,21,0.124,NaN,NaN,NaN
1996,4,22,0.094,NaN,NaN,NaN
1996,4,23,0.074,NaN,NaN,NaN
1996,4,24,0.073,NaN,NaN,NaN
1996,4,25,0.072,NaN,NaN,NaN
1996,4,26,0.072,NaN,NaN,NaN
1996,4,27,0.07,NaN,NaN,NaN
1996,4,28,0.07,NaN,NaN,NaN
1996,4,29,4.715,NaN,NaN,NaN
1996,4,30,0.152,NaN,NaN,NaN
1996,5,1,0.089,NaN,NaN,NaN
1996,5,2,0.08,NaN,NaN,NaN
1996,5,3,0.077,NaN,NaN,NaN
1996,5,4,0.077,NaN,NaN,NaN
1996,5,5,0.075,NaN,NaN,NaN
1996,5,6,0.074,NaN,NaN,NaN
1996,5,7,0.073,NaN,NaN,NaN
1996,5,8,0.072,NaN,NaN,NaN
1996,5,9,0.093,NaN,NaN,NaN
1996,5,10,0.072,NaN,NaN,NaN
1996,5,11,0.07,NaN,NaN,NaN
1996,5,12,0.072,NaN,NaN,NaN
1996,5,13,0.072,NaN,NaN,NaN
1996,5,14,0.074,NaN,NaN,NaN
1996,5,15,0.807,NaN,NaN,NaN
1996,5,16,0.085,NaN,NaN,NaN
1996,5,17,0.09,NaN,NaN,NaN
1996,5,18,0.078,NaN,NaN,NaN
1996,5,19,0.124,NaN,NaN,NaN
1996,5,20,0.104,NaN,NaN,NaN
1996,5,21,0.603,NaN,NaN,NaN
1996,5,22,13.621,NaN,NaN,NaN
1996,5,23,0.183,NaN,NaN,NaN
1996,5,24,0.128,NaN,NaN,NaN
1996,5,25,0.104,NaN,NaN,NaN
1996,5,26,0.149,NaN,NaN,NaN
1996,5,27,0.124,NaN,NaN,NaN
1996,5,28,0.109,NaN,NaN,NaN
1996,5,29,0.088,NaN,NaN,NaN
1996,5,30,0.132,NaN,NaN,NaN
1996,5,31,0.104,NaN,NaN,NaN
1996,6,1,0.082,NaN,NaN,NaN
1996,6,2,0.078,NaN,NaN,NaN
1996,6,3,0.074,NaN,NaN,NaN
1996,6,4,0.073,NaN,NaN,NaN
1996,6,5,0.071,NaN,NaN,NaN
1996,6,6,0.076,NaN,NaN,NaN
1996,6,7,0.071,NaN,NaN,NaN
1996,6,8,0.067,NaN,NaN,NaN
1996,6,9,0.107,NaN,NaN,NaN
1996,6,10,0.101,NaN,NaN,NaN
1996,6,11,0.111,NaN,NaN,NaN
1996,6,12,0.139,NaN,NaN,NaN
1996,6,13,0.077,NaN,NaN,NaN
1996,6,14,0.069,NaN,NaN,NaN
1996,6,15,0.066,NaN,NaN,NaN
1996,6,16,0.081,NaN,NaN,NaN
1996,6,17,0.07,NaN,NaN,NaN
1996,6,18,0.063,NaN,NaN,NaN
1996,6,19,0.063,NaN,NaN,NaN
1996,6,20,0.063,NaN,NaN,NaN
1996,6,21,0.109,NaN,NaN,NaN
1996,6,22,10.921,NaN,NaN,NaN
1996,6,23,0.629,NaN,NaN,NaN
1996,6,24,0.29,NaN,NaN,NaN
1996,6,25,0.417,NaN,NaN,NaN
1996,6,26,0.15,NaN,NaN,NaN
1996,6,27,0.323,NaN,NaN,NaN
1996,6,28,0.53,NaN,NaN,NaN
1996,6,29,0.121,NaN,NaN,NaN
1996,6,30,0.372,NaN,NaN,NaN
1996,7,1,0.305,NaN,NaN,NaN
1996,7,2,0.118,NaN,NaN,NaN
1996,7,3,0.337,NaN,NaN,NaN
1996,7,4,0.36,NaN,NaN,NaN
1996,7,5,1.111,NaN,NaN,NaN
1996,7,6,0.27,NaN,NaN,NaN
1996,7,7,0.133,NaN,NaN,NaN
1996,7,8,0.11,NaN,NaN,NaN
1996,7,9,0.097,NaN,NaN,NaN
1996,7,10,0.107,NaN,NaN,NaN
1996,7,11,14.53,NaN,NaN,NaN
1996,7,12,1.124,NaN,NaN,NaN
1996,7,13,0.166,NaN,NaN,NaN
1996,7,14,0.301,NaN,NaN,NaN
1996,7,15,0.219,NaN,NaN,NaN
1996,7,16,24.068,NaN,NaN,NaN
1996,7,17,20.613,NaN,NaN,NaN
1996,7,18,0.621,NaN,NaN,NaN
1996,7,19,0.327,NaN,NaN,NaN
1996,7,20,0.397,NaN,NaN,NaN
1996,7,21,0.323,NaN,NaN,NaN
1996,7,22,0.543,NaN,NaN,NaN
1996,7,23,0.215,NaN,NaN,NaN
1996,7,24,0.201,NaN,NaN,NaN
1996,7,25,0.164,NaN,NaN,NaN
1996,7,26,0.433,NaN,NaN,NaN
1996,7,27,0.483,NaN,NaN,NaN
1996,7,28,0.155,NaN,NaN,NaN
1996,7,29,0.132,NaN,NaN,NaN
1996,7,30,0.124,NaN,NaN,NaN
1996,7,31,0.116,NaN,NaN,NaN
1996,8,1,10.104,NaN,NaN,NaN
1996,8,2,11.782,NaN,NaN,NaN
1996,8,3,0.729,NaN,NaN,NaN
1996,8,4,0.321,NaN,NaN,NaN
1996,8,5,0.298,NaN,NaN,NaN
1996,8,6,0.43,NaN,NaN,NaN
1996,8,7,0.262,NaN,NaN,NaN
1996,8,8,0.166,NaN,NaN,NaN
1996,8,9,0.271,NaN,NaN,NaN
1996,8,10,0.22,NaN,NaN,NaN
1996,8,11,0.157,NaN,NaN,NaN
1996,8,12,0.149,NaN,NaN,NaN
1996,8,13,0.125,NaN,NaN,NaN
1996,8,14,0.18,NaN,NaN,NaN
1996,8,15,0.33,NaN,NaN,NaN
1996,8,16,0.217,NaN,NaN,NaN
1996,8,17,0.127,NaN,NaN,NaN
1996,8,18,0.161,NaN,NaN,NaN
1996,8,19,0.118,NaN,NaN,NaN
1996,8,20,1.044,NaN,NaN,NaN
1996,8,21,0.302,NaN,NaN,NaN
1996,8,22,0.166,NaN,NaN,NaN
1996,8,23,0.119,NaN,NaN,NaN
1996,8,24,0.106,NaN,NaN,NaN
1996,8,25,0.121,NaN,NaN,NaN
1996,8,26,0.223,NaN,NaN,NaN
1996,8,27,0.129,NaN,NaN,NaN
1996,8,28,0.106,NaN,NaN,NaN
1996,8,29,0.214,NaN,NaN,NaN
1996,8,30,0.196,NaN,NaN,NaN
1996,8,31,0.106,NaN,NaN,NaN
1996,9,1,0.098,NaN,NaN,NaN
1996,9,2,4.619,NaN,NaN,NaN
1996,9,3,0.455,NaN,NaN,NaN
1996,9,4,9.698,NaN,NaN,NaN
1996,9,5,4.845,NaN,NaN,NaN
1996,9,6,0.397,NaN,NaN,NaN
1996,9,7,0.685,NaN,NaN,NaN
1996,9,8,0.244,NaN,NaN,NaN
1996,9,9,0.211,NaN,NaN,NaN
1996,9,10,NaN,NaN,NaN,NaN
1996,9,11,NaN,NaN,NaN,NaN
1996,9,12,NaN,NaN,NaN,NaN
1996,9,13,NaN,NaN,NaN,NaN
1996,9,14,NaN,NaN,NaN,NaN
1996,9,15,NaN,NaN,NaN,NaN
1996,9,16,NaN,NaN,NaN,NaN
1996,9,17,NaN,NaN,NaN,NaN
1996,9,18,NaN,NaN,NaN,NaN
1996,9,19,NaN,NaN,NaN,NaN
1996,9,20,NaN,NaN,NaN,NaN
1996,9,21,NaN,NaN,NaN,NaN
1996,9,22,NaN,NaN,NaN,NaN
1996,9,23,NaN,NaN,NaN,NaN
1996,9,24,NaN,NaN,NaN,NaN
1996,9,25,NaN,NaN,NaN,NaN
1996,9,26,NaN,NaN,NaN,NaN
1996,9,27,NaN,NaN,NaN,NaN
1996,9,28,NaN,NaN,NaN,NaN
1996,9,29,NaN,NaN,NaN,NaN
1996,9,30,NaN,NaN,NaN,NaN
1996,10,1,0.17,NaN,NaN,NaN
1996,10,2,0.529,NaN,NaN,NaN
1996,10,3,0.203,NaN,NaN,NaN
1996,10,4,0.168,NaN,NaN,NaN
1996,10,5,0.16,NaN,NaN,NaN
1996,10,6,0.158,NaN,NaN,NaN
1996,10,7,0.149,NaN,NaN,NaN
1996,10,8,0.28,NaN,NaN,NaN
1996,10,9,0.162,NaN,NaN,NaN
1996,10,10,0.149,NaN,NaN,NaN
1996,10,11,0.143,NaN,NaN,NaN
1996,10,12,0.147,NaN,NaN,NaN
1996,10,13,0.136,NaN,NaN,NaN
1996,10,14,0.15,NaN,NaN,NaN
1996,10,15,0.133,NaN,NaN,NaN
1996,10,16,0.131,NaN,NaN,NaN
1996,10,17,0.129,NaN,NaN,NaN
1996,10,18,0.129,NaN,NaN,NaN
1996,10,19,0.127,NaN,NaN,NaN
1996,10,20,0.128,NaN,NaN,NaN
1996,10,21,0.123,NaN,NaN,NaN
1996,10,22,0.199,NaN,NaN,NaN
1996,10,23,0.126,NaN,NaN,NaN
1996,10,24,0.115,NaN,NaN,NaN
1996,10,25,0.146,NaN,NaN,NaN
1996,10,26,3.092,NaN,NaN,NaN
1996,10,27,1.27,NaN,NaN,NaN
1996,10,28,1.329,NaN,NaN,NaN
1996,10,29,0.84,NaN,NaN,NaN
1996,10,30,0.526,NaN,NaN,NaN
1996,10,31,0.298,NaN,NaN,NaN
1996,11,1,0.235,NaN,NaN,NaN
1996,11,2,0.623,NaN,NaN,NaN
1996,11,3,0.759,NaN,NaN,NaN
1996,11,4,0.369,NaN,NaN,NaN
1996,11,5,0.235,NaN,NaN,NaN
1996,11,6,0.242,NaN,NaN,NaN
1996,11,7,0.205,NaN,NaN,NaN
1996,11,8,0.2,NaN,NaN,NaN
1996,11,9,0.175,NaN,NaN,NaN
1996,11,10,0.171,NaN,NaN,NaN
1996,11,11,0.167,NaN,NaN,NaN
1996,11,12,0.17,NaN,NaN,NaN
1996,11,13,0.36,NaN,NaN,NaN
1996,11,14,0.158,NaN,NaN,NaN
1996,11,15,0.155,NaN,NaN,NaN
1996,11,16,0.151,NaN,NaN,NaN
1996,11,17,0.144,NaN,NaN,NaN
1996,11,18,0.2,NaN,NaN,NaN
1996,11,19,0.153,NaN,NaN,NaN
1996,11,20,0.141,NaN,NaN,NaN
1996,11,21,0.133,NaN,NaN,NaN
1996,11,22,0.133,NaN,NaN,NaN
1996,11,23,0.13,NaN,NaN,NaN
1996,11,24,0.152,NaN,NaN,NaN
1996,11,25,0.13,NaN,NaN,NaN
1996,11,26,0.126,NaN,NaN,NaN
1996,11,27,0.122,NaN,NaN,NaN
1996,11,28,0.12,NaN,NaN,NaN
1996,11,29,0.362,NaN,NaN,NaN
1996,11,30,0.113,NaN,NaN,NaN
1996,12,1,0.37,NaN,NaN,NaN
1996,12,2,0.149,NaN,NaN,NaN
1996,12,3,0.146,NaN,NaN,NaN
1996,12,4,0.316,NaN,NaN,NaN
1996,12,5,0.111,NaN,NaN,NaN
1996,12,6,0.106,NaN,NaN,NaN
1996,12,7,0.104,NaN,NaN,NaN
1996,12,8,0.104,NaN,NaN,NaN
1996,12,9,0.105,NaN,NaN,NaN
1996,12,10,0.103,NaN,NaN,NaN
1996,12,11,0.106,NaN,NaN,NaN
1996,12,12,0.101,NaN,NaN,NaN
1996,12,13,0.173,NaN,NaN,NaN
1996,12,14,0.45,NaN,NaN,NaN
1996,12,15,0.137,NaN,NaN,NaN
1996,12,16,0.145,NaN,NaN,NaN
1996,12,17,0.098,NaN,NaN,NaN
1996,12,18,0.095,NaN,NaN,NaN
1996,12,19,0.098,NaN,NaN,NaN
1996,12,20,0.276,NaN,NaN,NaN
1996,12,21,0.139,NaN,NaN,NaN
1996,12,22,0.127,NaN,NaN,NaN
1996,12,23,0.091,NaN,NaN,NaN
1996,12,24,0.09,NaN,NaN,NaN
1996,12,25,0.086,NaN,NaN,NaN
1996,12,26,0.089,NaN,NaN,NaN
1996,12,27,0.101,NaN,NaN,NaN
1996,12,28,0.142,NaN,NaN,NaN
1996,12,29,1.667,NaN,NaN,NaN
1996,12,30,13.626,NaN,NaN,NaN
1996,12,31,5.397,NaN,NaN,NaN
1997,1,1,0.483,NaN,NaN,NaN
1997,1,2,0.461,NaN,NaN,NaN
1997,1,3,0.34,NaN,NaN,NaN
1997,1,4,0.232,NaN,NaN,NaN
1997,1,5,0.269,NaN,NaN,NaN
1997,1,6,0.195,NaN,NaN,NaN
1997,1,7,0.168,NaN,NaN,NaN
1997,1,8,0.161,NaN,NaN,NaN
1997,1,9,0.155,NaN,NaN,NaN
1997,1,10,1.457,NaN,NaN,NaN
1997,1,11,0.745,NaN,NaN,NaN
1997,1,12,0.262,NaN,NaN,NaN
1997,1,13,0.195,NaN,NaN,NaN
1997,1,14,0.163,NaN,NaN,NaN
1997,1,15,0.153,NaN,NaN,NaN
1997,1,16,0.147,NaN,NaN,NaN
1997,1,17,0.146,NaN,NaN,NaN
1997,1,18,0.135,NaN,NaN,NaN
1997,1,19,0.128,NaN,NaN,NaN
1997,1,20,0.121,NaN,NaN,NaN
1997,1,21,0.119,NaN,NaN,NaN
1997,1,22,0.119,NaN,NaN,NaN
1997,1,23,0.117,NaN,NaN,NaN
1997,1,24,0.117,NaN,NaN,NaN
1997,1,25,0.122,NaN,NaN,NaN
1997,1,26,0.117,NaN,NaN,NaN
1997,1,27,0.108,NaN,NaN,NaN
1997,1,28,0.107,NaN,NaN,NaN
1997,1,29,0.106,NaN,NaN,NaN
1997,1,30,0.108,NaN,NaN,NaN
1997,1,31,0.102,NaN,NaN,NaN
1997,2,1,0.12,NaN,NaN,NaN
1997,2,2,0.108,NaN,NaN,NaN
1997,2,3,0.134,NaN,NaN,NaN
1997,2,4,0.709,NaN,NaN,NaN
1997,2,5,0.153,NaN,NaN,NaN
1997,2,6,0.102,NaN,NaN,NaN
1997,2,7,1.218,NaN,NaN,NaN
1997,2,8,0.205,NaN,NaN,NaN
1997,2,9,0.115,NaN,NaN,NaN
1997,2,10,0.108,NaN,NaN,NaN
1997,2,11,0.104,NaN,NaN,NaN
1997,2,12,0.103,NaN,NaN,NaN
1997,2,13,0.104,NaN,NaN,NaN
1997,2,14,0.124,NaN,NaN,NaN
1997,2,15,0.106,NaN,NaN,NaN
1997,2,16,0.116,NaN,NaN,NaN
1997,2,17,0.158,NaN,NaN,NaN
1997,2,18,0.495,NaN,NaN,NaN
1997,2,19,0.664,NaN,NaN,NaN
1997,2,20,0.177,NaN,NaN,NaN
1997,2,21,0.137,NaN,NaN,NaN
1997,2,22,0.12,NaN,NaN,NaN
1997,2,23,0.824,NaN,NaN,NaN
1997,2,24,0.235,NaN,NaN,NaN
1997,2,25,0.127,NaN,NaN,NaN
1997,2,26,0.138,NaN,NaN,NaN
1997,2,27,0.112,NaN,NaN,NaN
1997,2,28,0.11,NaN,NaN,NaN
1997,3,1,29.139,NaN,NaN,NaN
1997,3,2,0.652,NaN,NaN,NaN
1997,3,3,0.352,NaN,NaN,NaN
1997,3,4,0.725,NaN,NaN,NaN
1997,3,5,0.56,NaN,NaN,NaN
1997,3,6,0.588,NaN,NaN,NaN
1997,3,7,0.292,NaN,NaN,NaN
1997,3,8,0.334,NaN,NaN,NaN
1997,3,9,0.556,NaN,NaN,NaN
1997,3,10,0.193,NaN,NaN,NaN
1997,3,11,1.516,NaN,NaN,NaN
1997,3,12,1.091,NaN,NaN,NaN
1997,3,13,0.391,NaN,NaN,NaN
1997,3,14,0.26,NaN,NaN,NaN
1997,3,15,0.208,NaN,NaN,NaN
1997,3,16,0.198,NaN,NaN,NaN
1997,3,17,0.18,NaN,NaN,NaN
1997,3,18,0.172,NaN,NaN,NaN
1997,3,19,0.176,NaN,NaN,NaN
1997,3,20,0.171,NaN,NaN,NaN
1997,3,21,0.171,NaN,NaN,NaN
1997,3,22,0.224,NaN,NaN,NaN
1997,3,23,0.184,NaN,NaN,NaN
1997,3,24,0.169,NaN,NaN,NaN
1997,3,25,0.17,NaN,NaN,NaN
1997,3,26,0.161,NaN,NaN,NaN
1997,3,27,0.185,NaN,NaN,NaN
1997,3,28,0.304,NaN,NaN,NaN
1997,3,29,0.16,NaN,NaN,NaN
1997,3,30,0.158,NaN,NaN,NaN
1997,3,31,0.157,NaN,NaN,NaN
1997,4,1,0.158,NaN,NaN,NaN
1997,4,2,0.15,NaN,NaN,NaN
1997,4,3,0.154,NaN,NaN,NaN
1997,4,4,0.152,NaN,NaN,NaN
1997,4,5,0.152,NaN,NaN,NaN
1997,4,6,0.16,NaN,NaN,NaN
1997,4,7,0.147,NaN,NaN,NaN
1997,4,8,0.389,NaN,NaN,NaN
1997,4,9,1.095,NaN,NaN,NaN
1997,4,10,0.22,NaN,NaN,NaN
1997,4,11,0.304,NaN,NaN,NaN
1997,4,12,0.18,NaN,NaN,NaN
1997,4,13,0.17,NaN,NaN,NaN
1997,4,14,0.755,NaN,NaN,NaN
1997,4,15,0.214,NaN,NaN,NaN
1997,4,16,0.159,NaN,NaN,NaN
1997,4,17,0.149,NaN,NaN,NaN
1997,4,18,0.143,NaN,NaN,NaN
1997,4,19,0.351,NaN,NaN,NaN
1997,4,20,0.192,NaN,NaN,NaN
1997,4,21,0.179,NaN,NaN,NaN
1997,4,22,0.142,NaN,NaN,NaN
1997,4,23,0.286,NaN,NaN,NaN
1997,4,24,0.22,NaN,NaN,NaN
1997,4,25,0.141,NaN,NaN,NaN
1997,4,26,0.429,NaN,NaN,NaN
1997,4,27,0.153,NaN,NaN,NaN
1997,4,28,0.177,NaN,NaN,NaN
1997,4,29,0.145,NaN,NaN,NaN
1997,4,30,0.144,NaN,NaN,NaN
1997,5,1,0.143,NaN,NaN,NaN
1997,5,2,0.141,NaN,NaN,NaN
1997,5,3,0.141,NaN,NaN,NaN
1997,5,4,0.139,NaN,NaN,NaN
1997,5,5,0.131,NaN,NaN,NaN
1997,5,6,0.13,NaN,NaN,NaN
1997,5,7,0.131,NaN,NaN,NaN
1997,5,8,0.149,NaN,NaN,NaN
1997,5,9,0.138,NaN,NaN,NaN
1997,5,10,0.158,NaN,NaN,NaN
1997,5,11,0.127,NaN,NaN,NaN
1997,5,12,0.6,NaN,NaN,NaN
1997,5,13,0.169,NaN,NaN,NaN
1997,5,14,0.136,NaN,NaN,NaN
1997,5,15,0.165,NaN,NaN,NaN
1997,5,16,0.131,NaN,NaN,NaN
1997,5,17,0.127,NaN,NaN,NaN
1997,5,18,0.119,NaN,NaN,NaN
1997,5,19,0.121,NaN,NaN,NaN
1997,5,20,0.118,NaN,NaN,NaN
1997,5,21,0.116,NaN,NaN,NaN
1997,5,22,0.141,NaN,NaN,NaN
1997,5,23,1.785,NaN,NaN,NaN
1997,5,24,1.664,NaN,NaN,NaN
1997,5,25,0.255,NaN,NaN,NaN
1997,5,26,0.198,NaN,NaN,NaN
1997,5,27,0.33,NaN,NaN,NaN
1997,5,28,0.245,NaN,NaN,NaN
1997,5,29,0.439,NaN,NaN,NaN
1997,5,30,0.214,NaN,NaN,NaN
1997,5,31,0.342,NaN,NaN,NaN
1997,6,1,19.34,NaN,NaN,NaN
1997,6,2,17.671,NaN,NaN,NaN
1997,6,3,5.922,NaN,NaN,NaN
1997,6,4,0.701,NaN,NaN,NaN
1997,6,5,0.421,NaN,NaN,NaN
1997,6,6,0.32,NaN,NaN,NaN
1997,6,7,0.269,NaN,NaN,NaN
1997,6,8,0.277,NaN,NaN,NaN
1997,6,9,0.25,NaN,NaN,NaN
1997,6,10,1.781,NaN,NaN,NaN
1997,6,11,0.389,NaN,NaN,NaN
1997,6,12,0.266,NaN,NaN,NaN
1997,6,13,0.23,NaN,NaN,NaN
1997,6,14,0.201,NaN,NaN,NaN
1997,6,15,0.187,NaN,NaN,NaN
1997,6,16,0.182,NaN,NaN,NaN
1997,6,17,0.78,NaN,NaN,NaN
1997,6,18,3.244,NaN,NaN,NaN
1997,6,19,0.414,NaN,NaN,NaN
1997,6,20,0.284,NaN,NaN,NaN
1997,6,21,0.243,NaN,NaN,NaN
1997,6,22,0.219,NaN,NaN,NaN
1997,6,23,0.203,NaN,NaN,NaN
1997,6,24,0.258,NaN,NaN,NaN
1997,6,25,0.242,NaN,NaN,NaN
1997,6,26,0.179,NaN,NaN,NaN
1997,6,27,0.173,NaN,NaN,NaN
1997,6,28,0.171,NaN,NaN,NaN
1997,6,29,0.299,NaN,NaN,NaN
1997,6,30,38.416,NaN,NaN,NaN
1997,7,1,8.29,NaN,NaN,NaN
1997,7,2,NaN,NaN,NaN,NaN
1997,7,3,NaN,NaN,NaN,NaN
1997,7,4,NaN,NaN,NaN,NaN
1997,7,5,NaN,NaN,NaN,NaN
1997,7,6,NaN,NaN,NaN,NaN
1997,7,7,NaN,NaN,NaN,NaN
1997,7,8,NaN,NaN,NaN,NaN
1997,7,9,NaN,NaN,NaN,NaN
1997,7,10,NaN,NaN,NaN,NaN
1997,7,11,NaN,NaN,NaN,NaN
1997,7,12,NaN,NaN,NaN,NaN
1997,7,13,NaN,NaN,NaN,NaN
1997,7,14,NaN,NaN,NaN,NaN
1997,7,15,NaN,NaN,NaN,NaN
1997,7,16,NaN,NaN,NaN,NaN
1997,7,17,NaN,NaN,NaN,NaN
1997,7,18,NaN,NaN,NaN,NaN
1997,7,19,NaN,NaN,NaN,NaN
1997,7,20,NaN,NaN,NaN,NaN
1997,7,21,NaN,NaN,NaN,NaN
1997,7,22,NaN,NaN,NaN,NaN
1997,7,23,NaN,NaN,NaN,NaN
1997,7,24,NaN,NaN,NaN,NaN
1997,7,25,NaN,NaN,NaN,NaN
1997,7,26,NaN,NaN,NaN,NaN
1997,7,27,NaN,NaN,NaN,NaN
1997,7,28,NaN,NaN,NaN,NaN
1997,7,29,0.161,NaN,NaN,NaN
1997,7,30,0.301,NaN,NaN,NaN
1997,7,31,0.276,NaN,NaN,NaN
1997,8,1,0.188,NaN,NaN,NaN
1997,8,2,0.609,NaN,NaN,NaN
1997,8,3,0.231,NaN,NaN,NaN
1997,8,4,0.165,NaN,NaN,NaN
1997,8,5,0.154,NaN,NaN,NaN
1997,8,6,0.604,NaN,NaN,NaN
1997,8,7,1.662,NaN,NaN,NaN
1997,8,8,0.972,NaN,NaN,NaN
1997,8,9,0.341,NaN,NaN,NaN
1997,8,10,0.248,NaN,NaN,NaN
1997,8,11,0.319,NaN,NaN,NaN
1997,8,12,0.223,NaN,NaN,NaN
1997,8,13,0.239,NaN,NaN,NaN
1997,8,14,0.23,NaN,NaN,NaN
1997,8,15,0.189,NaN,NaN,NaN
1997,8,16,0.167,NaN,NaN,NaN
1997,8,17,0.165,NaN,NaN,NaN
1997,8,18,0.162,NaN,NaN,NaN
1997,8,19,0.454,NaN,NaN,NaN
1997,8,20,0.188,NaN,NaN,NaN
1997,8,21,1.759,NaN,NaN,NaN
1997,8,22,1.343,NaN,NaN,NaN
1997,8,23,0.296,NaN,NaN,NaN
1997,8,24,0.221,NaN,NaN,NaN
1997,8,25,0.195,NaN,NaN,NaN
1997,8,26,0.229,NaN,NaN,NaN
1997,8,27,0.212,NaN,NaN,NaN
1997,8,28,0.257,NaN,NaN,NaN
1997,8,29,0.16,NaN,NaN,NaN
1997,8,30,0.154,NaN,NaN,NaN
1997,8,31,0.166,NaN,NaN,NaN
1997,9,1,0.148,NaN,NaN,NaN
1997,9,2,0.235,NaN,NaN,NaN
1997,9,3,0.209,NaN,NaN,NaN
1997,9,4,0.744,NaN,NaN,NaN
1997,9,5,0.262,NaN,NaN,NaN
1997,9,6,0.367,NaN,NaN,NaN
1997,9,7,10.778,NaN,NaN,NaN
1997,9,8,19.999,NaN,NaN,NaN
1997,9,9,5.909,NaN,NaN,NaN
1997,9,10,5.754,NaN,NaN,NaN
1997,9,11,4.017,NaN,NaN,NaN
1997,9,12,0.858,NaN,NaN,NaN
1997,9,13,0.908,NaN,NaN,NaN
1997,9,14,0.565,NaN,NaN,NaN
1997,9,15,0.433,NaN,NaN,NaN
1997,9,16,0.375,NaN,NaN,NaN
1997,9,17,0.336,NaN,NaN,NaN
1997,9,18,1.344,NaN,NaN,NaN
1997,9,19,0.796,NaN,NaN,NaN
1997,9,20,0.341,NaN,NaN,NaN
1997,9,21,0.293,NaN,NaN,NaN
1997,9,22,0.269,NaN,NaN,NaN
1997,9,23,0.641,NaN,NaN,NaN
1997,9,24,0.398,NaN,NaN,NaN
1997,9,25,0.387,NaN,NaN,NaN
1997,9,26,0.348,NaN,NaN,NaN
1997,9,27,6.29,NaN,NaN,NaN
1997,9,28,2.63,NaN,NaN,NaN
1997,9,29,0.785,NaN,NaN,NaN
1997,9,30,0.531,NaN,NaN,NaN
1997,10,1,0.378,NaN,NaN,NaN
1997,10,2,0.301,NaN,NaN,NaN
1997,10,3,0.263,NaN,NaN,NaN
1997,10,4,0.452,NaN,NaN,NaN
1997,10,5,0.435,NaN,NaN,NaN
1997,10,6,0.306,NaN,NaN,NaN
1997,10,7,0.31,NaN,NaN,NaN
1997,10,8,0.225,NaN,NaN,NaN
1997,10,9,0.206,NaN,NaN,NaN
1997,10,10,0.197,NaN,NaN,NaN
1997,10,11,7.984,NaN,NaN,NaN
1997,10,12,1.256,NaN,NaN,NaN
1997,10,13,0.298,NaN,NaN,NaN
1997,10,14,0.302,NaN,NaN,NaN
1997,10,15,0.272,NaN,NaN,NaN
1997,10,16,0.231,NaN,NaN,NaN
1997,10,17,0.195,NaN,NaN,NaN
1997,10,18,0.51,NaN,NaN,NaN
1997,10,19,2.31,NaN,NaN,NaN
1997,10,20,0.498,NaN,NaN,NaN
1997,10,21,0.254,NaN,NaN,NaN
1997,10,22,0.215,NaN,NaN,NaN
1997,10,23,0.196,NaN,NaN,NaN
1997,10,24,0.175,NaN,NaN,NaN
1997,10,25,0.171,NaN,NaN,NaN
1997,10,26,0.166,NaN,NaN,NaN
1997,10,27,0.165,NaN,NaN,NaN
1997,10,28,0.164,NaN,NaN,NaN
1997,10,29,0.155,NaN,NaN,NaN
1997,10,30,0.155,NaN,NaN,NaN
1997,10,31,0.161,NaN,NaN,NaN
1997,11,1,0.16,NaN,NaN,NaN
1997,11,2,0.149,NaN,NaN,NaN
1997,11,3,0.153,NaN,NaN,NaN
1997,11,4,0.144,NaN,NaN,NaN
1997,11,5,0.134,NaN,NaN,NaN
1997,11,6,0.148,NaN,NaN,NaN
1997,11,7,0.673,NaN,NaN,NaN
1997,11,8,0.192,NaN,NaN,NaN
1997,11,9,0.163,NaN,NaN,NaN
1997,11,10,0.12,NaN,NaN,NaN
1997,11,11,0.162,NaN,NaN,NaN
1997,11,12,0.114,NaN,NaN,NaN
1997,11,13,0.179,NaN,NaN,NaN
1997,11,14,0.467,NaN,NaN,NaN
1997,11,15,0.137,NaN,NaN,NaN
1997,11,16,0.46,NaN,NaN,NaN
1997,11,17,0.41,NaN,NaN,NaN
1997,11,18,0.35,NaN,NaN,NaN
1997,11,19,0.11,NaN,NaN,NaN
1997,11,20,0.11,NaN,NaN,NaN
1997,11,21,0.104,NaN,NaN,NaN
1997,11,22,0.097,NaN,NaN,NaN
1997,11,23,0.099,NaN,NaN,NaN
1997,11,24,0.105,NaN,NaN,NaN
1997,11,25,0.095,NaN,NaN,NaN
1997,11,26,0.102,NaN,NaN,NaN
1997,11,27,0.102,NaN,NaN,NaN
1997,11,28,0.105,NaN,NaN,NaN
1997,11,29,0.117,NaN,NaN,NaN
1997,11,30,0.108,NaN,NaN,NaN
1997,12,1,0.099,NaN,NaN,NaN
1997,12,2,0.098,NaN,NaN,NaN
1997,12,3,0.098,NaN,NaN,NaN
1997,12,4,2.454,NaN,NaN,NaN
1997,12,5,0.139,NaN,NaN,NaN
1997,12,6,0.103,NaN,NaN,NaN
1997,12,7,0.108,NaN,NaN,NaN
1997,12,8,0.161,NaN,NaN,NaN
1997,12,9,0.099,NaN,NaN,NaN
1997,12,10,0.092,NaN,NaN,NaN
1997,12,11,0.346,NaN,NaN,NaN
1997,12,12,0.104,NaN,NaN,NaN
1997,12,13,0.098,NaN,NaN,NaN
1997,12,14,0.097,NaN,NaN,NaN
1997,12,15,0.089,NaN,NaN,NaN
1997,12,16,0.27,NaN,NaN,NaN
1997,12,17,0.141,NaN,NaN,NaN
1997,12,18,0.093,NaN,NaN,NaN
1997,12,19,0.093,NaN,NaN,NaN
1997,12,20,0.089,NaN,NaN,NaN
1997,12,21,0.104,NaN,NaN,NaN
1997,12,22,0.085,NaN,NaN,NaN
1997,12,23,0.094,NaN,NaN,NaN
1997,12,24,0.08,NaN,NaN,NaN
1997,12,25,0.56,NaN,NaN,NaN
1997,12,26,0.345,NaN,NaN,NaN
1997,12,27,0.077,NaN,NaN,NaN
1997,12,28,0.076,NaN,NaN,NaN
1997,12,29,0.071,NaN,NaN,NaN
1997,12,30,0.071,NaN,NaN,NaN
1997,12,31,0.067,NaN,NaN,NaN
1998,1,1,0.07,NaN,NaN,NaN
1998,1,2,0.072,NaN,NaN,NaN
1998,1,3,0.067,NaN,NaN,NaN
1998,1,4,0.064,NaN,NaN,NaN
1998,1,5,0.064,NaN,NaN,NaN
1998,1,6,0.065,NaN,NaN,NaN
1998,1,7,0.059,NaN,NaN,NaN
1998,1,8,0.062,NaN,NaN,NaN
1998,1,9,0.058,NaN,NaN,NaN
1998,1,10,0.057,NaN,NaN,NaN
1998,1,11,0.056,NaN,NaN,NaN
1998,1,12,0.059,NaN,NaN,NaN
1998,1,13,0.055,NaN,NaN,NaN
1998,1,14,0.056,NaN,NaN,NaN
1998,1,15,0.054,NaN,NaN,NaN
1998,1,16,0.054,NaN,NaN,NaN
1998,1,17,0.054,NaN,NaN,NaN
1998,1,18,0.056,NaN,NaN,NaN
1998,1,19,0.052,NaN,NaN,NaN
1998,1,20,0.051,NaN,NaN,NaN
1998,1,21,0.053,NaN,NaN,NaN
1998,1,22,0.11,NaN,NaN,NaN
1998,1,23,0.284,NaN,NaN,NaN
1998,1,24,0.081,NaN,NaN,NaN
1998,1,25,0.071,NaN,NaN,NaN
1998,1,26,0.06,NaN,NaN,NaN
1998,1,27,0.057,NaN,NaN,NaN
1998,1,28,0.056,NaN,NaN,NaN
1998,1,29,0.057,NaN,NaN,NaN
1998,1,30,0.06,NaN,NaN,NaN
1998,1,31,0.054,NaN,NaN,NaN
1998,2,1,0.058,NaN,NaN,NaN
1998,2,2,0.051,NaN,NaN,NaN
1998,2,3,0.049,NaN,NaN,NaN
1998,2,4,0.048,NaN,NaN,NaN
1998,2,5,0.052,NaN,NaN,NaN
1998,2,6,0.049,NaN,NaN,NaN
1998,2,7,0.049,NaN,NaN,NaN
1998,2,8,0.096,NaN,NaN,NaN
1998,2,9,0.05,NaN,NaN,NaN
1998,2,10,0.047,NaN,NaN,NaN
1998,2,11,0.047,NaN,NaN,NaN
1998,2,12,0.269,NaN,NaN,NaN
1998,2,13,0.068,NaN,NaN,NaN
1998,2,14,0.052,NaN,NaN,NaN
1998,2,15,0.063,NaN,NaN,NaN
1998,2,16,0.052,NaN,NaN,NaN
1998,2,17,0.051,NaN,NaN,NaN
1998,2,18,0.072,NaN,NaN,NaN
1998,2,19,0.128,NaN,NaN,NaN
1998,2,20,0.059,NaN,NaN,NaN
1998,2,21,0.21,NaN,NaN,NaN
1998,2,22,0.716,NaN,NaN,NaN
1998,2,23,0.302,NaN,NaN,NaN
1998,2,24,0.395,NaN,NaN,NaN
1998,2,25,0.089,NaN,NaN,NaN
1998,2,26,0.071,NaN,NaN,NaN
1998,2,27,0.057,NaN,NaN,NaN
1998,2,28,0.058,NaN,NaN,NaN
1998,3,1,0.07,NaN,NaN,NaN
1998,3,2,0.054,NaN,NaN,NaN
1998,3,3,0.057,NaN,NaN,NaN
1998,3,4,0.052,NaN,NaN,NaN
1998,3,5,0.054,NaN,NaN,NaN
1998,3,6,0.053,NaN,NaN,NaN
1998,3,7,0.056,NaN,NaN,NaN
1998,3,8,0.056,NaN,NaN,NaN
1998,3,9,0.053,NaN,NaN,NaN
1998,3,10,0.24,NaN,NaN,NaN
1998,3,11,0.989,NaN,NaN,NaN
1998,3,12,0.212,NaN,NaN,NaN
1998,3,13,0.658,NaN,NaN,NaN
1998,3,14,0.889,NaN,NaN,NaN
1998,3,15,0.327,NaN,NaN,NaN
1998,3,16,0.106,NaN,NaN,NaN
1998,3,17,0.079,NaN,NaN,NaN
1998,3,18,0.073,NaN,NaN,NaN
1998,3,19,0.078,NaN,NaN,NaN
1998,3,20,0.069,NaN,NaN,NaN
1998,3,21,0.067,NaN,NaN,NaN
1998,3,22,0.06,NaN,NaN,NaN
1998,3,23,NaN,NaN,NaN,NaN
1998,3,24,NaN,NaN,NaN,NaN
1998,3,25,NaN,NaN,NaN,NaN
1998,3,26,NaN,NaN,NaN,NaN
1998,3,27,0.072,NaN,NaN,NaN
1998,3,28,0.083,NaN,NaN,NaN
1998,3,29,0.232,NaN,NaN,NaN
1998,3,30,0.145,NaN,NaN,NaN
1998,3,31,0.063,NaN,NaN,NaN
1998,4,1,0.063,NaN,NaN,NaN
1998,4,2,0.151,NaN,NaN,NaN
1998,4,3,0.112,NaN,NaN,NaN
1998,4,4,0.072,NaN,NaN,NaN
1998,4,5,0.087,NaN,NaN,NaN
1998,4,6,0.064,NaN,NaN,NaN
1998,4,7,0.063,NaN,NaN,NaN
1998,4,8,1.082,NaN,NaN,NaN
1998,4,9,0.515,NaN,NaN,NaN
1998,4,10,0.172,NaN,NaN,NaN
1998,4,11,0.097,NaN,NaN,NaN
1998,4,12,0.083,NaN,NaN,NaN
1998,4,13,0.081,NaN,NaN,NaN
1998,4,14,0.079,NaN,NaN,NaN
1998,4,15,0.214,NaN,NaN,NaN
1998,4,16,0.086,NaN,NaN,NaN
1998,4,17,0.07,NaN,NaN,NaN
1998,4,18,0.06,NaN,NaN,NaN
1998,4,19,0.06,NaN,NaN,NaN
1998,4,20,0.093,NaN,NaN,NaN
1998,4,21,0.082,NaN,NaN,NaN
1998,4,22,0.534,NaN,NaN,NaN
1998,4,23,0.482,NaN,NaN,NaN
1998,4,24,0.151,NaN,NaN,NaN
1998,4,25,0.105,NaN,NaN,NaN
1998,4,26,0.091,NaN,NaN,NaN
1998,4,27,0.1,NaN,NaN,NaN
1998,4,28,0.096,NaN,NaN,NaN
1998,4,29,0.079,NaN,NaN,NaN
1998,4,30,0.075,NaN,NaN,NaN
1998,5,1,0.075,NaN,NaN,NaN
1998,5,2,0.083,NaN,NaN,NaN
1998,5,3,0.07,NaN,NaN,NaN
1998,5,4,0.071,NaN,NaN,NaN
1998,5,5,0.068,NaN,NaN,NaN
1998,5,6,0.068,NaN,NaN,NaN
1998,5,7,0.216,NaN,NaN,NaN
1998,5,8,0.752,NaN,NaN,NaN
1998,5,9,0.109,NaN,NaN,NaN
1998,5,10,0.177,NaN,NaN,NaN
1998,5,11,0.092,NaN,NaN,NaN
1998,5,12,0.082,NaN,NaN,NaN
1998,5,13,0.222,NaN,NaN,NaN
1998,5,14,0.196,NaN,NaN,NaN
1998,5,15,0.101,NaN,NaN,NaN
1998,5,16,0.081,NaN,NaN,NaN
1998,5,17,0.079,NaN,NaN,NaN
1998,5,18,0.077,NaN,NaN,NaN
1998,5,19,0.17,NaN,NaN,NaN
1998,5,20,0.092,NaN,NaN,NaN
1998,5,21,0.077,NaN,NaN,NaN
1998,5,22,2.087,NaN,NaN,NaN
1998,5,23,2.274,NaN,NaN,NaN
1998,5,24,0.225,NaN,NaN,NaN
1998,5,25,0.169,NaN,NaN,NaN
1998,5,26,0.162,NaN,NaN,NaN
1998,5,27,0.163,NaN,NaN,NaN
1998,5,28,0.116,NaN,NaN,NaN
1998,5,29,0.103,NaN,NaN,NaN
1998,5,30,0.098,NaN,NaN,NaN
1998,5,31,0.091,NaN,NaN,NaN
1998,6,1,0.087,NaN,NaN,NaN
1998,6,2,0.083,NaN,NaN,NaN
1998,6,3,0.385,NaN,NaN,NaN
1998,6,4,0.099,NaN,NaN,NaN
1998,6,5,0.083,NaN,NaN,NaN
1998,6,6,0.081,NaN,NaN,NaN
1998,6,7,0.169,NaN,NaN,NaN
1998,6,8,0.388,NaN,NaN,NaN
1998,6,9,0.173,NaN,NaN,NaN
1998,6,10,0.136,NaN,NaN,NaN
1998,6,11,0.171,NaN,NaN,NaN
1998,6,12,0.352,NaN,NaN,NaN
1998,6,13,14.514,NaN,NaN,NaN
1998,6,14,5.466,NaN,NaN,NaN
1998,6,15,0.534,NaN,NaN,NaN
1998,6,16,0.306,NaN,NaN,NaN
1998,6,17,0.246,NaN,NaN,NaN
1998,6,18,2.213,NaN,NaN,NaN
1998,6,19,0.432,NaN,NaN,NaN
1998,6,20,0.283,NaN,NaN,NaN
1998,6,21,0.22,NaN,NaN,NaN
1998,6,22,0.195,NaN,NaN,NaN
1998,6,23,0.178,NaN,NaN,NaN
1998,6,24,0.235,NaN,NaN,NaN
1998,6,25,0.231,NaN,NaN,NaN
1998,6,26,0.36,NaN,NaN,NaN
1998,6,27,0.221,NaN,NaN,NaN
1998,6,28,0.189,NaN,NaN,NaN
1998,6,29,0.182,NaN,NaN,NaN
1998,6,30,0.184,NaN,NaN,NaN
1998,7,1,0.289,NaN,NaN,NaN
1998,7,2,3.12,NaN,NaN,NaN
1998,7,3,0.313,NaN,NaN,NaN
1998,7,4,0.214,NaN,NaN,NaN
1998,7,5,0.189,NaN,NaN,NaN
1998,7,6,0.223,NaN,NaN,NaN
1998,7,7,0.19,NaN,NaN,NaN
1998,7,8,0.506,NaN,NaN,NaN
1998,7,9,8.063,NaN,NaN,NaN
1998,7,10,2.612,NaN,NaN,NaN
1998,7,11,12.206,NaN,NaN,NaN
1998,7,12,0.734,NaN,NaN,NaN
1998,7,13,0.641,NaN,NaN,NaN
1998,7,14,15.075,NaN,NaN,NaN
1998,7,15,9.613,NaN,NaN,NaN
1998,7,16,15.374,NaN,NaN,NaN
1998,7,17,4.545,NaN,NaN,NaN
1998,7,18,1.433,NaN,NaN,NaN
1998,7,19,0.804,NaN,NaN,NaN
1998,7,20,0.619,NaN,NaN,NaN
1998,7,21,0.506,NaN,NaN,NaN
1998,7,22,0.44,NaN,NaN,NaN
1998,7,23,0.477,NaN,NaN,NaN
1998,7,24,1.115,NaN,NaN,NaN
1998,7,25,12.292,NaN,NaN,NaN
1998,7,26,7.781,NaN,NaN,NaN
1998,7,27,9.147,NaN,NaN,NaN
1998,7,28,4.26,NaN,NaN,NaN
1998,7,29,1.243,NaN,NaN,NaN
1998,7,30,6.27,NaN,NaN,NaN
1998,7,31,0.914,NaN,NaN,NaN
1998,8,1,0.735,NaN,NaN,NaN
1998,8,2,0.622,NaN,NaN,NaN
1998,8,3,0.587,NaN,NaN,NaN
1998,8,4,0.481,NaN,NaN,NaN
1998,8,5,0.431,NaN,NaN,NaN
1998,8,6,0.4,NaN,NaN,NaN
1998,8,7,0.38,NaN,NaN,NaN
1998,8,8,0.357,NaN,NaN,NaN
1998,8,9,0.495,NaN,NaN,NaN
1998,8,10,3.888,NaN,NaN,NaN
1998,8,11,10.995,NaN,NaN,NaN
1998,8,12,0.905,NaN,NaN,NaN
1998,8,13,0.962,NaN,NaN,NaN
1998,8,14,0.611,NaN,NaN,NaN
1998,8,15,0.494,NaN,NaN,NaN
1998,8,16,0.52,NaN,NaN,NaN
1998,8,17,0.396,NaN,NaN,NaN
1998,8,18,9.993,NaN,NaN,NaN
1998,8,19,8.07,NaN,NaN,NaN
1998,8,20,1.828,NaN,NaN,NaN
1998,8,21,0.986,NaN,NaN,NaN
1998,8,22,0.652,NaN,NaN,NaN
1998,8,23,0.539,NaN,NaN,NaN
1998,8,24,0.475,NaN,NaN,NaN
1998,8,25,0.488,NaN,NaN,NaN
1998,8,26,0.718,NaN,NaN,NaN
1998,8,27,5.26,NaN,NaN,NaN
1998,8,28,1.763,NaN,NaN,NaN
1998,8,29,0.637,NaN,NaN,NaN
1998,8,30,0.566,NaN,NaN,NaN
1998,8,31,0.492,NaN,NaN,NaN
1998,9,1,0.41,NaN,NaN,NaN
1998,9,2,0.371,NaN,NaN,NaN
1998,9,3,0.351,NaN,NaN,NaN
1998,9,4,0.331,NaN,NaN,NaN
1998,9,5,0.31,NaN,NaN,NaN
1998,9,6,0.431,NaN,NaN,NaN
1998,9,7,0.376,NaN,NaN,NaN
1998,9,8,0.349,NaN,NaN,NaN
1998,9,9,0.283,NaN,NaN,NaN
1998,9,10,0.252,NaN,NaN,NaN
1998,9,11,0.246,NaN,NaN,NaN
1998,9,12,0.229,NaN,NaN,NaN
1998,9,13,0.215,NaN,NaN,NaN
1998,9,14,0.229,NaN,NaN,NaN
1998,9,15,0.24,NaN,NaN,NaN
1998,9,16,3.325,NaN,NaN,NaN
1998,9,17,0.856,NaN,NaN,NaN
1998,9,18,0.365,NaN,NaN,NaN
1998,9,19,0.285,NaN,NaN,NaN
1998,9,20,0.241,NaN,NaN,NaN
1998,9,21,0.238,NaN,NaN,NaN
1998,9,22,0.222,NaN,NaN,NaN
1998,9,23,0.201,NaN,NaN,NaN
1998,9,24,0.195,NaN,NaN,NaN
1998,9,25,0.199,NaN,NaN,NaN
1998,9,26,0.184,NaN,NaN,NaN
1998,9,27,0.563,NaN,NaN,NaN
1998,9,28,0.225,NaN,NaN,NaN
1998,9,29,0.433,NaN,NaN,NaN
1998,9,30,1.363,NaN,NaN,NaN
1998,10,1,0.467,NaN,NaN,NaN
1998,10,2,0.272,NaN,NaN,NaN
1998,10,3,0.246,NaN,NaN,NaN
1998,10,4,0.218,NaN,NaN,NaN
1998,10,5,0.579,NaN,NaN,NaN
1998,10,6,0.211,NaN,NaN,NaN
1998,10,7,0.186,NaN,NaN,NaN
1998,10,8,0.18,NaN,NaN,NaN
1998,10,9,0.178,NaN,NaN,NaN
1998,10,10,0.18,NaN,NaN,NaN
1998,10,11,2.307,NaN,NaN,NaN
1998,10,12,2.185,NaN,NaN,NaN
1998,10,13,0.313,NaN,NaN,NaN
1998,10,14,0.226,NaN,NaN,NaN
1998,10,15,1.524,NaN,NaN,NaN
1998,10,16,0.261,NaN,NaN,NaN
1998,10,17,0.218,NaN,NaN,NaN
1998,10,18,0.201,NaN,NaN,NaN
1998,10,19,0.198,NaN,NaN,NaN
1998,10,20,0.199,NaN,NaN,NaN
1998,10,21,0.84,NaN,NaN,NaN
1998,10,22,0.218,NaN,NaN,NaN
1998,10,23,0.189,NaN,NaN,NaN
1998,10,24,0.428,NaN,NaN,NaN
1998,10,25,0.225,NaN,NaN,NaN
1998,10,26,0.18,NaN,NaN,NaN
1998,10,27,0.174,NaN,NaN,NaN
1998,10,28,0.507,NaN,NaN,NaN
1998,10,29,1.138,NaN,NaN,NaN
1998,10,30,0.195,NaN,NaN,NaN
1998,10,31,0.178,NaN,NaN,NaN
1998,11,1,0.399,NaN,NaN,NaN
1998,11,2,0.214,NaN,NaN,NaN
1998,11,3,0.764,NaN,NaN,NaN
1998,11,4,0.245,NaN,NaN,NaN
1998,11,5,0.196,NaN,NaN,NaN
1998,11,6,0.185,NaN,NaN,NaN
1998,11,7,0.18,NaN,NaN,NaN
1998,11,8,0.177,NaN,NaN,NaN
1998,11,9,0.174,NaN,NaN,NaN
1998,11,10,0.193,NaN,NaN,NaN
1998,11,11,0.206,NaN,NaN,NaN
1998,11,12,0.203,NaN,NaN,NaN
1998,11,13,0.206,NaN,NaN,NaN
1998,11,14,0.197,NaN,NaN,NaN
1998,11,15,0.198,NaN,NaN,NaN
1998,11,16,0.209,NaN,NaN,NaN
1998,11,17,0.207,NaN,NaN,NaN
1998,11,18,0.213,NaN,NaN,NaN
1998,11,19,0.198,NaN,NaN,NaN
1998,11,20,0.366,NaN,NaN,NaN
1998,11,21,1.319,NaN,NaN,NaN
1998,11,22,0.556,NaN,NaN,NaN
1998,11,23,0.248,NaN,NaN,NaN
1998,11,24,0.199,NaN,NaN,NaN
1998,11,25,0.186,NaN,NaN,NaN
1998,11,26,0.178,NaN,NaN,NaN
1998,11,27,0.839,NaN,NaN,NaN
1998,11,28,12.345,NaN,NaN,NaN
1998,11,29,11.503,NaN,NaN,NaN
1998,11,30,4.325,NaN,NaN,NaN
1998,12,1,1.006,NaN,NaN,NaN
1998,12,2,1.084,NaN,NaN,NaN
1998,12,3,12.652,NaN,NaN,NaN
1998,12,4,7.498,NaN,NaN,NaN
1998,12,5,1.266,NaN,NaN,NaN
1998,12,6,0.749,NaN,NaN,NaN
1998,12,7,0.619,NaN,NaN,NaN
1998,12,8,0.534,NaN,NaN,NaN
1998,12,9,0.456,NaN,NaN,NaN
1998,12,10,0.646,NaN,NaN,NaN
1998,12,11,0.405,NaN,NaN,NaN
1998,12,12,0.352,NaN,NaN,NaN
1998,12,13,0.345,NaN,NaN,NaN
1998,12,14,0.333,NaN,NaN,NaN
1998,12,15,0.313,NaN,NaN,NaN
1998,12,16,0.295,NaN,NaN,NaN
1998,12,17,0.302,NaN,NaN,NaN
1998,12,18,0.635,NaN,NaN,NaN
1998,12,19,0.403,NaN,NaN,NaN
1998,12,20,0.295,NaN,NaN,NaN
1998,12,21,0.281,NaN,NaN,NaN
1998,12,22,0.259,NaN,NaN,NaN
1998,12,23,0.253,NaN,NaN,NaN
1998,12,24,0.239,NaN,NaN,NaN
1998,12,25,0.232,NaN,NaN,NaN
1998,12,26,0.261,NaN,NaN,NaN
1998,12,27,0.236,NaN,NaN,NaN
1998,12,28,0.223,NaN,NaN,NaN
1998,12,29,0.231,NaN,NaN,NaN
1998,12,30,0.228,NaN,NaN,NaN
1998,12,31,0.222,NaN,NaN,NaN
1999,1,1,0.22,NaN,NaN,NaN
1999,1,2,0.212,NaN,NaN,NaN
1999,1,3,0.327,NaN,NaN,NaN
1999,1,4,0.211,NaN,NaN,NaN
1999,1,5,0.209,NaN,NaN,NaN
1999,1,6,0.204,NaN,NaN,NaN
1999,1,7,0.194,NaN,NaN,NaN
1999,1,8,0.192,NaN,NaN,NaN
1999,1,9,0.191,NaN,NaN,NaN
1999,1,10,0.366,NaN,NaN,NaN
1999,1,11,0.205,NaN,NaN,NaN
1999,1,12,0.39,NaN,NaN,NaN
1999,1,13,0.759,NaN,NaN,NaN
1999,1,14,0.311,NaN,NaN,NaN
1999,1,15,4.067,NaN,NaN,NaN
1999,1,16,1.301,NaN,NaN,NaN
1999,1,17,5.117,NaN,NaN,NaN
1999,1,18,0.578,NaN,NaN,NaN
1999,1,19,0.31,NaN,NaN,NaN
1999,1,20,0.263,NaN,NaN,NaN
1999,1,21,2.86,NaN,NaN,NaN
1999,1,22,1.084,NaN,NaN,NaN
1999,1,23,1.783,NaN,NaN,NaN
1999,1,24,0.947,NaN,NaN,NaN
1999,1,25,0.579,NaN,NaN,NaN
1999,1,26,0.399,NaN,NaN,NaN
1999,1,27,0.325,NaN,NaN,NaN
1999,1,28,0.292,NaN,NaN,NaN
1999,1,29,0.275,NaN,NaN,NaN
1999,1,30,0.474,NaN,NaN,NaN
1999,1,31,0.519,NaN,NaN,NaN
1999,2,1,0.342,NaN,NaN,NaN
1999,2,2,0.304,NaN,NaN,NaN
1999,2,3,0.262,NaN,NaN,NaN
1999,2,4,0.242,NaN,NaN,NaN
1999,2,5,0.233,NaN,NaN,NaN
1999,2,6,0.227,NaN,NaN,NaN
1999,2,7,0.223,NaN,NaN,NaN
1999,2,8,0.251,NaN,NaN,NaN
1999,2,9,0.234,NaN,NaN,NaN
1999,2,10,0.217,NaN,NaN,NaN
1999,2,11,0.246,NaN,NaN,NaN
1999,2,12,0.212,NaN,NaN,NaN
1999,2,13,0.211,NaN,NaN,NaN
1999,2,14,0.211,NaN,NaN,NaN
1999,2,15,0.208,NaN,NaN,NaN
1999,2,16,0.206,NaN,NaN,NaN
1999,2,17,0.206,NaN,NaN,NaN
1999,2,18,0.21,NaN,NaN,NaN
1999,2,19,0.213,NaN,NaN,NaN
1999,2,20,0.202,NaN,NaN,NaN
1999,2,21,0.194,NaN,NaN,NaN
1999,2,22,0.194,NaN,NaN,NaN
1999,2,23,0.186,NaN,NaN,NaN
1999,2,24,0.203,NaN,NaN,NaN
1999,2,25,0.217,NaN,NaN,NaN
1999,2,26,0.322,NaN,NaN,NaN
1999,2,27,0.213,NaN,NaN,NaN
1999,2,28,0.186,NaN,NaN,NaN
1999,3,1,0.173,NaN,NaN,NaN
1999,3,2,0.17,NaN,NaN,NaN
1999,3,3,0.164,NaN,NaN,NaN
1999,3,4,0.166,NaN,NaN,NaN
1999,3,5,0.449,NaN,NaN,NaN
1999,3,6,0.53,NaN,NaN,NaN
1999,3,7,4.867,NaN,NaN,NaN
1999,3,8,0.283,NaN,NaN,NaN
1999,3,9,0.223,NaN,NaN,NaN
1999,3,10,0.284,NaN,NaN,NaN
1999,3,11,0.246,NaN,NaN,NaN
1999,3,12,0.413,NaN,NaN,NaN
1999,3,13,0.31,NaN,NaN,NaN
1999,3,14,0.202,NaN,NaN,NaN
1999,3,15,0.187,NaN,NaN,NaN
1999,3,16,0.182,NaN,NaN,NaN
1999,3,17,0.203,NaN,NaN,NaN
1999,3,18,0.201,NaN,NaN,NaN
1999,3,19,0.17,NaN,NaN,NaN
1999,3,20,0.166,NaN,NaN,NaN
1999,3,21,0.165,NaN,NaN,NaN
1999,3,22,0.163,NaN,NaN,NaN
1999,3,23,0.193,NaN,NaN,NaN
1999,3,24,0.549,NaN,NaN,NaN
1999,3,25,0.488,NaN,NaN,NaN
1999,3,26,0.627,NaN,NaN,NaN
1999,3,27,0.266,NaN,NaN,NaN
1999,3,28,0.709,NaN,NaN,NaN
1999,3,29,0.48,NaN,NaN,NaN
1999,3,30,0.24,NaN,NaN,NaN
1999,3,31,1.658,NaN,NaN,NaN
1999,4,1,1.135,NaN,NaN,NaN
1999,4,2,0.271,NaN,NaN,NaN
1999,4,3,0.242,NaN,NaN,NaN
1999,4,4,0.22,NaN,NaN,NaN
1999,4,5,2.326,NaN,NaN,NaN
1999,4,6,14.627,NaN,NaN,NaN
1999,4,7,3.365,NaN,NaN,NaN
1999,4,8,1.23,NaN,NaN,NaN
1999,4,9,0.753,NaN,NaN,NaN
1999,4,10,0.51,NaN,NaN,NaN
1999,4,11,0.469,NaN,NaN,NaN
1999,4,12,0.364,NaN,NaN,NaN
1999,4,13,0.322,NaN,NaN,NaN
1999,4,14,0.368,NaN,NaN,NaN
1999,4,15,0.306,NaN,NaN,NaN
1999,4,16,0.32,NaN,NaN,NaN
1999,4,17,0.511,NaN,NaN,NaN
1999,4,18,0.306,NaN,NaN,NaN
1999,4,19,0.323,NaN,NaN,NaN
1999,4,20,0.251,NaN,NaN,NaN
1999,4,21,0.274,NaN,NaN,NaN
1999,4,22,0.246,NaN,NaN,NaN
1999,4,23,1.039,NaN,NaN,NaN
1999,4,24,1.053,NaN,NaN,NaN
1999,4,25,2.793,NaN,NaN,NaN
1999,4,26,12.207,NaN,NaN,NaN
1999,4,27,6.009,NaN,NaN,NaN
1999,4,28,1.268,NaN,NaN,NaN
1999,4,29,2.424,NaN,NaN,NaN
1999,4,30,68.618,NaN,NaN,NaN
1999,5,1,5.748,NaN,NaN,NaN
1999,5,2,2.354,NaN,NaN,NaN
1999,5,3,1.573,NaN,NaN,NaN
1999,5,4,NaN,NaN,NaN,NaN
1999,5,5,NaN,NaN,NaN,NaN
1999,5,6,NaN,NaN,NaN,NaN
1999,5,7,NaN,NaN,NaN,NaN
1999,5,8,NaN,NaN,NaN,NaN
1999,5,9,NaN,NaN,NaN,NaN
1999,5,10,NaN,NaN,NaN,NaN
1999,5,11,NaN,NaN,NaN,NaN
1999,5,12,NaN,NaN,NaN,NaN
1999,5,13,NaN,NaN,NaN,NaN
1999,5,14,NaN,NaN,NaN,NaN
1999,5,15,NaN,NaN,NaN,NaN
1999,5,16,NaN,NaN,NaN,NaN
1999,5,17,NaN,NaN,NaN,NaN
1999,5,18,NaN,NaN,NaN,NaN
1999,5,19,0.595,NaN,NaN,NaN
1999,5,20,0.568,NaN,NaN,NaN
1999,5,21,0.536,NaN,NaN,NaN
1999,5,22,0.505,NaN,NaN,NaN
1999,5,23,0.491,NaN,NaN,NaN
1999,5,24,0.475,NaN,NaN,NaN
1999,5,25,0.442,NaN,NaN,NaN
1999,5,26,0.408,NaN,NaN,NaN
1999,5,27,0.399,NaN,NaN,NaN
1999,5,28,0.511,NaN,NaN,NaN
1999,5,29,0.412,NaN,NaN,NaN
1999,5,30,0.57,NaN,NaN,NaN
1999,5,31,0.473,NaN,NaN,NaN
1999,6,1,1.13,NaN,NaN,NaN
1999,6,2,0.62,NaN,NaN,NaN
1999,6,3,0.505,NaN,NaN,NaN
1999,6,4,0.72,NaN,NaN,NaN
1999,6,5,0.523,NaN,NaN,NaN
1999,6,6,0.938,NaN,NaN,NaN
1999,6,7,0.555,NaN,NaN,NaN
1999,6,8,0.435,NaN,NaN,NaN
1999,6,9,0.633,NaN,NaN,NaN
1999,6,10,0.383,NaN,NaN,NaN
1999,6,11,0.418,NaN,NaN,NaN
1999,6,12,0.445,NaN,NaN,NaN
1999,6,13,1.233,NaN,NaN,NaN
1999,6,14,0.47,NaN,NaN,NaN
1999,6,15,0.618,NaN,NaN,NaN
1999,6,16,0.74,NaN,NaN,NaN
1999,6,17,0.737,NaN,NaN,NaN
1999,6,18,0.457,NaN,NaN,NaN
1999,6,19,0.547,NaN,NaN,NaN
1999,6,20,0.519,NaN,NaN,NaN
1999,6,21,1.176,NaN,NaN,NaN
1999,6,22,1.764,NaN,NaN,NaN
1999,6,23,0.739,NaN,NaN,NaN
1999,6,24,0.561,NaN,NaN,NaN
1999,6,25,0.482,NaN,NaN,NaN
1999,6,26,4.049,NaN,NaN,NaN
1999,6,27,0.914,NaN,NaN,NaN
1999,6,28,0.714,NaN,NaN,NaN
1999,6,29,0.529,NaN,NaN,NaN
1999,6,30,0.468,NaN,NaN,NaN
1999,7,1,0.572,NaN,NaN,NaN
1999,7,2,0.438,NaN,NaN,NaN
1999,7,3,16.032,NaN,NaN,NaN
1999,7,4,1.511,NaN,NaN,NaN
1999,7,5,0.978,NaN,NaN,NaN
1999,7,6,0.667,NaN,NaN,NaN
1999,7,7,0.595,NaN,NaN,NaN
1999,7,8,0.694,NaN,NaN,NaN
1999,7,9,0.858,NaN,NaN,NaN
1999,7,10,0.484,NaN,NaN,NaN
1999,7,11,0.445,NaN,NaN,NaN
1999,7,12,0.424,NaN,NaN,NaN
1999,7,13,0.411,NaN,NaN,NaN
1999,7,14,0.345,NaN,NaN,NaN
1999,7,15,0.511,NaN,NaN,NaN
1999,7,16,9.199,NaN,NaN,NaN
1999,7,17,2.665,NaN,NaN,NaN
1999,7,18,1.191,NaN,NaN,NaN
1999,7,19,0.727,NaN,NaN,NaN
1999,7,20,0.587,NaN,NaN,NaN
1999,7,21,0.635,NaN,NaN,NaN
1999,7,22,0.52,NaN,NaN,NaN
1999,7,23,0.632,NaN,NaN,NaN
1999,7,24,0.48,NaN,NaN,NaN
1999,7,25,0.44,NaN,NaN,NaN
1999,7,26,0.481,NaN,NaN,NaN
1999,7,27,0.476,NaN,NaN,NaN
1999,7,28,0.482,NaN,NaN,NaN
1999,7,29,0.392,NaN,NaN,NaN
1999,7,30,0.472,NaN,NaN,NaN
1999,7,31,0.347,NaN,NaN,NaN
1999,8,1,0.34,NaN,NaN,NaN
1999,8,2,1.357,NaN,NaN,NaN
1999,8,3,2.076,NaN,NaN,NaN
1999,8,4,0.498,NaN,NaN,NaN
1999,8,5,0.59,NaN,NaN,NaN
1999,8,6,0.442,NaN,NaN,NaN
1999,8,7,0.452,NaN,NaN,NaN
1999,8,8,0.406,NaN,NaN,NaN
1999,8,9,0.405,NaN,NaN,NaN
1999,8,10,0.448,NaN,NaN,NaN
1999,8,11,0.716,NaN,NaN,NaN
1999,8,12,2.694,NaN,NaN,NaN
1999,8,13,0.19,NaN,NaN,NaN
1999,8,14,0.193,NaN,NaN,NaN
1999,8,15,0.747,NaN,NaN,NaN
1999,8,16,2.143,NaN,NaN,NaN
1999,8,17,0.443,NaN,NaN,NaN
1999,8,18,0.256,NaN,NaN,NaN
1999,8,19,0.189,NaN,NaN,NaN
1999,8,20,0.176,NaN,NaN,NaN
1999,8,21,0.216,NaN,NaN,NaN
1999,8,22,0.205,NaN,NaN,NaN
1999,8,23,0.192,NaN,NaN,NaN
1999,8,24,0.171,NaN,NaN,NaN
1999,8,25,0.163,NaN,NaN,NaN
1999,8,26,0.16,NaN,NaN,NaN
1999,8,27,0.158,NaN,NaN,NaN
1999,8,28,0.156,NaN,NaN,NaN
1999,8,29,0.156,NaN,NaN,NaN
1999,8,30,0.154,NaN,NaN,NaN
1999,8,31,0.153,NaN,NaN,NaN
1999,9,1,0.154,NaN,NaN,NaN
1999,9,2,0.152,NaN,NaN,NaN
1999,9,3,0.151,NaN,NaN,NaN
1999,9,4,0.149,NaN,NaN,NaN
1999,9,5,0.148,NaN,NaN,NaN
1999,9,6,0.163,NaN,NaN,NaN
1999,9,7,1.655,NaN,NaN,NaN
1999,9,8,3.145,NaN,NaN,NaN
1999,9,9,0.201,NaN,NaN,NaN
1999,9,10,0.183,NaN,NaN,NaN
1999,9,11,0.166,NaN,NaN,NaN
1999,9,12,0.176,NaN,NaN,NaN
1999,9,13,24.555,NaN,NaN,NaN
1999,9,14,1.272,NaN,NaN,NaN
1999,9,15,0.345,NaN,NaN,NaN
1999,9,16,0.378,NaN,NaN,NaN
1999,9,17,0.249,NaN,NaN,NaN
1999,9,18,0.231,NaN,NaN,NaN
1999,9,19,0.478,NaN,NaN,NaN
1999,9,20,0.222,NaN,NaN,NaN
1999,9,21,0.326,NaN,NaN,NaN
1999,9,22,0.182,NaN,NaN,NaN
1999,9,23,0.168,NaN,NaN,NaN
1999,9,24,0.2,NaN,NaN,NaN
1999,9,25,0.161,NaN,NaN,NaN
1999,9,26,0.16,NaN,NaN,NaN
1999,9,27,0.177,NaN,NaN,NaN
1999,9,28,0.155,NaN,NaN,NaN
1999,9,29,0.155,NaN,NaN,NaN
1999,9,30,0.155,NaN,NaN,NaN
1999,10,1,0.155,NaN,NaN,NaN
1999,10,2,0.156,NaN,NaN,NaN
1999,10,3,0.154,NaN,NaN,NaN
1999,10,4,0.154,NaN,NaN,NaN
1999,10,5,0.161,NaN,NaN,NaN
1999,10,6,0.154,NaN,NaN,NaN
1999,10,7,0.443,NaN,NaN,NaN
1999,10,8,2.478,NaN,NaN,NaN
1999,10,9,0.188,NaN,NaN,NaN
1999,10,10,0.174,NaN,NaN,NaN
1999,10,11,0.159,NaN,NaN,NaN
1999,10,12,0.149,NaN,NaN,NaN
1999,10,13,0.148,NaN,NaN,NaN
1999,10,14,0.146,NaN,NaN,NaN
1999,10,15,0.144,NaN,NaN,NaN
1999,10,16,0.143,NaN,NaN,NaN
1999,10,17,0.144,NaN,NaN,NaN
1999,10,18,0.141,NaN,NaN,NaN
1999,10,19,0.142,NaN,NaN,NaN
1999,10,20,0.14,NaN,NaN,NaN
1999,10,21,0.298,NaN,NaN,NaN
1999,10,22,0.158,NaN,NaN,NaN
1999,10,23,0.139,NaN,NaN,NaN
1999,10,24,0.139,NaN,NaN,NaN
1999,10,25,0.137,NaN,NaN,NaN
1999,10,26,0.143,NaN,NaN,NaN
1999,10,27,0.151,NaN,NaN,NaN
1999,10,28,0.144,NaN,NaN,NaN
1999,10,29,0.136,NaN,NaN,NaN
1999,10,30,0.136,NaN,NaN,NaN
1999,10,31,0.134,NaN,NaN,NaN
1999,11,1,0.136,NaN,NaN,NaN
1999,11,2,0.14,NaN,NaN,NaN
1999,11,3,0.147,NaN,NaN,NaN
1999,11,4,6.414,NaN,NaN,NaN
1999,11,5,2.437,NaN,NaN,NaN
1999,11,6,0.321,NaN,NaN,NaN
1999,11,7,0.299,NaN,NaN,NaN
1999,11,8,0.217,NaN,NaN,NaN
1999,11,9,0.258,NaN,NaN,NaN
1999,11,10,3.167,NaN,NaN,NaN
1999,11,11,4.043,NaN,NaN,NaN
1999,11,12,0.264,NaN,NaN,NaN
1999,11,13,0.214,NaN,NaN,NaN
1999,11,14,0.187,NaN,NaN,NaN
1999,11,15,0.176,NaN,NaN,NaN
1999,11,16,0.159,NaN,NaN,NaN
1999,11,17,0.153,NaN,NaN,NaN
1999,11,18,0.556,NaN,NaN,NaN
1999,11,19,1.16,NaN,NaN,NaN
1999,11,20,0.579,NaN,NaN,NaN
1999,11,21,0.2,NaN,NaN,NaN
1999,11,22,0.157,NaN,NaN,NaN
1999,11,23,0.153,NaN,NaN,NaN
1999,11,24,0.149,NaN,NaN,NaN
1999,11,25,0.299,NaN,NaN,NaN
1999,11,26,0.754,NaN,NaN,NaN
1999,11,27,0.481,NaN,NaN,NaN
1999,11,28,0.383,NaN,NaN,NaN
1999,11,29,0.184,NaN,NaN,NaN
1999,11,30,0.165,NaN,NaN,NaN
1999,12,1,0.165,NaN,NaN,NaN
1999,12,2,0.163,NaN,NaN,NaN
1999,12,3,0.166,NaN,NaN,NaN
1999,12,4,0.157,NaN,NaN,NaN
1999,12,5,0.113,NaN,NaN,NaN
1999,12,6,0.107,NaN,NaN,NaN
1999,12,7,0.105,NaN,NaN,NaN
1999,12,8,0.324,NaN,NaN,NaN
1999,12,9,0.154,NaN,NaN,NaN
1999,12,10,0.125,NaN,NaN,NaN
1999,12,11,0.101,NaN,NaN,NaN
1999,12,12,0.265,NaN,NaN,NaN
1999,12,13,0.265,NaN,NaN,NaN
1999,12,14,0.099,NaN,NaN,NaN
1999,12,15,0.095,NaN,NaN,NaN
1999,12,16,0.094,NaN,NaN,NaN
1999,12,17,0.093,NaN,NaN,NaN
1999,12,18,0.092,NaN,NaN,NaN
1999,12,19,0.294,NaN,NaN,NaN
1999,12,20,0.117,NaN,NaN,NaN
1999,12,21,0.904,NaN,NaN,NaN
1999,12,22,0.141,NaN,NaN,NaN
1999,12,23,0.095,NaN,NaN,NaN
1999,12,24,0.2,NaN,NaN,NaN
1999,12,25,0.098,NaN,NaN,NaN
1999,12,26,0.092,NaN,NaN,NaN
1999,12,27,0.092,NaN,NaN,NaN
1999,12,28,0.091,NaN,NaN,NaN
1999,12,29,0.092,NaN,NaN,NaN
1999,12,30,0.09,NaN,NaN,NaN
1999,12,31,0.116,NaN,NaN,NaN
2000,1,1,0.12,NaN,NaN,NaN
2000,1,2,0.114,NaN,NaN,NaN
2000,1,3,0.103,NaN,NaN,NaN
2000,1,4,0.092,NaN,NaN,NaN
2000,1,5,0.092,NaN,NaN,NaN
2000,1,6,0.091,NaN,NaN,NaN
2000,1,7,0.091,NaN,NaN,NaN
2000,1,8,0.091,NaN,NaN,NaN
2000,1,9,0.118,NaN,NaN,NaN
2000,1,10,0.109,NaN,NaN,NaN
2000,1,11,0.12,NaN,NaN,NaN
2000,1,12,0.164,NaN,NaN,NaN
2000,1,13,0.15,NaN,NaN,NaN
2000,1,14,0.1,NaN,NaN,NaN
2000,1,15,0.1,NaN,NaN,NaN
2000,1,16,0.118,NaN,NaN,NaN
2000,1,17,0.119,NaN,NaN,NaN
2000,1,18,0.116,NaN,NaN,NaN
2000,1,19,0.106,NaN,NaN,NaN
2000,1,20,0.112,NaN,NaN,NaN
2000,1,21,0.112,NaN,NaN,NaN
2000,1,22,0.116,NaN,NaN,NaN
2000,1,23,0.114,NaN,NaN,NaN
2000,1,24,0.102,NaN,NaN,NaN
2000,1,25,0.366,NaN,NaN,NaN
2000,1,26,0.108,NaN,NaN,NaN
2000,1,27,0.104,NaN,NaN,NaN
2000,1,28,0.098,NaN,NaN,NaN
2000,1,29,0.08,NaN,NaN,NaN
2000,1,30,0.144,NaN,NaN,NaN
2000,1,31,0.098,NaN,NaN,NaN
2000,2,1,0.089,NaN,NaN,NaN
2000,2,2,0.077,NaN,NaN,NaN
2000,2,3,0.075,NaN,NaN,NaN
2000,2,4,0.074,NaN,NaN,NaN
2000,2,5,0.075,NaN,NaN,NaN
2000,2,6,0.079,NaN,NaN,NaN
2000,2,7,0.072,NaN,NaN,NaN
2000,2,8,0.07,NaN,NaN,NaN
2000,2,9,0.07,NaN,NaN,NaN
2000,2,10,0.07,NaN,NaN,NaN
2000,2,11,0.07,NaN,NaN,NaN
2000,2,12,0.086,NaN,NaN,NaN
2000,2,13,0.1,NaN,NaN,NaN
2000,2,14,0.097,NaN,NaN,NaN
2000,2,15,0.095,NaN,NaN,NaN
2000,2,16,1.879,NaN,NaN,NaN
2000,2,17,0.094,NaN,NaN,NaN
2000,2,18,0.088,NaN,NaN,NaN
2000,2,19,0.087,NaN,NaN,NaN
2000,2,20,0.09,NaN,NaN,NaN
2000,2,21,0.087,NaN,NaN,NaN
2000,2,22,0.067,NaN,NaN,NaN
2000,2,23,0.259,NaN,NaN,NaN
2000,2,24,0.081,NaN,NaN,NaN
2000,2,25,0.066,NaN,NaN,NaN
2000,2,26,0.074,NaN,NaN,NaN
2000,2,27,0.072,NaN,NaN,NaN
2000,2,28,0.064,NaN,NaN,NaN
2000,2,29,0.064,NaN,NaN,NaN
2000,3,1,0.949,NaN,NaN,NaN
2000,3,2,3.566,NaN,NaN,NaN
2000,3,3,0.381,NaN,NaN,NaN
2000,3,4,0.097,NaN,NaN,NaN
2000,3,5,0.095,NaN,NaN,NaN
2000,3,6,0.097,NaN,NaN,NaN
2000,3,7,0.091,NaN,NaN,NaN
2000,3,8,0.077,NaN,NaN,NaN
2000,3,9,0.077,NaN,NaN,NaN
2000,3,10,0.08,NaN,NaN,NaN
2000,3,11,0.089,NaN,NaN,NaN
2000,3,12,0.102,NaN,NaN,NaN
2000,3,13,0.104,NaN,NaN,NaN
2000,3,14,0.111,NaN,NaN,NaN
2000,3,15,0.089,NaN,NaN,NaN
2000,3,16,0.102,NaN,NaN,NaN
2000,3,17,0.079,NaN,NaN,NaN
2000,3,18,0.079,NaN,NaN,NaN
2000,3,19,0.084,NaN,NaN,NaN
2000,3,20,0.082,NaN,NaN,NaN
2000,3,21,0.081,NaN,NaN,NaN
2000,3,22,0.083,NaN,NaN,NaN
2000,3,23,0.145,NaN,NaN,NaN
2000,3,24,0.079,NaN,NaN,NaN
2000,3,25,0.079,NaN,NaN,NaN
2000,3,26,0.079,NaN,NaN,NaN
2000,3,27,0.078,NaN,NaN,NaN
2000,3,28,0.078,NaN,NaN,NaN
2000,3,29,0.087,NaN,NaN,NaN
2000,3,30,0.094,NaN,NaN,NaN
2000,3,31,0.086,NaN,NaN,NaN
2000,4,1,0.081,NaN,NaN,NaN
2000,4,2,0.081,NaN,NaN,NaN
2000,4,3,0.08,NaN,NaN,NaN
2000,4,4,0.963,NaN,NaN,NaN
2000,4,5,0.134,NaN,NaN,NaN
2000,4,6,0.095,NaN,NaN,NaN
2000,4,7,0.098,NaN,NaN,NaN
2000,4,8,0.21,NaN,NaN,NaN
2000,4,9,0.105,NaN,NaN,NaN
2000,4,10,0.089,NaN,NaN,NaN
2000,4,11,0.091,NaN,NaN,NaN
2000,4,12,0.111,NaN,NaN,NaN
2000,4,13,0.107,NaN,NaN,NaN
2000,4,14,0.081,NaN,NaN,NaN
2000,4,15,0.08,NaN,NaN,NaN
2000,4,16,0.082,NaN,NaN,NaN
2000,4,17,0.102,NaN,NaN,NaN
2000,4,18,0.206,NaN,NaN,NaN
2000,4,19,5.771,NaN,NaN,NaN
2000,4,20,0.144,NaN,NaN,NaN
2000,4,21,3.319,NaN,NaN,NaN
2000,4,22,0.437,NaN,NaN,NaN
2000,4,23,0.477,NaN,NaN,NaN
2000,4,24,0.428,NaN,NaN,NaN
2000,4,25,1.08,NaN,NaN,NaN
2000,4,26,0.188,NaN,NaN,NaN
2000,4,27,0.17,NaN,NaN,NaN
2000,4,28,0.148,NaN,NaN,NaN
2000,4,29,0.147,NaN,NaN,NaN
2000,4,30,0.127,NaN,NaN,NaN
2000,5,1,0.137,NaN,NaN,NaN
2000,5,2,0.095,NaN,NaN,NaN
2000,5,3,0.103,NaN,NaN,NaN
2000,5,4,0.137,NaN,NaN,NaN
2000,5,5,0.104,NaN,NaN,NaN
2000,5,6,0.099,NaN,NaN,NaN
2000,5,7,0.151,NaN,NaN,NaN
2000,5,8,0.149,NaN,NaN,NaN
2000,5,9,0.499,NaN,NaN,NaN
2000,5,10,0.211,NaN,NaN,NaN
2000,5,11,4.728,NaN,NaN,NaN
2000,5,12,8.931,NaN,NaN,NaN
2000,5,13,0.534,NaN,NaN,NaN
2000,5,14,0.203,NaN,NaN,NaN
2000,5,15,0.156,NaN,NaN,NaN
2000,5,16,0.158,NaN,NaN,NaN
2000,5,17,0.131,NaN,NaN,NaN
2000,5,18,0.118,NaN,NaN,NaN
2000,5,19,0.114,NaN,NaN,NaN
2000,5,20,0.111,NaN,NaN,NaN
2000,5,21,1.474,NaN,NaN,NaN
2000,5,22,0.646,NaN,NaN,NaN
2000,5,23,0.123,NaN,NaN,NaN
2000,5,24,0.112,NaN,NaN,NaN
2000,5,25,0.114,NaN,NaN,NaN
2000,5,26,0.233,NaN,NaN,NaN
2000,5,27,0.119,NaN,NaN,NaN
2000,5,28,0.117,NaN,NaN,NaN
2000,5,29,0.208,NaN,NaN,NaN
2000,5,30,4.091,NaN,NaN,NaN
2000,5,31,0.27,NaN,NaN,NaN
2000,6,1,1.215,NaN,NaN,NaN
2000,6,2,0.239,NaN,NaN,NaN
2000,6,3,1.075,NaN,NaN,NaN
2000,6,4,1.178,NaN,NaN,NaN
2000,6,5,0.448,NaN,NaN,NaN
2000,6,6,0.228,NaN,NaN,NaN
2000,6,7,0.899,NaN,NaN,NaN
2000,6,8,0.242,NaN,NaN,NaN
2000,6,9,0.172,NaN,NaN,NaN
2000,6,10,0.157,NaN,NaN,NaN
2000,6,11,0.151,NaN,NaN,NaN
2000,6,12,0.19,NaN,NaN,NaN
2000,6,13,0.219,NaN,NaN,NaN
2000,6,14,0.14,NaN,NaN,NaN
2000,6,15,0.164,NaN,NaN,NaN
2000,6,16,0.123,NaN,NaN,NaN
2000,6,17,0.146,NaN,NaN,NaN
2000,6,18,0.139,NaN,NaN,NaN
2000,6,19,0.115,NaN,NaN,NaN
2000,6,20,0.112,NaN,NaN,NaN
2000,6,21,0.112,NaN,NaN,NaN
2000,6,22,0.123,NaN,NaN,NaN
2000,6,23,0.136,NaN,NaN,NaN
2000,6,24,0.122,NaN,NaN,NaN
2000,6,25,0.111,NaN,NaN,NaN
2000,6,26,0.12,NaN,NaN,NaN
2000,6,27,0.741,NaN,NaN,NaN
2000,6,28,10.259,NaN,NaN,NaN
2000,6,29,11.822,NaN,NaN,NaN
2000,6,30,0.767,NaN,NaN,NaN
2000,7,1,0.464,NaN,NaN,NaN
2000,7,2,10.477,NaN,NaN,NaN
2000,7,3,9.829,NaN,NaN,NaN
2000,7,4,18.428,NaN,NaN,NaN
2000,7,5,4.568,NaN,NaN,NaN
2000,7,6,5.754,NaN,NaN,NaN
2000,7,7,9.325,NaN,NaN,NaN
2000,7,8,3.928,NaN,NaN,NaN
2000,7,9,1.737,NaN,NaN,NaN
2000,7,10,1.46,NaN,NaN,NaN
2000,7,11,0.956,NaN,NaN,NaN
2000,7,12,0.567,NaN,NaN,NaN
2000,7,13,0.544,NaN,NaN,NaN
2000,7,14,0.436,NaN,NaN,NaN
2000,7,15,2.194,NaN,NaN,NaN
2000,7,16,13.595,NaN,NaN,NaN
2000,7,17,6.337,NaN,NaN,NaN
2000,7,18,30.386,NaN,NaN,NaN
2000,7,19,14.389,NaN,NaN,NaN
2000,7,20,17.266,NaN,NaN,NaN
2000,7,21,16.565,NaN,NaN,NaN
2000,7,22,2.633,NaN,NaN,NaN
2000,7,23,1.786,NaN,NaN,NaN
2000,7,24,1.322,NaN,NaN,NaN
2000,7,25,0.993,NaN,NaN,NaN
2000,7,26,0.863,NaN,NaN,NaN
2000,7,27,0.729,NaN,NaN,NaN
2000,7,28,1.724,NaN,NaN,NaN
2000,7,29,1.297,NaN,NaN,NaN
2000,7,30,0.623,NaN,NaN,NaN
2000,7,31,0.498,NaN,NaN,NaN
2000,8,1,0.472,NaN,NaN,NaN
2000,8,2,0.37,NaN,NaN,NaN
2000,8,3,0.378,NaN,NaN,NaN
2000,8,4,0.363,NaN,NaN,NaN
2000,8,5,0.321,NaN,NaN,NaN
2000,8,6,0.276,NaN,NaN,NaN
2000,8,7,0.239,NaN,NaN,NaN
2000,8,8,0.221,NaN,NaN,NaN
2000,8,9,0.201,NaN,NaN,NaN
2000,8,10,0.213,NaN,NaN,NaN
2000,8,11,0.396,NaN,NaN,NaN
2000,8,12,1.235,NaN,NaN,NaN
2000,8,13,0.352,NaN,NaN,NaN
2000,8,14,0.211,NaN,NaN,NaN
2000,8,15,0.204,NaN,NaN,NaN
2000,8,16,0.17,NaN,NaN,NaN
2000,8,17,0.266,NaN,NaN,NaN
2000,8,18,0.892,NaN,NaN,NaN
2000,8,19,0.423,NaN,NaN,NaN
2000,8,20,0.504,NaN,NaN,NaN
2000,8,21,0.236,NaN,NaN,NaN
2000,8,22,0.271,NaN,NaN,NaN
2000,8,23,0.183,NaN,NaN,NaN
2000,8,24,0.156,NaN,NaN,NaN
2000,8,25,0.15,NaN,NaN,NaN
2000,8,26,0.579,NaN,NaN,NaN
2000,8,27,0.305,NaN,NaN,NaN
2000,8,28,0.191,NaN,NaN,NaN
2000,8,29,0.18,NaN,NaN,NaN
2000,8,30,12.013,NaN,NaN,NaN
2000,8,31,1.098,NaN,NaN,NaN
2000,9,1,0.527,NaN,NaN,NaN
2000,9,2,0.347,NaN,NaN,NaN
2000,9,3,0.254,NaN,NaN,NaN
2000,9,4,0.222,NaN,NaN,NaN
2000,9,5,0.206,NaN,NaN,NaN
2000,9,6,0.169,NaN,NaN,NaN
2000,9,7,0.16,NaN,NaN,NaN
2000,9,8,0.183,NaN,NaN,NaN
2000,9,9,0.939,NaN,NaN,NaN
2000,9,10,0.219,NaN,NaN,NaN
2000,9,11,0.159,NaN,NaN,NaN
2000,9,12,0.147,NaN,NaN,NaN
2000,9,13,0.743,NaN,NaN,NaN
2000,9,14,0.198,NaN,NaN,NaN
2000,9,15,0.147,NaN,NaN,NaN
2000,9,16,0.152,NaN,NaN,NaN
2000,9,17,0.158,NaN,NaN,NaN
2000,9,18,0.136,NaN,NaN,NaN
2000,9,19,0.135,NaN,NaN,NaN
2000,9,20,0.133,NaN,NaN,NaN
2000,9,21,0.142,NaN,NaN,NaN
2000,9,22,0.146,NaN,NaN,NaN
2000,9,23,0.132,NaN,NaN,NaN
2000,9,24,0.158,NaN,NaN,NaN
2000,9,25,0.662,NaN,NaN,NaN
2000,9,26,0.155,NaN,NaN,NaN
2000,9,27,0.124,NaN,NaN,NaN
2000,9,28,0.123,NaN,NaN,NaN
2000,9,29,0.123,NaN,NaN,NaN
2000,9,30,0.134,NaN,NaN,NaN
2000,10,1,0.122,NaN,NaN,NaN
2000,10,2,0.969,NaN,NaN,NaN
2000,10,3,0.246,NaN,NaN,NaN
2000,10,4,0.126,NaN,NaN,NaN
2000,10,5,0.124,NaN,NaN,NaN
2000,10,6,0.123,NaN,NaN,NaN
2000,10,7,0.122,NaN,NaN,NaN
2000,10,8,0.122,NaN,NaN,NaN
2000,10,9,0.12,NaN,NaN,NaN
2000,10,10,0.12,NaN,NaN,NaN
2000,10,11,0.165,NaN,NaN,NaN
2000,10,12,0.138,NaN,NaN,NaN
2000,10,13,0.12,NaN,NaN,NaN
2000,10,14,0.119,NaN,NaN,NaN
2000,10,15,0.133,NaN,NaN,NaN
2000,10,16,0.145,NaN,NaN,NaN
2000,10,17,0.201,NaN,NaN,NaN
2000,10,18,0.138,NaN,NaN,NaN
2000,10,19,0.118,NaN,NaN,NaN
2000,10,20,0.118,NaN,NaN,NaN
2000,10,21,0.124,NaN,NaN,NaN
2000,10,22,0.119,NaN,NaN,NaN
2000,10,23,0.118,NaN,NaN,NaN
2000,10,24,0.122,NaN,NaN,NaN
2000,10,25,0.117,NaN,NaN,NaN
2000,10,26,0.12,NaN,NaN,NaN
2000,10,27,0.152,NaN,NaN,NaN
2000,10,28,0.126,NaN,NaN,NaN
2000,10,29,0.477,NaN,NaN,NaN
2000,10,30,0.158,NaN,NaN,NaN
2000,10,31,0.116,NaN,NaN,NaN
2000,11,1,0.115,NaN,NaN,NaN
2000,11,2,0.155,NaN,NaN,NaN
2000,11,3,0.978,NaN,NaN,NaN
2000,11,4,7.193,NaN,NaN,NaN
2000,11,5,5.805,NaN,NaN,NaN
2000,11,6,0.812,NaN,NaN,NaN
2000,11,7,0.616,NaN,NaN,NaN
2000,11,8,0.394,NaN,NaN,NaN
2000,11,9,0.301,NaN,NaN,NaN
2000,11,10,0.185,NaN,NaN,NaN
2000,11,11,0.171,NaN,NaN,NaN
2000,11,12,0.15,NaN,NaN,NaN
2000,11,13,0.145,NaN,NaN,NaN
2000,11,14,0.139,NaN,NaN,NaN
2000,11,15,0.139,NaN,NaN,NaN
2000,11,16,0.167,NaN,NaN,NaN
2000,11,17,0.133,NaN,NaN,NaN
2000,11,18,0.14,NaN,NaN,NaN
2000,11,19,0.13,NaN,NaN,NaN
2000,11,20,0.138,NaN,NaN,NaN
2000,11,21,0.127,NaN,NaN,NaN
2000,11,22,0.364,NaN,NaN,NaN
2000,11,23,0.167,NaN,NaN,NaN
2000,11,24,0.13,NaN,NaN,NaN
2000,11,25,0.13,NaN,NaN,NaN
2000,11,26,0.126,NaN,NaN,NaN
2000,11,27,0.125,NaN,NaN,NaN
2000,11,28,0.218,NaN,NaN,NaN
2000,11,29,0.304,NaN,NaN,NaN
2000,11,30,0.104,NaN,NaN,NaN
2000,12,1,0.101,NaN,NaN,NaN
2000,12,2,0.099,NaN,NaN,NaN
2000,12,3,0.145,NaN,NaN,NaN
2000,12,4,9.197,NaN,NaN,NaN
2000,12,5,0.31,NaN,NaN,NaN
2000,12,6,0.171,NaN,NaN,NaN
2000,12,7,0.109,NaN,NaN,NaN
2000,12,8,0.101,NaN,NaN,NaN
2000,12,9,0.098,NaN,NaN,NaN
2000,12,10,0.186,NaN,NaN,NaN
2000,12,11,6.769,NaN,NaN,NaN
2000,12,12,0.141,NaN,NaN,NaN
2000,12,13,0.145,NaN,NaN,NaN
2000,12,14,0.108,NaN,NaN,NaN
2000,12,15,0.099,NaN,NaN,NaN
2000,12,16,0.097,NaN,NaN,NaN
2000,12,17,0.096,NaN,NaN,NaN
2000,12,18,0.101,NaN,NaN,NaN
2000,12,19,0.098,NaN,NaN,NaN
2000,12,20,2.237,NaN,NaN,NaN
2000,12,21,0.128,NaN,NaN,NaN
2000,12,22,0.136,NaN,NaN,NaN
2000,12,23,0.098,NaN,NaN,NaN
2000,12,24,0.098,NaN,NaN,NaN
2000,12,25,0.104,NaN,NaN,NaN
2000,12,26,0.096,NaN,NaN,NaN
2000,12,27,0.096,NaN,NaN,NaN
2000,12,28,0.127,NaN,NaN,NaN
2000,12,29,1.775,NaN,NaN,NaN
2000,12,30,5.634,NaN,NaN,NaN
2000,12,31,0.385,NaN,NaN,NaN
2001,1,1,0.185,NaN,NaN,NaN
2001,1,2,0.181,NaN,NaN,NaN
2001,1,3,0.121,NaN,NaN,NaN
2001,1,4,0.111,NaN,NaN,NaN
2001,1,5,0.15,NaN,NaN,NaN
2001,1,6,0.103,NaN,NaN,NaN
2001,1,7,0.099,NaN,NaN,NaN
2001,1,8,0.096,NaN,NaN,NaN
2001,1,9,0.096,NaN,NaN,NaN
2001,1,10,1.791,NaN,NaN,NaN
2001,1,11,25.9,NaN,NaN,NaN
2001,1,12,8.669,NaN,NaN,NaN
2001,1,13,1.002,NaN,NaN,NaN
2001,1,14,0.434,NaN,NaN,NaN
2001,1,15,0.322,NaN,NaN,NaN
2001,1,16,0.243,NaN,NaN,NaN
2001,1,17,0.231,NaN,NaN,NaN
2001,1,18,0.204,NaN,NaN,NaN
2001,1,19,0.197,NaN,NaN,NaN
2001,1,20,0.181,NaN,NaN,NaN
2001,1,21,0.171,NaN,NaN,NaN
2001,1,22,0.165,NaN,NaN,NaN
2001,1,23,0.165,NaN,NaN,NaN
2001,1,24,0.164,NaN,NaN,NaN
2001,1,25,0.163,NaN,NaN,NaN
2001,1,26,0.163,NaN,NaN,NaN
2001,1,27,0.163,NaN,NaN,NaN
2001,1,28,0.163,NaN,NaN,NaN
2001,1,29,0.163,NaN,NaN,NaN
2001,1,30,0.162,NaN,NaN,NaN
2001,1,31,0.262,NaN,NaN,NaN
2001,2,1,0.19,NaN,NaN,NaN
2001,2,2,0.176,NaN,NaN,NaN
2001,2,3,0.132,NaN,NaN,NaN
2001,2,4,0.117,NaN,NaN,NaN
2001,2,5,0.118,NaN,NaN,NaN
2001,2,6,0.118,NaN,NaN,NaN
2001,2,7,0.114,NaN,NaN,NaN
2001,2,8,0.148,NaN,NaN,NaN
2001,2,9,0.136,NaN,NaN,NaN
2001,2,10,0.136,NaN,NaN,NaN
2001,2,11,1.545,NaN,NaN,NaN
2001,2,12,0.155,NaN,NaN,NaN
2001,2,13,0.162,NaN,NaN,NaN
2001,2,14,0.152,NaN,NaN,NaN
2001,2,15,0.115,NaN,NaN,NaN
2001,2,16,0.117,NaN,NaN,NaN
2001,2,17,0.459,NaN,NaN,NaN
2001,2,18,0.156,NaN,NaN,NaN
2001,2,19,0.241,NaN,NaN,NaN
2001,2,20,0.206,NaN,NaN,NaN
2001,2,21,0.13,NaN,NaN,NaN
2001,2,22,0.124,NaN,NaN,NaN
2001,2,23,0.178,NaN,NaN,NaN
2001,2,24,0.203,NaN,NaN,NaN
2001,2,25,0.124,NaN,NaN,NaN
2001,2,26,0.195,NaN,NaN,NaN
2001,2,27,0.136,NaN,NaN,NaN
2001,2,28,4.643,NaN,NaN,NaN
2001,3,1,0.45,NaN,NaN,NaN
2001,3,2,0.136,NaN,NaN,NaN
2001,3,3,0.192,NaN,NaN,NaN
2001,3,4,0.155,NaN,NaN,NaN
2001,3,5,0.666,NaN,NaN,NaN
2001,3,6,0.13,NaN,NaN,NaN
2001,3,7,0.151,NaN,NaN,NaN
2001,3,8,0.135,NaN,NaN,NaN
2001,3,9,2.504,NaN,NaN,NaN
2001,3,10,2.657,NaN,NaN,NaN
2001,3,11,0.198,NaN,NaN,NaN
2001,3,12,0.148,NaN,NaN,NaN
2001,3,13,0.166,NaN,NaN,NaN
2001,3,14,0.647,NaN,NaN,NaN
2001,3,15,0.519,NaN,NaN,NaN
2001,3,16,0.135,NaN,NaN,NaN
2001,3,17,0.296,NaN,NaN,NaN
2001,3,18,1.927,NaN,NaN,NaN
2001,3,19,0.447,NaN,NaN,NaN
2001,3,20,0.279,NaN,NaN,NaN
2001,3,21,1.879,NaN,NaN,NaN
2001,3,22,0.574,NaN,NaN,NaN
2001,3,23,0.17,NaN,NaN,NaN
2001,3,24,0.155,NaN,NaN,NaN
2001,3,25,0.146,NaN,NaN,NaN
2001,3,26,0.141,NaN,NaN,NaN
2001,3,27,0.16,NaN,NaN,NaN
2001,3,28,0.136,NaN,NaN,NaN
2001,3,29,0.133,NaN,NaN,NaN
2001,3,30,0.131,NaN,NaN,NaN
2001,3,31,0.127,NaN,NaN,NaN
2001,4,1,0.596,NaN,NaN,NaN
2001,4,2,18.636,NaN,NaN,NaN
2001,4,3,6.286,NaN,NaN,NaN
2001,4,4,0.749,NaN,NaN,NaN
2001,4,5,0.307,NaN,NaN,NaN
2001,4,6,0.198,NaN,NaN,NaN
2001,4,7,0.177,NaN,NaN,NaN
2001,4,8,0.156,NaN,NaN,NaN
2001,4,9,0.146,NaN,NaN,NaN
2001,4,10,0.14,NaN,NaN,NaN
2001,4,11,0.133,NaN,NaN,NaN
2001,4,12,9.748,NaN,NaN,NaN
2001,4,13,37.915,NaN,NaN,NaN
2001,4,14,3.347,NaN,NaN,NaN
2001,4,15,0.697,NaN,NaN,NaN
2001,4,16,0.402,NaN,NaN,NaN
2001,4,17,0.282,NaN,NaN,NaN
2001,4,18,0.233,NaN,NaN,NaN
2001,4,19,0.591,NaN,NaN,NaN
2001,4,20,0.607,NaN,NaN,NaN
2001,4,21,0.246,NaN,NaN,NaN
2001,4,22,0.187,NaN,NaN,NaN
2001,4,23,0.187,NaN,NaN,NaN
2001,4,24,0.145,NaN,NaN,NaN
2001,4,25,0.137,NaN,NaN,NaN
2001,4,26,0.131,NaN,NaN,NaN
2001,4,27,0.13,NaN,NaN,NaN
2001,4,28,0.125,NaN,NaN,NaN
2001,4,29,0.39,NaN,NaN,NaN
2001,4,30,0.718,NaN,NaN,NaN
2001,5,1,0.732,NaN,NaN,NaN
2001,5,2,1.078,NaN,NaN,NaN
2001,5,3,0.501,NaN,NaN,NaN
2001,5,4,12.124,NaN,NaN,NaN
2001,5,5,13.289,NaN,NaN,NaN
2001,5,6,1.427,NaN,NaN,NaN
2001,5,7,0.613,NaN,NaN,NaN
2001,5,8,0.366,NaN,NaN,NaN
2001,5,9,0.269,NaN,NaN,NaN
2001,5,10,28.887,NaN,NaN,NaN
2001,5,11,7.424,NaN,NaN,NaN
2001,5,12,7.111,NaN,NaN,NaN
2001,5,13,1.699,NaN,NaN,NaN
2001,5,14,1.144,NaN,NaN,NaN
2001,5,15,0.763,NaN,NaN,NaN
2001,5,16,0.585,NaN,NaN,NaN
2001,5,17,0.502,NaN,NaN,NaN
2001,5,18,0.443,NaN,NaN,NaN
2001,5,19,0.646,NaN,NaN,NaN
2001,5,20,0.527,NaN,NaN,NaN
2001,5,21,0.377,NaN,NaN,NaN
2001,5,22,0.59,NaN,NaN,NaN
2001,5,23,0.336,NaN,NaN,NaN
2001,5,24,0.303,NaN,NaN,NaN
2001,5,25,0.558,NaN,NaN,NaN
2001,5,26,0.447,NaN,NaN,NaN
2001,5,27,0.439,NaN,NaN,NaN
2001,5,28,0.41,NaN,NaN,NaN
2001,5,29,1.07,NaN,NaN,NaN
2001,5,30,2.486,NaN,NaN,NaN
2001,5,31,2.228,NaN,NaN,NaN
2001,6,1,0.605,NaN,NaN,NaN
2001,6,2,0.412,NaN,NaN,NaN
2001,6,3,0.272,NaN,NaN,NaN
2001,6,4,0.212,NaN,NaN,NaN
2001,6,5,0.187,NaN,NaN,NaN
2001,6,6,0.187,NaN,NaN,NaN
2001,6,7,0.18,NaN,NaN,NaN
2001,6,8,0.18,NaN,NaN,NaN
2001,6,9,0.172,NaN,NaN,NaN
2001,6,10,1.587,NaN,NaN,NaN
2001,6,11,0.443,NaN,NaN,NaN
2001,6,12,0.167,NaN,NaN,NaN
2001,6,13,0.15,NaN,NaN,NaN
2001,6,14,0.232,NaN,NaN,NaN
2001,6,15,0.19,NaN,NaN,NaN
2001,6,16,0.198,NaN,NaN,NaN
2001,6,17,0.561,NaN,NaN,NaN
2001,6,18,0.321,NaN,NaN,NaN
2001,6,19,0.192,NaN,NaN,NaN
2001,6,20,0.16,NaN,NaN,NaN
2001,6,21,0.15,NaN,NaN,NaN
2001,6,22,0.143,NaN,NaN,NaN
2001,6,23,0.453,NaN,NaN,NaN
2001,6,24,0.149,NaN,NaN,NaN
2001,6,25,0.155,NaN,NaN,NaN
2001,6,26,0.183,NaN,NaN,NaN
2001,6,27,0.136,NaN,NaN,NaN
2001,6,28,0.175,NaN,NaN,NaN
2001,6,29,0.13,NaN,NaN,NaN
2001,6,30,0.125,NaN,NaN,NaN
2001,7,1,0.122,NaN,NaN,NaN
2001,7,2,0.148,NaN,NaN,NaN
2001,7,3,0.12,NaN,NaN,NaN
2001,7,4,0.279,NaN,NaN,NaN
2001,7,5,0.679,NaN,NaN,NaN
2001,7,6,1.329,NaN,NaN,NaN
2001,7,7,3.215,NaN,NaN,NaN
2001,7,8,2.354,NaN,NaN,NaN
2001,7,9,0.898,NaN,NaN,NaN
2001,7,10,0.303,NaN,NaN,NaN
2001,7,11,0.189,NaN,NaN,NaN
2001,7,12,0.176,NaN,NaN,NaN
2001,7,13,0.17,NaN,NaN,NaN
2001,7,14,0.168,NaN,NaN,NaN
2001,7,15,0.157,NaN,NaN,NaN
2001,7,16,0.699,NaN,NaN,NaN
2001,7,17,0.177,NaN,NaN,NaN
2001,7,18,0.178,NaN,NaN,NaN
2001,7,19,0.304,NaN,NaN,NaN
2001,7,20,0.793,NaN,NaN,NaN
2001,7,21,0.267,NaN,NaN,NaN
2001,7,22,0.179,NaN,NaN,NaN
2001,7,23,0.176,NaN,NaN,NaN
2001,7,24,0.153,NaN,NaN,NaN
2001,7,25,0.126,NaN,NaN,NaN
2001,7,26,0.154,NaN,NaN,NaN
2001,7,27,0.153,NaN,NaN,NaN
2001,7,28,0.161,NaN,NaN,NaN
2001,7,29,5.276,NaN,NaN,NaN
2001,7,30,6.04,NaN,NaN,NaN
2001,7,31,2.01,NaN,NaN,NaN
2001,8,1,0.396,NaN,NaN,NaN
2001,8,2,0.229,NaN,NaN,NaN
2001,8,3,5.74,NaN,NaN,NaN
2001,8,4,0.665,NaN,NaN,NaN
2001,8,5,0.299,NaN,NaN,NaN
2001,8,6,0.219,NaN,NaN,NaN
2001,8,7,0.263,NaN,NaN,NaN
2001,8,8,1.219,NaN,NaN,NaN
2001,8,9,0.677,NaN,NaN,NaN
2001,8,10,2.409,NaN,NaN,NaN
2001,8,11,2.565,NaN,NaN,NaN
2001,8,12,0.857,NaN,NaN,NaN
2001,8,13,0.346,NaN,NaN,NaN
2001,8,14,0.289,NaN,NaN,NaN
2001,8,15,0.298,NaN,NaN,NaN
2001,8,16,0.214,NaN,NaN,NaN
2001,8,17,0.194,NaN,NaN,NaN
2001,8,18,1.052,NaN,NaN,NaN
2001,8,19,0.491,NaN,NaN,NaN
2001,8,20,0.292,NaN,NaN,NaN
2001,8,21,0.171,NaN,NaN,NaN
2001,8,22,0.171,NaN,NaN,NaN
2001,8,23,0.178,NaN,NaN,NaN
2001,8,24,0.184,NaN,NaN,NaN
2001,8,25,0.154,NaN,NaN,NaN
2001,8,26,0.171,NaN,NaN,NaN
2001,8,27,0.151,NaN,NaN,NaN
2001,8,28,0.147,NaN,NaN,NaN
2001,8,29,0.54,NaN,NaN,NaN
2001,8,30,6.853,NaN,NaN,NaN
2001,8,31,4.435,NaN,NaN,NaN
2001,9,1,5.301,NaN,NaN,NaN
2001,9,2,20.006,NaN,NaN,NaN
2001,9,3,1.338,NaN,NaN,NaN
2001,9,4,43.598,NaN,NaN,NaN
2001,9,5,13.258,NaN,NaN,NaN
2001,9,6,1.565,NaN,NaN,NaN
2001,9,7,0.851,NaN,NaN,NaN
2001,9,8,0.576,NaN,NaN,NaN
2001,9,9,0.419,NaN,NaN,NaN
2001,9,10,0.324,NaN,NaN,NaN
2001,9,11,0.702,NaN,NaN,NaN
2001,9,12,0.453,NaN,NaN,NaN
2001,9,13,0.299,NaN,NaN,NaN
2001,9,14,0.308,NaN,NaN,NaN
2001,9,15,4.231,NaN,NaN,NaN
2001,9,16,1.068,NaN,NaN,NaN
2001,9,17,0.43,NaN,NaN,NaN
2001,9,18,0.243,NaN,NaN,NaN
2001,9,19,0.203,NaN,NaN,NaN
2001,9,20,0.207,NaN,NaN,NaN
2001,9,21,0.203,NaN,NaN,NaN
2001,9,22,0.178,NaN,NaN,NaN
2001,9,23,0.176,NaN,NaN,NaN
2001,9,24,0.175,NaN,NaN,NaN
2001,9,25,0.168,NaN,NaN,NaN
2001,9,26,0.155,NaN,NaN,NaN
2001,9,27,0.149,NaN,NaN,NaN
2001,9,28,0.176,NaN,NaN,NaN
2001,9,29,0.143,NaN,NaN,NaN
2001,9,30,0.176,NaN,NaN,NaN
2001,10,1,0.136,NaN,NaN,NaN
2001,10,2,0.132,NaN,NaN,NaN
2001,10,3,0.129,NaN,NaN,NaN
2001,10,4,0.179,NaN,NaN,NaN
2001,10,5,0.179,NaN,NaN,NaN
2001,10,6,1.359,NaN,NaN,NaN
2001,10,7,0.276,NaN,NaN,NaN
2001,10,8,0.154,NaN,NaN,NaN
2001,10,9,3.928,NaN,NaN,NaN
2001,10,10,1.319,NaN,NaN,NaN
2001,10,11,0.536,NaN,NaN,NaN
2001,10,12,0.184,NaN,NaN,NaN
2001,10,13,0.285,NaN,NaN,NaN
2001,10,14,0.171,NaN,NaN,NaN
2001,10,15,0.158,NaN,NaN,NaN
2001,10,16,0.764,NaN,NaN,NaN
2001,10,17,0.142,NaN,NaN,NaN
2001,10,18,0.127,NaN,NaN,NaN
2001,10,19,0.123,NaN,NaN,NaN
2001,10,20,1.654,NaN,NaN,NaN
2001,10,21,0.172,NaN,NaN,NaN
2001,10,22,2.022,NaN,NaN,NaN
2001,10,23,1.351,NaN,NaN,NaN
2001,10,24,0.197,NaN,NaN,NaN
2001,10,25,0.172,NaN,NaN,NaN
2001,10,26,0.17,NaN,NaN,NaN
2001,10,27,0.165,NaN,NaN,NaN
2001,10,28,1.259,NaN,NaN,NaN
2001,10,29,0.208,NaN,NaN,NaN
2001,10,30,0.136,NaN,NaN,NaN
2001,10,31,0.126,NaN,NaN,NaN
2001,11,1,1.046,NaN,NaN,NaN
2001,11,2,0.158,NaN,NaN,NaN
2001,11,3,0.304,NaN,NaN,NaN
2001,11,4,0.154,NaN,NaN,NaN
2001,11,5,0.187,NaN,NaN,NaN
2001,11,6,8.273,NaN,NaN,NaN
2001,11,7,15.224,NaN,NaN,NaN
2001,11,8,1.329,NaN,NaN,NaN
2001,11,9,0.341,NaN,NaN,NaN
2001,11,10,0.203,NaN,NaN,NaN
2001,11,11,0.203,NaN,NaN,NaN
2001,11,12,0.17,NaN,NaN,NaN
2001,11,13,0.284,NaN,NaN,NaN
2001,11,14,0.223,NaN,NaN,NaN
2001,11,15,0.203,NaN,NaN,NaN
2001,11,16,0.144,NaN,NaN,NaN
2001,11,17,0.166,NaN,NaN,NaN
2001,11,18,0.129,NaN,NaN,NaN
2001,11,19,0.125,NaN,NaN,NaN
2001,11,20,0.123,NaN,NaN,NaN
2001,11,21,0.121,NaN,NaN,NaN
2001,11,22,0.297,NaN,NaN,NaN
2001,11,23,0.158,NaN,NaN,NaN
2001,11,24,0.131,NaN,NaN,NaN
2001,11,25,0.242,NaN,NaN,NaN
2001,11,26,0.122,NaN,NaN,NaN
2001,11,27,0.119,NaN,NaN,NaN
2001,11,28,0.119,NaN,NaN,NaN
2001,11,29,0.26,NaN,NaN,NaN
2001,11,30,0.483,NaN,NaN,NaN
2001,12,1,1.416,NaN,NaN,NaN
2001,12,2,18.987,NaN,NaN,NaN
2001,12,3,3.777,NaN,NaN,NaN
2001,12,4,0.812,NaN,NaN,NaN
2001,12,5,0.334,NaN,NaN,NaN
2001,12,6,0.218,NaN,NaN,NaN
2001,12,7,11.153,NaN,NaN,NaN
2001,12,8,2.881,NaN,NaN,NaN
2001,12,9,9.889,NaN,NaN,NaN
2001,12,10,2.833,NaN,NaN,NaN
2001,12,11,0.983,NaN,NaN,NaN
2001,12,12,0.717,NaN,NaN,NaN
2001,12,13,0.321,NaN,NaN,NaN
2001,12,14,0.222,NaN,NaN,NaN
2001,12,15,0.237,NaN,NaN,NaN
2001,12,16,1.066,NaN,NaN,NaN
2001,12,17,5.123,NaN,NaN,NaN
2001,12,18,1.31,NaN,NaN,NaN
2001,12,19,0.462,NaN,NaN,NaN
2001,12,20,0.244,NaN,NaN,NaN
2001,12,21,0.199,NaN,NaN,NaN
2001,12,22,0.184,NaN,NaN,NaN
2001,12,23,0.168,NaN,NaN,NaN
2001,12,24,0.489,NaN,NaN,NaN
2001,12,25,0.177,NaN,NaN,NaN
2001,12,26,0.218,NaN,NaN,NaN
2001,12,27,0.276,NaN,NaN,NaN
2001,12,28,0.198,NaN,NaN,NaN
2001,12,29,0.176,NaN,NaN,NaN
2001,12,30,0.167,NaN,NaN,NaN
2001,12,31,0.167,NaN,NaN,NaN
2002,1,1,0.162,NaN,NaN,NaN
2002,1,2,0.166,NaN,NaN,NaN
2002,1,3,0.167,NaN,NaN,NaN
2002,1,4,0.484,NaN,NaN,NaN
2002,1,5,0.177,NaN,NaN,NaN
2002,1,6,0.735,NaN,NaN,NaN
2002,1,7,0.182,NaN,NaN,NaN
2002,1,8,0.158,NaN,NaN,NaN
2002,1,9,1.129,NaN,NaN,NaN
2002,1,10,1.767,NaN,NaN,NaN
2002,1,11,0.204,NaN,NaN,NaN
2002,1,12,2.846,NaN,NaN,NaN
2002,1,13,0.363,NaN,NaN,NaN
2002,1,14,0.152,NaN,NaN,NaN
2002,1,15,0.141,NaN,NaN,NaN
2002,1,16,0.131,NaN,NaN,NaN
2002,1,17,0.13,NaN,NaN,NaN
2002,1,18,0.144,NaN,NaN,NaN
2002,1,19,0.321,NaN,NaN,NaN
2002,1,20,0.132,NaN,NaN,NaN
2002,1,21,0.125,NaN,NaN,NaN
2002,1,22,0.124,NaN,NaN,NaN
2002,1,23,0.124,NaN,NaN,NaN
2002,1,24,0.122,NaN,NaN,NaN
2002,1,25,0.122,NaN,NaN,NaN
2002,1,26,0.123,NaN,NaN,NaN
2002,1,27,0.147,NaN,NaN,NaN
2002,1,28,0.132,NaN,NaN,NaN
2002,1,29,0.122,NaN,NaN,NaN
2002,1,30,0.128,NaN,NaN,NaN
2002,1,31,0.121,NaN,NaN,NaN
2002,2,1,0.122,NaN,NaN,NaN
2002,2,2,0.557,NaN,NaN,NaN
2002,2,3,0.129,NaN,NaN,NaN
2002,2,4,0.119,NaN,NaN,NaN
2002,2,5,0.138,NaN,NaN,NaN
2002,2,6,0.124,NaN,NaN,NaN
2002,2,7,0.117,NaN,NaN,NaN
2002,2,8,0.146,NaN,NaN,NaN
2002,2,9,0.14,NaN,NaN,NaN
2002,2,10,0.149,NaN,NaN,NaN
2002,2,11,0.182,NaN,NaN,NaN
2002,2,12,2.641,NaN,NaN,NaN
2002,2,13,0.299,NaN,NaN,NaN
2002,2,14,0.127,NaN,NaN,NaN
2002,2,15,0.121,NaN,NaN,NaN
2002,2,16,0.124,NaN,NaN,NaN
2002,2,17,0.13,NaN,NaN,NaN
2002,2,18,0.116,NaN,NaN,NaN
2002,2,19,0.114,NaN,NaN,NaN
2002,2,20,0.117,NaN,NaN,NaN
2002,2,21,0.548,NaN,NaN,NaN
2002,2,22,1.696,NaN,NaN,NaN
2002,2,23,0.162,NaN,NaN,NaN
2002,2,24,0.135,NaN,NaN,NaN
2002,2,25,0.118,NaN,NaN,NaN
2002,2,26,0.116,NaN,NaN,NaN
2002,2,27,0.116,NaN,NaN,NaN
2002,2,28,0.114,NaN,NaN,NaN
2002,3,1,0.115,NaN,NaN,NaN
2002,3,2,0.623,NaN,NaN,NaN
2002,3,3,0.123,NaN,NaN,NaN
2002,3,4,0.114,NaN,NaN,NaN
2002,3,5,0.112,NaN,NaN,NaN
2002,3,6,0.117,NaN,NaN,NaN
2002,3,7,0.126,NaN,NaN,NaN
2002,3,8,0.112,NaN,NaN,NaN
2002,3,9,0.161,NaN,NaN,NaN
2002,3,10,3.66,NaN,NaN,NaN
2002,3,11,0.225,NaN,NaN,NaN
2002,3,12,0.675,NaN,NaN,NaN
2002,3,13,0.462,NaN,NaN,NaN
2002,3,14,9.903,NaN,NaN,NaN
2002,3,15,4.919,NaN,NaN,NaN
2002,3,16,0.4,NaN,NaN,NaN
2002,3,17,0.257,NaN,NaN,NaN
2002,3,18,0.172,NaN,NaN,NaN
2002,3,19,0.149,NaN,NaN,NaN
2002,3,20,0.136,NaN,NaN,NaN
2002,3,21,0.132,NaN,NaN,NaN
2002,3,22,0.13,NaN,NaN,NaN
2002,3,23,0.127,NaN,NaN,NaN
2002,3,24,0.123,NaN,NaN,NaN
2002,3,25,0.44,NaN,NaN,NaN
2002,3,26,0.13,NaN,NaN,NaN
2002,3,27,0.125,NaN,NaN,NaN
2002,3,28,0.12,NaN,NaN,NaN
2002,3,29,0.119,NaN,NaN,NaN
2002,3,30,0.119,NaN,NaN,NaN
2002,3,31,0.179,NaN,NaN,NaN
2002,4,1,0.126,NaN,NaN,NaN
2002,4,2,0.146,NaN,NaN,NaN
2002,4,3,0.114,NaN,NaN,NaN
2002,4,4,0.114,NaN,NaN,NaN
2002,4,5,0.113,NaN,NaN,NaN
2002,4,6,0.225,NaN,NaN,NaN
2002,4,7,0.145,NaN,NaN,NaN
2002,4,8,0.123,NaN,NaN,NaN
2002,4,9,0.488,NaN,NaN,NaN
2002,4,10,0.123,NaN,NaN,NaN
2002,4,11,0.133,NaN,NaN,NaN
2002,4,12,0.113,NaN,NaN,NaN
2002,4,13,0.115,NaN,NaN,NaN
2002,4,14,0.12,NaN,NaN,NaN
2002,4,15,0.114,NaN,NaN,NaN
2002,4,16,0.112,NaN,NaN,NaN
2002,4,17,0.111,NaN,NaN,NaN
2002,4,18,0.109,NaN,NaN,NaN
2002,4,19,0.108,NaN,NaN,NaN
2002,4,20,0.157,NaN,NaN,NaN
2002,4,21,0.117,NaN,NaN,NaN
2002,4,22,0.145,NaN,NaN,NaN
2002,4,23,0.155,NaN,NaN,NaN
2002,4,24,0.225,NaN,NaN,NaN
2002,4,25,1.593,NaN,NaN,NaN
2002,4,26,0.615,NaN,NaN,NaN
2002,4,27,0.2,NaN,NaN,NaN
2002,4,28,0.147,NaN,NaN,NaN
2002,4,29,0.12,NaN,NaN,NaN
2002,4,30,1.293,NaN,NaN,NaN
2002,5,1,0.162,NaN,NaN,NaN
2002,5,2,0.123,NaN,NaN,NaN
2002,5,3,0.117,NaN,NaN,NaN
2002,5,4,0.115,NaN,NaN,NaN
2002,5,5,0.113,NaN,NaN,NaN
2002,5,6,0.111,NaN,NaN,NaN
2002,5,7,0.112,NaN,NaN,NaN
2002,5,8,0.11,NaN,NaN,NaN
2002,5,9,0.107,NaN,NaN,NaN
2002,5,10,0.108,NaN,NaN,NaN
2002,5,11,0.107,NaN,NaN,NaN
2002,5,12,0.147,NaN,NaN,NaN
2002,5,13,1.2,NaN,NaN,NaN
2002,5,14,0.185,NaN,NaN,NaN
2002,5,15,0.12,NaN,NaN,NaN
2002,5,16,0.119,NaN,NaN,NaN
2002,5,17,2.183,NaN,NaN,NaN
2002,5,18,4.36,NaN,NaN,NaN
2002,5,19,7.928,NaN,NaN,NaN
2002,5,20,5.353,NaN,NaN,NaN
2002,5,21,2.621,NaN,NaN,NaN
2002,5,22,0.567,NaN,NaN,NaN
2002,5,23,0.202,NaN,NaN,NaN
2002,5,24,0.315,NaN,NaN,NaN
2002,5,25,0.168,NaN,NaN,NaN
2002,5,26,0.189,NaN,NaN,NaN
2002,5,27,0.215,NaN,NaN,NaN
2002,5,28,0.251,NaN,NaN,NaN
2002,5,29,0.273,NaN,NaN,NaN
2002,5,30,0.169,NaN,NaN,NaN
2002,5,31,0.147,NaN,NaN,NaN
2002,6,1,0.488,NaN,NaN,NaN
2002,6,2,5.728,NaN,NaN,NaN
2002,6,3,0.337,NaN,NaN,NaN
2002,6,4,0.231,NaN,NaN,NaN
2002,6,5,0.188,NaN,NaN,NaN
2002,6,6,0.191,NaN,NaN,NaN
2002,6,7,0.177,NaN,NaN,NaN
2002,6,8,0.15,NaN,NaN,NaN
2002,6,9,0.143,NaN,NaN,NaN
2002,6,10,0.492,NaN,NaN,NaN
2002,6,11,0.155,NaN,NaN,NaN
2002,6,12,0.142,NaN,NaN,NaN
2002,6,13,0.306,NaN,NaN,NaN
2002,6,14,5.765,NaN,NaN,NaN
2002,6,15,0.277,NaN,NaN,NaN
2002,6,16,0.167,NaN,NaN,NaN
2002,6,17,0.189,NaN,NaN,NaN
2002,6,18,5.203,NaN,NaN,NaN
2002,6,19,18.176,NaN,NaN,NaN
2002,6,20,34.854,NaN,NaN,NaN
2002,6,21,18.575,NaN,NaN,NaN
2002,6,22,2.394,NaN,NaN,NaN
2002,6,23,1.139,NaN,NaN,NaN
2002,6,24,0.828,NaN,NaN,NaN
2002,6,25,0.539,NaN,NaN,NaN
2002,6,26,0.391,NaN,NaN,NaN
2002,6,27,0.342,NaN,NaN,NaN
2002,6,28,3.563,NaN,NaN,NaN
2002,6,29,2.499,NaN,NaN,NaN
2002,6,30,8.67,NaN,NaN,NaN
2002,7,1,1.253,NaN,NaN,NaN
2002,7,2,0.69,NaN,NaN,NaN
2002,7,3,0.596,NaN,NaN,NaN
2002,7,4,0.569,NaN,NaN,NaN
2002,7,5,1.202,NaN,NaN,NaN
2002,7,6,1.091,NaN,NaN,NaN
2002,7,7,0.654,NaN,NaN,NaN
2002,7,8,1.166,NaN,NaN,NaN
2002,7,9,0.529,NaN,NaN,NaN
2002,7,10,0.445,NaN,NaN,NaN
2002,7,11,3.944,NaN,NaN,NaN
2002,7,12,5.345,NaN,NaN,NaN
2002,7,13,0.959,NaN,NaN,NaN
2002,7,14,0.466,NaN,NaN,NaN
2002,7,15,0.44,NaN,NaN,NaN
2002,7,16,0.304,NaN,NaN,NaN
2002,7,17,0.299,NaN,NaN,NaN
2002,7,18,0.249,NaN,NaN,NaN
2002,7,19,NaN,NaN,NaN,NaN
2002,7,20,NaN,NaN,NaN,NaN
2002,7,21,NaN,NaN,NaN,NaN
2002,7,22,5.684,NaN,NaN,NaN
2002,7,23,22.132,NaN,NaN,NaN
2002,7,24,6.977,NaN,NaN,NaN
2002,7,25,0.97,NaN,NaN,NaN
2002,7,26,1.694,NaN,NaN,NaN
2002,7,27,1.759,NaN,NaN,NaN
2002,7,28,0.467,NaN,NaN,NaN
2002,7,29,0.373,NaN,NaN,NaN
2002,7,30,0.326,NaN,NaN,NaN
2002,7,31,0.29,NaN,NaN,NaN
2002,8,1,0.262,NaN,NaN,NaN
2002,8,2,0.241,NaN,NaN,NaN
2002,8,3,0.236,NaN,NaN,NaN
2002,8,4,0.301,NaN,NaN,NaN
2002,8,5,1.015,NaN,NaN,NaN
2002,8,6,2.626,NaN,NaN,NaN
2002,8,7,0.77,NaN,NaN,NaN
2002,8,8,0.503,NaN,NaN,NaN
2002,8,9,1.413,NaN,NaN,NaN
2002,8,10,0.916,NaN,NaN,NaN
2002,8,11,0.373,NaN,NaN,NaN
2002,8,12,0.302,NaN,NaN,NaN
2002,8,13,0.257,NaN,NaN,NaN
2002,8,14,1.647,NaN,NaN,NaN
2002,8,15,0.328,NaN,NaN,NaN
2002,8,16,0.901,NaN,NaN,NaN
2002,8,17,0.274,NaN,NaN,NaN
2002,8,18,0.72,NaN,NaN,NaN
2002,8,19,0.269,NaN,NaN,NaN
2002,8,20,0.215,NaN,NaN,NaN
2002,8,21,0.185,NaN,NaN,NaN
2002,8,22,0.191,NaN,NaN,NaN
2002,8,23,0.172,NaN,NaN,NaN
2002,8,24,0.614,NaN,NaN,NaN
2002,8,25,0.86,NaN,NaN,NaN
2002,8,26,0.228,NaN,NaN,NaN
2002,8,27,0.192,NaN,NaN,NaN
2002,8,28,0.158,NaN,NaN,NaN
2002,8,29,0.147,NaN,NaN,NaN
2002,8,30,0.138,NaN,NaN,NaN
2002,8,31,0.131,NaN,NaN,NaN
2002,9,1,0.13,NaN,NaN,NaN
2002,9,2,0.129,NaN,NaN,NaN
2002,9,3,1.14,NaN,NaN,NaN
2002,9,4,0.179,NaN,NaN,NaN
2002,9,5,0.134,NaN,NaN,NaN
2002,9,6,0.126,NaN,NaN,NaN
2002,9,7,0.117,NaN,NaN,NaN
2002,9,8,0.116,NaN,NaN,NaN
2002,9,9,0.991,NaN,NaN,NaN
2002,9,10,0.172,NaN,NaN,NaN
2002,9,11,0.248,NaN,NaN,NaN
2002,9,12,0.25,NaN,NaN,NaN
2002,9,13,0.59,NaN,NaN,NaN
2002,9,14,0.369,NaN,NaN,NaN
2002,9,15,0.147,NaN,NaN,NaN
2002,9,16,0.121,NaN,NaN,NaN
2002,9,17,0.118,NaN,NaN,NaN
2002,9,18,0.112,NaN,NaN,NaN
2002,9,19,2.193,NaN,NaN,NaN
2002,9,20,0.643,NaN,NaN,NaN
2002,9,21,0.322,NaN,NaN,NaN
2002,9,22,0.147,NaN,NaN,NaN
2002,9,23,0.124,NaN,NaN,NaN
2002,9,24,0.116,NaN,NaN,NaN
2002,9,25,0.187,NaN,NaN,NaN
2002,9,26,0.109,NaN,NaN,NaN
2002,9,27,0.456,NaN,NaN,NaN
2002,9,28,0.289,NaN,NaN,NaN
2002,9,29,0.355,NaN,NaN,NaN
2002,9,30,0.12,NaN,NaN,NaN
2002,10,1,0.105,NaN,NaN,NaN
2002,10,2,0.098,NaN,NaN,NaN
2002,10,3,0.097,NaN,NaN,NaN
2002,10,4,0.097,NaN,NaN,NaN
2002,10,5,0.107,NaN,NaN,NaN
2002,10,6,0.094,NaN,NaN,NaN
2002,10,7,0.092,NaN,NaN,NaN
2002,10,8,0.091,NaN,NaN,NaN
2002,10,9,0.091,NaN,NaN,NaN
2002,10,10,0.091,NaN,NaN,NaN
2002,10,11,0.091,NaN,NaN,NaN
2002,10,12,0.153,NaN,NaN,NaN
2002,10,13,0.162,NaN,NaN,NaN
2002,10,14,0.109,NaN,NaN,NaN
2002,10,15,0.086,NaN,NaN,NaN
2002,10,16,0.41,NaN,NaN,NaN
2002,10,17,0.121,NaN,NaN,NaN
2002,10,18,0.467,NaN,NaN,NaN
2002,10,19,0.461,NaN,NaN,NaN
2002,10,20,0.102,NaN,NaN,NaN
2002,10,21,0.093,NaN,NaN,NaN
2002,10,22,0.097,NaN,NaN,NaN
2002,10,23,0.085,NaN,NaN,NaN
2002,10,24,0.083,NaN,NaN,NaN
2002,10,25,0.506,NaN,NaN,NaN
2002,10,26,0.109,NaN,NaN,NaN
2002,10,27,0.086,NaN,NaN,NaN
2002,10,28,0.293,NaN,NaN,NaN
2002,10,29,0.1,NaN,NaN,NaN
2002,10,30,0.615,NaN,NaN,NaN
2002,10,31,0.136,NaN,NaN,NaN
2002,11,1,0.076,NaN,NaN,NaN
2002,11,2,2.72,NaN,NaN,NaN
2002,11,3,0.094,NaN,NaN,NaN
2002,11,4,0.081,NaN,NaN,NaN
2002,11,5,0.217,NaN,NaN,NaN
2002,11,6,0.222,NaN,NaN,NaN
2002,11,7,0.169,NaN,NaN,NaN
2002,11,8,0.105,NaN,NaN,NaN
2002,11,9,0.074,NaN,NaN,NaN
2002,11,10,0.09,NaN,NaN,NaN
2002,11,11,0.073,NaN,NaN,NaN
2002,11,12,0.094,NaN,NaN,NaN
2002,11,13,0.066,NaN,NaN,NaN
2002,11,14,0.067,NaN,NaN,NaN
2002,11,15,0.067,NaN,NaN,NaN
2002,11,16,0.067,NaN,NaN,NaN
2002,11,17,0.073,NaN,NaN,NaN
2002,11,18,0.153,NaN,NaN,NaN
2002,11,19,0.071,NaN,NaN,NaN
2002,11,20,0.07,NaN,NaN,NaN
2002,11,21,0.065,NaN,NaN,NaN
2002,11,22,0.065,NaN,NaN,NaN
2002,11,23,0.066,NaN,NaN,NaN
2002,11,24,0.066,NaN,NaN,NaN
2002,11,25,0.536,NaN,NaN,NaN
2002,11,26,0.068,NaN,NaN,NaN
2002,11,27,0.065,NaN,NaN,NaN
2002,11,28,0.071,NaN,NaN,NaN
2002,11,29,0.068,NaN,NaN,NaN
2002,11,30,0.069,NaN,NaN,NaN
2002,12,1,0.079,NaN,NaN,NaN
2002,12,2,0.076,NaN,NaN,NaN
2002,12,3,0.068,NaN,NaN,NaN
2002,12,4,0.069,NaN,NaN,NaN
2002,12,5,0.07,NaN,NaN,NaN
2002,12,6,0.068,NaN,NaN,NaN
2002,12,7,0.242,NaN,NaN,NaN
2002,12,8,0.172,NaN,NaN,NaN
2002,12,9,0.07,NaN,NaN,NaN
2002,12,10,0.071,NaN,NaN,NaN
2002,12,11,0.069,NaN,NaN,NaN
2002,12,12,0.068,NaN,NaN,NaN
2002,12,13,0.155,NaN,NaN,NaN
2002,12,14,0.069,NaN,NaN,NaN
2002,12,15,0.066,NaN,NaN,NaN
2002,12,16,0.065,NaN,NaN,NaN
2002,12,17,0.066,NaN,NaN,NaN
2002,12,18,0.44,NaN,NaN,NaN
2002,12,19,0.275,NaN,NaN,NaN
2002,12,20,0.169,NaN,NaN,NaN
2002,12,21,0.146,NaN,NaN,NaN
2002,12,22,0.068,NaN,NaN,NaN
2002,12,23,0.071,NaN,NaN,NaN
2002,12,24,0.305,NaN,NaN,NaN
2002,12,25,1.114,NaN,NaN,NaN
2002,12,26,4.3,NaN,NaN,NaN
2002,12,27,0.062,NaN,NaN,NaN
2002,12,28,0.043,NaN,NaN,NaN
2002,12,29,0.138,NaN,NaN,NaN
2002,12,30,0.045,NaN,NaN,NaN
2002,12,31,0.044,NaN,NaN,NaN
2003,1,1,0.044,NaN,NaN,NaN
2003,1,2,0.042,NaN,NaN,NaN
2003,1,3,0.052,NaN,NaN,NaN
2003,1,4,0.043,NaN,NaN,NaN
2003,1,5,2.563,NaN,NaN,NaN
2003,1,6,1.857,NaN,NaN,NaN
2003,1,7,0.244,NaN,NaN,NaN
2003,1,8,24.4,NaN,NaN,NaN
2003,1,9,7.646,NaN,NaN,NaN
2003,1,10,5.997,NaN,NaN,NaN
2003,1,11,1.544,NaN,NaN,NaN
2003,1,12,1.06,NaN,NaN,NaN
2003,1,13,0.598,NaN,NaN,NaN
2003,1,14,3.899,NaN,NaN,NaN
2003,1,15,1.321,NaN,NaN,NaN
2003,1,16,0.396,NaN,NaN,NaN
2003,1,17,0.25,NaN,NaN,NaN
2003,1,18,0.2,NaN,NaN,NaN
2003,1,19,0.172,NaN,NaN,NaN
2003,1,20,0.15,NaN,NaN,NaN
2003,1,21,0.135,NaN,NaN,NaN
2003,1,22,0.139,NaN,NaN,NaN
2003,1,23,0.165,NaN,NaN,NaN
2003,1,24,0.141,NaN,NaN,NaN
2003,1,25,0.438,NaN,NaN,NaN
2003,1,26,0.123,NaN,NaN,NaN
2003,1,27,0.116,NaN,NaN,NaN
2003,1,28,0.115,NaN,NaN,NaN
2003,1,29,0.111,NaN,NaN,NaN
2003,1,30,0.111,NaN,NaN,NaN
2003,1,31,0.195,NaN,NaN,NaN
2003,2,1,0.112,NaN,NaN,NaN
2003,2,2,0.108,NaN,NaN,NaN
2003,2,3,0.127,NaN,NaN,NaN
2003,2,4,0.103,NaN,NaN,NaN
2003,2,5,0.11,NaN,NaN,NaN
2003,2,6,0.1,NaN,NaN,NaN
2003,2,7,0.098,NaN,NaN,NaN
2003,2,8,0.097,NaN,NaN,NaN
2003,2,9,0.096,NaN,NaN,NaN
2003,2,10,0.104,NaN,NaN,NaN
2003,2,11,0.095,NaN,NaN,NaN
2003,2,12,0.096,NaN,NaN,NaN
2003,2,13,0.093,NaN,NaN,NaN
2003,2,14,0.094,NaN,NaN,NaN
2003,2,15,0.088,NaN,NaN,NaN
2003,2,16,0.085,NaN,NaN,NaN
2003,2,17,0.092,NaN,NaN,NaN
2003,2,18,0.097,NaN,NaN,NaN
2003,2,19,0.121,NaN,NaN,NaN
2003,2,20,0.106,NaN,NaN,NaN
2003,2,21,0.084,NaN,NaN,NaN
2003,2,22,0.084,NaN,NaN,NaN
2003,2,23,0.083,NaN,NaN,NaN
2003,2,24,0.082,NaN,NaN,NaN
2003,2,25,3.914,NaN,NaN,NaN
2003,2,26,4.841,NaN,NaN,NaN
2003,2,27,3.007,NaN,NaN,NaN
2003,2,28,2.722,NaN,NaN,NaN
2003,3,1,0.867,NaN,NaN,NaN
2003,3,2,0.623,NaN,NaN,NaN
2003,3,3,2.603,NaN,NaN,NaN
2003,3,4,0.407,NaN,NaN,NaN
2003,3,5,0.203,NaN,NaN,NaN
2003,3,6,0.155,NaN,NaN,NaN
2003,3,7,0.153,NaN,NaN,NaN
2003,3,8,0.21,NaN,NaN,NaN
2003,3,9,0.29,NaN,NaN,NaN
2003,3,10,7.559,NaN,NaN,NaN
2003,3,11,6.486,NaN,NaN,NaN
2003,3,12,2.411,NaN,NaN,NaN
2003,3,13,0.94,NaN,NaN,NaN
2003,3,14,0.583,NaN,NaN,NaN
2003,3,15,0.405,NaN,NaN,NaN
2003,3,16,0.716,NaN,NaN,NaN
2003,3,17,0.269,NaN,NaN,NaN
2003,3,18,0.174,NaN,NaN,NaN
2003,3,19,0.146,NaN,NaN,NaN
2003,3,20,0.138,NaN,NaN,NaN
2003,3,21,0.162,NaN,NaN,NaN
2003,3,22,0.167,NaN,NaN,NaN
2003,3,23,0.186,NaN,NaN,NaN
2003,3,24,0.146,NaN,NaN,NaN
2003,3,25,0.178,NaN,NaN,NaN
2003,3,26,0.349,NaN,NaN,NaN
2003,3,27,8.578,NaN,NaN,NaN
2003,3,28,29.104,NaN,NaN,NaN
2003,3,29,4.204,NaN,NaN,NaN
2003,3,30,1.144,NaN,NaN,NaN
2003,3,31,0.722,NaN,NaN,NaN
2003,4,1,0.456,NaN,NaN,NaN
2003,4,2,0.368,NaN,NaN,NaN
2003,4,3,0.292,NaN,NaN,NaN
2003,4,4,0.254,NaN,NaN,NaN
2003,4,5,0.755,NaN,NaN,NaN
2003,4,6,3.459,NaN,NaN,NaN
2003,4,7,1.123,NaN,NaN,NaN
2003,4,8,0.34,NaN,NaN,NaN
2003,4,9,0.248,NaN,NaN,NaN
2003,4,10,0.214,NaN,NaN,NaN
2003,4,11,0.184,NaN,NaN,NaN
2003,4,12,0.23,NaN,NaN,NaN
2003,4,13,0.317,NaN,NaN,NaN
2003,4,14,0.396,NaN,NaN,NaN
2003,4,15,0.333,NaN,NaN,NaN
2003,4,16,0.294,NaN,NaN,NaN
2003,4,17,0.191,NaN,NaN,NaN
2003,4,18,0.27,NaN,NaN,NaN
2003,4,19,0.21,NaN,NaN,NaN
2003,4,20,1.38,NaN,NaN,NaN
2003,4,21,0.781,NaN,NaN,NaN
2003,4,22,0.243,NaN,NaN,NaN
2003,4,23,0.167,NaN,NaN,NaN
2003,4,24,0.145,NaN,NaN,NaN
2003,4,25,0.133,NaN,NaN,NaN
2003,4,26,0.12,NaN,NaN,NaN
2003,4,27,0.116,NaN,NaN,NaN
2003,4,28,0.12,NaN,NaN,NaN
2003,4,29,0.163,NaN,NaN,NaN
2003,4,30,0.11,NaN,NaN,NaN
2003,5,1,0.107,NaN,NaN,NaN
2003,5,2,9.464,NaN,NaN,NaN
2003,5,3,2.437,NaN,NaN,NaN
2003,5,4,0.3,NaN,NaN,NaN
2003,5,5,0.19,NaN,NaN,NaN
2003,5,6,0.63,NaN,NaN,NaN
2003,5,7,1.073,NaN,NaN,NaN
2003,5,8,0.221,NaN,NaN,NaN
2003,5,9,0.161,NaN,NaN,NaN
2003,5,10,0.139,NaN,NaN,NaN
2003,5,11,0.129,NaN,NaN,NaN
2003,5,12,0.592,NaN,NaN,NaN
2003,5,13,0.177,NaN,NaN,NaN
2003,5,14,0.128,NaN,NaN,NaN
2003,5,15,0.116,NaN,NaN,NaN
2003,5,16,0.127,NaN,NaN,NaN
2003,5,17,0.108,NaN,NaN,NaN
2003,5,18,0.109,NaN,NaN,NaN
2003,5,19,0.112,NaN,NaN,NaN
2003,5,20,0.391,NaN,NaN,NaN
2003,5,21,4.417,NaN,NaN,NaN
2003,5,22,5.74,NaN,NaN,NaN
2003,5,23,0.878,NaN,NaN,NaN
2003,5,24,0.326,NaN,NaN,NaN
2003,5,25,0.228,NaN,NaN,NaN
2003,5,26,0.185,NaN,NaN,NaN
2003,5,27,0.169,NaN,NaN,NaN
2003,5,28,0.149,NaN,NaN,NaN
2003,5,29,0.135,NaN,NaN,NaN
2003,5,30,0.35,NaN,NaN,NaN
2003,5,31,0.163,NaN,NaN,NaN
2003,6,1,0.14,NaN,NaN,NaN
2003,6,2,0.135,NaN,NaN,NaN
2003,6,3,0.122,NaN,NaN,NaN
2003,6,4,0.12,NaN,NaN,NaN
2003,6,5,0.166,NaN,NaN,NaN
2003,6,6,0.62,NaN,NaN,NaN
2003,6,7,0.15,NaN,NaN,NaN
2003,6,8,0.918,NaN,NaN,NaN
2003,6,9,5.106,NaN,NaN,NaN
2003,6,10,0.399,NaN,NaN,NaN
2003,6,11,0.22,NaN,NaN,NaN
2003,6,12,0.161,NaN,NaN,NaN
2003,6,13,0.132,NaN,NaN,NaN
2003,6,14,0.12,NaN,NaN,NaN
2003,6,15,3.228,NaN,NaN,NaN
2003,6,16,0.754,NaN,NaN,NaN
2003,6,17,0.377,NaN,NaN,NaN
2003,6,18,0.198,NaN,NaN,NaN
2003,6,19,0.18,NaN,NaN,NaN
2003,6,20,0.15,NaN,NaN,NaN
2003,6,21,0.139,NaN,NaN,NaN
2003,6,22,0.13,NaN,NaN,NaN
2003,6,23,0.26,NaN,NaN,NaN
2003,6,24,0.139,NaN,NaN,NaN
2003,6,25,0.128,NaN,NaN,NaN
2003,6,26,0.116,NaN,NaN,NaN
2003,6,27,0.128,NaN,NaN,NaN
2003,6,28,0.116,NaN,NaN,NaN
2003,6,29,2.697,NaN,NaN,NaN
2003,6,30,1.132,NaN,NaN,NaN
2003,7,1,0.824,NaN,NaN,NaN
2003,7,2,0.323,NaN,NaN,NaN
2003,7,3,0.542,NaN,NaN,NaN
2003,7,4,5.484,NaN,NaN,NaN
2003,7,5,0.916,NaN,NaN,NaN
2003,7,6,0.492,NaN,NaN,NaN
2003,7,7,0.672,NaN,NaN,NaN
2003,7,8,0.452,NaN,NaN,NaN
2003,7,9,0.239,NaN,NaN,NaN
2003,7,10,0.42,NaN,NaN,NaN
2003,7,11,0.315,NaN,NaN,NaN
2003,7,12,0.207,NaN,NaN,NaN
2003,7,13,0.181,NaN,NaN,NaN
2003,7,14,0.156,NaN,NaN,NaN
2003,7,15,0.146,NaN,NaN,NaN
2003,7,16,0.136,NaN,NaN,NaN
2003,7,17,0.253,NaN,NaN,NaN
2003,7,18,0.202,NaN,NaN,NaN
2003,7,19,0.191,NaN,NaN,NaN
2003,7,20,0.142,NaN,NaN,NaN
2003,7,21,0.124,NaN,NaN,NaN
2003,7,22,0.126,NaN,NaN,NaN
2003,7,23,0.12,NaN,NaN,NaN
2003,7,24,0.127,NaN,NaN,NaN
2003,7,25,0.146,NaN,NaN,NaN
2003,7,26,0.158,NaN,NaN,NaN
2003,7,27,0.113,NaN,NaN,NaN
2003,7,28,0.494,NaN,NaN,NaN
2003,7,29,0.401,NaN,NaN,NaN
2003,7,30,2.9,NaN,NaN,NaN
2003,7,31,6.74,NaN,NaN,NaN
2003,8,1,9.727,NaN,NaN,NaN
2003,8,2,8.267,NaN,NaN,NaN
2003,8,3,2.985,NaN,NaN,NaN
2003,8,4,0.805,NaN,NaN,NaN
2003,8,5,0.467,NaN,NaN,NaN
2003,8,6,0.778,NaN,NaN,NaN
2003,8,7,0.644,NaN,NaN,NaN
2003,8,8,0.256,NaN,NaN,NaN
2003,8,9,0.317,NaN,NaN,NaN
2003,8,10,3.471,NaN,NaN,NaN
2003,8,11,23.306,NaN,NaN,NaN
2003,8,12,12.543,NaN,NaN,NaN
2003,8,13,9.428,NaN,NaN,NaN
2003,8,14,1.346,NaN,NaN,NaN
2003,8,15,1.075,NaN,NaN,NaN
2003,8,16,0.799,NaN,NaN,NaN
2003,8,17,0.654,NaN,NaN,NaN
2003,8,18,0.439,NaN,NaN,NaN
2003,8,19,0.378,NaN,NaN,NaN
2003,8,20,8.355,NaN,NaN,NaN
2003,8,21,3.062,NaN,NaN,NaN
2003,8,22,11.717,NaN,NaN,NaN
2003,8,23,10.71,NaN,NaN,NaN
2003,8,24,4.684,NaN,NaN,NaN
2003,8,25,1.806,NaN,NaN,NaN
2003,8,26,1.25,NaN,NaN,NaN
2003,8,27,2.442,NaN,NaN,NaN
2003,8,28,0.947,NaN,NaN,NaN
2003,8,29,0.835,NaN,NaN,NaN
2003,8,30,0.618,NaN,NaN,NaN
2003,8,31,0.454,NaN,NaN,NaN
2003,9,1,0.389,NaN,NaN,NaN
2003,9,2,1.08,NaN,NaN,NaN
2003,9,3,0.484,NaN,NaN,NaN
2003,9,4,1.584,NaN,NaN,NaN
2003,9,5,1.125,NaN,NaN,NaN
2003,9,6,1.063,NaN,NaN,NaN
2003,9,7,0.404,NaN,NaN,NaN
2003,9,8,0.735,NaN,NaN,NaN
2003,9,9,2.232,NaN,NaN,NaN
2003,9,10,0.369,NaN,NaN,NaN
2003,9,11,0.715,NaN,NaN,NaN
2003,9,12,6.265,NaN,NaN,NaN
2003,9,13,0.731,NaN,NaN,NaN
2003,9,14,5.283,NaN,NaN,NaN
2003,9,15,2.547,NaN,NaN,NaN
2003,9,16,0.529,NaN,NaN,NaN
2003,9,17,0.531,NaN,NaN,NaN
2003,9,18,0.33,NaN,NaN,NaN
2003,9,19,0.292,NaN,NaN,NaN
2003,9,20,0.526,NaN,NaN,NaN
2003,9,21,5.88,NaN,NaN,NaN
2003,9,22,6.018,NaN,NaN,NaN
2003,9,23,0.701,NaN,NaN,NaN
2003,9,24,0.423,NaN,NaN,NaN
2003,9,25,0.36,NaN,NaN,NaN
2003,9,26,0.292,NaN,NaN,NaN
2003,9,27,0.278,NaN,NaN,NaN
2003,9,28,1.721,NaN,NaN,NaN
2003,9,29,0.536,NaN,NaN,NaN
2003,9,30,0.607,NaN,NaN,NaN
2003,10,1,0.384,NaN,NaN,NaN
2003,10,2,0.241,NaN,NaN,NaN
2003,10,3,0.77,NaN,NaN,NaN
2003,10,4,1.809,NaN,NaN,NaN
2003,10,5,0.378,NaN,NaN,NaN
2003,10,6,0.231,NaN,NaN,NaN
2003,10,7,0.19,NaN,NaN,NaN
2003,10,8,0.185,NaN,NaN,NaN
2003,10,9,1.535,NaN,NaN,NaN
2003,10,10,0.374,NaN,NaN,NaN
2003,10,11,3.024,NaN,NaN,NaN
2003,10,12,32.962,NaN,NaN,NaN
2003,10,13,4.826,NaN,NaN,NaN
2003,10,14,0.952,NaN,NaN,NaN
2003,10,15,0.524,NaN,NaN,NaN
2003,10,16,0.399,NaN,NaN,NaN
2003,10,17,0.333,NaN,NaN,NaN
2003,10,18,0.305,NaN,NaN,NaN
2003,10,19,0.271,NaN,NaN,NaN
2003,10,20,0.667,NaN,NaN,NaN
2003,10,21,0.233,NaN,NaN,NaN
2003,10,22,0.219,NaN,NaN,NaN
2003,10,23,0.233,NaN,NaN,NaN
2003,10,24,0.207,NaN,NaN,NaN
2003,10,25,0.187,NaN,NaN,NaN
2003,10,26,0.185,NaN,NaN,NaN
2003,10,27,0.173,NaN,NaN,NaN
2003,10,28,0.954,NaN,NaN,NaN
2003,10,29,0.41,NaN,NaN,NaN
2003,10,30,0.162,NaN,NaN,NaN
2003,10,31,0.141,NaN,NaN,NaN
2003,11,1,0.136,NaN,NaN,NaN
2003,11,2,0.209,NaN,NaN,NaN
2003,11,3,0.188,NaN,NaN,NaN
2003,11,4,0.267,NaN,NaN,NaN
2003,11,5,0.14,NaN,NaN,NaN
2003,11,6,0.139,NaN,NaN,NaN
2003,11,7,0.124,NaN,NaN,NaN
2003,11,8,0.124,NaN,NaN,NaN
2003,11,9,0.12,NaN,NaN,NaN
2003,11,10,0.122,NaN,NaN,NaN
2003,11,11,0.118,NaN,NaN,NaN
2003,11,12,0.123,NaN,NaN,NaN
2003,11,13,0.671,NaN,NaN,NaN
2003,11,14,0.137,NaN,NaN,NaN
2003,11,15,0.111,NaN,NaN,NaN
2003,11,16,0.115,NaN,NaN,NaN
2003,11,17,0.115,NaN,NaN,NaN
2003,11,18,0.106,NaN,NaN,NaN
2003,11,19,0.105,NaN,NaN,NaN
2003,11,20,0.102,NaN,NaN,NaN
2003,11,21,0.1,NaN,NaN,NaN
2003,11,22,0.102,NaN,NaN,NaN
2003,11,23,0.098,NaN,NaN,NaN
2003,11,24,0.112,NaN,NaN,NaN
2003,11,25,0.106,NaN,NaN,NaN
2003,11,26,0.644,NaN,NaN,NaN
2003,11,27,0.108,NaN,NaN,NaN
2003,11,28,0.46,NaN,NaN,NaN
2003,11,29,0.147,NaN,NaN,NaN
2003,11,30,0.09,NaN,NaN,NaN
2003,12,1,0.089,NaN,NaN,NaN
2003,12,2,0.086,NaN,NaN,NaN
2003,12,3,0.085,NaN,NaN,NaN
2003,12,4,0.086,NaN,NaN,NaN
2003,12,5,0.1,NaN,NaN,NaN
2003,12,6,0.092,NaN,NaN,NaN
2003,12,7,0.103,NaN,NaN,NaN
2003,12,8,0.088,NaN,NaN,NaN
2003,12,9,0.152,NaN,NaN,NaN
2003,12,10,0.12,NaN,NaN,NaN
2003,12,11,0.105,NaN,NaN,NaN
2003,12,12,0.093,NaN,NaN,NaN
2003,12,13,0.093,NaN,NaN,NaN
2003,12,14,0.11,NaN,NaN,NaN
2003,12,15,0.096,NaN,NaN,NaN
2003,12,16,0.086,NaN,NaN,NaN
2003,12,17,0.089,NaN,NaN,NaN
2003,12,18,0.087,NaN,NaN,NaN
2003,12,19,0.087,NaN,NaN,NaN
2003,12,20,0.088,NaN,NaN,NaN
2003,12,21,0.086,NaN,NaN,NaN
2003,12,22,0.104,NaN,NaN,NaN
2003,12,23,0.09,NaN,NaN,NaN
2003,12,24,0.282,NaN,NaN,NaN
2003,12,25,0.094,NaN,NaN,NaN
2003,12,26,0.087,NaN,NaN,NaN
2003,12,27,0.086,NaN,NaN,NaN
2003,12,28,0.082,NaN,NaN,NaN
2003,12,29,0.424,NaN,NaN,NaN
2003,12,30,0.166,NaN,NaN,NaN
2003,12,31,0.084,NaN,NaN,NaN
2004,1,1,0.084,NaN,NaN,NaN
2004,1,2,0.084,NaN,NaN,NaN
2004,1,3,0.083,NaN,NaN,NaN
2004,1,4,0.082,NaN,NaN,NaN
2004,1,5,0.103,NaN,NaN,NaN
2004,1,6,0.087,NaN,NaN,NaN
2004,1,7,0.086,NaN,NaN,NaN
2004,1,8,0.089,NaN,NaN,NaN
2004,1,9,0.088,NaN,NaN,NaN
2004,1,10,0.086,NaN,NaN,NaN
2004,1,11,0.086,NaN,NaN,NaN
2004,1,12,0.086,NaN,NaN,NaN
2004,1,13,0.086,NaN,NaN,NaN
2004,1,14,0.086,NaN,NaN,NaN
2004,1,15,0.085,NaN,NaN,NaN
2004,1,16,0.088,NaN,NaN,NaN
2004,1,17,0.083,NaN,NaN,NaN
2004,1,18,0.081,NaN,NaN,NaN
2004,1,19,0.316,NaN,NaN,NaN
2004,1,20,0.378,NaN,NaN,NaN
2004,1,21,0.185,NaN,NaN,NaN
2004,1,22,0.094,NaN,NaN,NaN
2004,1,23,0.077,NaN,NaN,NaN
2004,1,24,0.08,NaN,NaN,NaN
2004,1,25,0.079,NaN,NaN,NaN
2004,1,26,0.313,NaN,NaN,NaN
2004,1,27,0.124,NaN,NaN,NaN
2004,1,28,0.106,NaN,NaN,NaN
2004,1,29,0.087,NaN,NaN,NaN
2004,1,30,6.398,NaN,NaN,NaN
2004,1,31,0.548,NaN,NaN,NaN
2004,2,1,0.309,NaN,NaN,NaN
2004,2,2,3.449,NaN,NaN,NaN
2004,2,3,1.03,NaN,NaN,NaN
2004,2,4,11.166,NaN,NaN,NaN
2004,2,5,0.777,NaN,NaN,NaN
2004,2,6,0.235,NaN,NaN,NaN
2004,2,7,0.17,NaN,NaN,NaN
2004,2,8,0.14,NaN,NaN,NaN
2004,2,9,0.172,NaN,NaN,NaN
2004,2,10,0.251,NaN,NaN,NaN
2004,2,11,0.256,NaN,NaN,NaN
2004,2,12,0.105,NaN,NaN,NaN
2004,2,13,0.109,NaN,NaN,NaN
2004,2,14,0.458,NaN,NaN,NaN
2004,2,15,0.142,NaN,NaN,NaN
2004,2,16,0.154,NaN,NaN,NaN
2004,2,17,0.103,NaN,NaN,NaN
2004,2,18,0.082,NaN,NaN,NaN
2004,2,19,0.082,NaN,NaN,NaN
2004,2,20,0.447,NaN,NaN,NaN
2004,2,21,0.082,NaN,NaN,NaN
2004,2,22,0.086,NaN,NaN,NaN
2004,2,23,0.079,NaN,NaN,NaN
2004,2,24,0.083,NaN,NaN,NaN
2004,2,25,0.073,NaN,NaN,NaN
2004,2,26,0.073,NaN,NaN,NaN
2004,2,27,0.149,NaN,NaN,NaN
2004,2,28,7.668,NaN,NaN,NaN
2004,2,29,6.186,NaN,NaN,NaN
2004,3,1,0.428,NaN,NaN,NaN
2004,3,2,0.202,NaN,NaN,NaN
2004,3,3,0.159,NaN,NaN,NaN
2004,3,4,0.133,NaN,NaN,NaN
2004,3,5,0.118,NaN,NaN,NaN
2004,3,6,0.111,NaN,NaN,NaN
2004,3,7,0.103,NaN,NaN,NaN
2004,3,8,0.422,NaN,NaN,NaN
2004,3,9,0.093,NaN,NaN,NaN
2004,3,10,0.091,NaN,NaN,NaN
2004,3,11,0.089,NaN,NaN,NaN
2004,3,12,0.083,NaN,NaN,NaN
2004,3,13,0.08,NaN,NaN,NaN
2004,3,14,0.083,NaN,NaN,NaN
2004,3,15,0.074,NaN,NaN,NaN
2004,3,16,0.08,NaN,NaN,NaN
2004,3,17,0.552,NaN,NaN,NaN
2004,3,18,0.333,NaN,NaN,NaN
2004,3,19,0.08,NaN,NaN,NaN
2004,3,20,0.069,NaN,NaN,NaN
2004,3,21,0.069,NaN,NaN,NaN
2004,3,22,0.066,NaN,NaN,NaN
2004,3,23,0.065,NaN,NaN,NaN
2004,3,24,0.073,NaN,NaN,NaN
2004,3,25,0.067,NaN,NaN,NaN
2004,3,26,0.069,NaN,NaN,NaN
2004,3,27,0.068,NaN,NaN,NaN
2004,3,28,0.065,NaN,NaN,NaN
2004,3,29,0.061,NaN,NaN,NaN
2004,3,30,0.06,NaN,NaN,NaN
2004,3,31,0.061,NaN,NaN,NaN
2004,4,1,0.062,NaN,NaN,NaN
2004,4,2,0.062,NaN,NaN,NaN
2004,4,3,0.061,NaN,NaN,NaN
2004,4,4,0.058,NaN,NaN,NaN
2004,4,5,0.061,NaN,NaN,NaN
2004,4,6,0.101,NaN,NaN,NaN
2004,4,7,0.114,NaN,NaN,NaN
2004,4,8,0.055,NaN,NaN,NaN
2004,4,9,0.059,NaN,NaN,NaN
2004,4,10,0.056,NaN,NaN,NaN
2004,4,11,0.114,NaN,NaN,NaN
2004,4,12,0.056,NaN,NaN,NaN
2004,4,13,0.054,NaN,NaN,NaN
2004,4,14,0.095,NaN,NaN,NaN
2004,4,15,0.255,NaN,NaN,NaN
2004,4,16,0.081,NaN,NaN,NaN
2004,4,17,0.061,NaN,NaN,NaN
2004,4,18,0.056,NaN,NaN,NaN
2004,4,19,0.057,NaN,NaN,NaN
2004,4,20,0.053,NaN,NaN,NaN
2004,4,21,0.198,NaN,NaN,NaN
2004,4,22,0.057,NaN,NaN,NaN
2004,4,23,0.053,NaN,NaN,NaN
2004,4,24,0.06,NaN,NaN,NaN
2004,4,25,0.052,NaN,NaN,NaN
2004,4,26,0.092,NaN,NaN,NaN
2004,4,27,0.455,NaN,NaN,NaN
2004,4,28,0.111,NaN,NaN,NaN
2004,4,29,0.079,NaN,NaN,NaN
2004,4,30,0.054,NaN,NaN,NaN
2004,5,1,4.174,NaN,NaN,NaN
2004,5,2,0.425,NaN,NaN,NaN
2004,5,3,0.351,NaN,NaN,NaN
2004,5,4,0.177,NaN,NaN,NaN
2004,5,5,0.078,NaN,NaN,NaN
2004,5,6,0.068,NaN,NaN,NaN
2004,5,7,0.065,NaN,NaN,NaN
2004,5,8,0.059,NaN,NaN,NaN
2004,5,9,0.057,NaN,NaN,NaN
2004,5,10,0.057,NaN,NaN,NaN
2004,5,11,0.104,NaN,NaN,NaN
2004,5,12,1.252,NaN,NaN,NaN
2004,5,13,1.104,NaN,NaN,NaN
2004,5,14,1.529,NaN,NaN,NaN
2004,5,15,0.321,NaN,NaN,NaN
2004,5,16,0.115,NaN,NaN,NaN
2004,5,17,0.087,NaN,NaN,NaN
2004,5,18,0.138,NaN,NaN,NaN
2004,5,19,0.123,NaN,NaN,NaN
2004,5,20,0.602,NaN,NaN,NaN
2004,5,21,0.126,NaN,NaN,NaN
2004,5,22,0.174,NaN,NaN,NaN
2004,5,23,0.101,NaN,NaN,NaN
2004,5,24,0.076,NaN,NaN,NaN
2004,5,25,0.224,NaN,NaN,NaN
2004,5,26,0.114,NaN,NaN,NaN
2004,5,27,0.09,NaN,NaN,NaN
2004,5,28,2.866,NaN,NaN,NaN
2004,5,29,0.629,NaN,NaN,NaN
2004,5,30,0.299,NaN,NaN,NaN
2004,5,31,0.145,NaN,NaN,NaN
2004,6,1,0.102,NaN,NaN,NaN
2004,6,2,0.089,NaN,NaN,NaN
2004,6,3,0.084,NaN,NaN,NaN
2004,6,4,0.079,NaN,NaN,NaN
2004,6,5,1.15,NaN,NaN,NaN
2004,6,6,0.413,NaN,NaN,NaN
2004,6,7,0.112,NaN,NaN,NaN
2004,6,8,0.102,NaN,NaN,NaN
2004,6,9,0.084,NaN,NaN,NaN
2004,6,10,0.078,NaN,NaN,NaN
2004,6,11,0.075,NaN,NaN,NaN
2004,6,12,0.069,NaN,NaN,NaN
2004,6,13,0.068,NaN,NaN,NaN
2004,6,14,0.072,NaN,NaN,NaN
2004,6,15,0.065,NaN,NaN,NaN
2004,6,16,0.074,NaN,NaN,NaN
2004,6,17,1.337,NaN,NaN,NaN
2004,6,18,0.69,NaN,NaN,NaN
2004,6,19,0.953,NaN,NaN,NaN
2004,6,20,0.292,NaN,NaN,NaN
2004,6,21,0.194,NaN,NaN,NaN
2004,6,22,0.216,NaN,NaN,NaN
2004,6,23,0.116,NaN,NaN,NaN
2004,6,24,0.098,NaN,NaN,NaN
2004,6,25,0.088,NaN,NaN,NaN
2004,6,26,0.079,NaN,NaN,0
2004,6,27,0.879,NaN,NaN,13
2004,6,28,0.244,NaN,NaN,1.5
2004,6,29,2.071,NaN,NaN,23
2004,6,30,1.051,NaN,NaN,6.5
2004,7,1,0.356,NaN,NaN,1.5
2004,7,2,0.416,NaN,NaN,5.5
2004,7,3,0.154,NaN,NaN,0.5
2004,7,4,0.126,NaN,NaN,0
2004,7,5,0.111,NaN,NaN,0
2004,7,6,0.536,NaN,NaN,7.5
2004,7,7,0.152,NaN,NaN,3
2004,7,8,0.113,NaN,NaN,0
2004,7,9,0.105,NaN,NaN,0
2004,7,10,0.095,NaN,NaN,0.5
2004,7,11,0.088,NaN,NaN,0
2004,7,12,0.084,NaN,NaN,0
2004,7,13,0.081,NaN,NaN,0
2004,7,14,0.103,NaN,NaN,1
2004,7,15,0.597,NaN,NaN,16
2004,7,16,0.531,NaN,NaN,8.5
2004,7,17,0.149,NaN,NaN,0
2004,7,18,0.115,NaN,NaN,0
2004,7,19,0.101,NaN,NaN,0
2004,7,20,12.926,NaN,NaN,41
2004,7,21,4.533,NaN,NaN,0
2004,7,22,0.398,NaN,NaN,5
2004,7,23,0.355,NaN,NaN,0.5
2004,7,24,0.249,NaN,NaN,0
2004,7,25,0.281,NaN,NaN,2
2004,7,26,0.254,NaN,NaN,0
2004,7,27,0.228,NaN,NaN,2
2004,7,28,0.35,NaN,NaN,5.5
2004,7,29,0.337,NaN,NaN,0.5
2004,7,30,0.197,NaN,NaN,0
2004,7,31,0.217,NaN,NaN,0
2004,8,1,0.181,NaN,NaN,0
2004,8,2,0.845,NaN,NaN,12.5
2004,8,3,0.486,NaN,NaN,2
2004,8,4,0.405,NaN,NaN,7
2004,8,5,2.007,NaN,NaN,16
2004,8,6,0.469,NaN,NaN,0
2004,8,7,0.391,NaN,NaN,2.5
2004,8,8,0.374,NaN,NaN,4
2004,8,9,0.343,NaN,NaN,1
2004,8,10,0.324,NaN,NaN,1
2004,8,11,0.36,NaN,NaN,2.5
2004,8,12,0.225,NaN,NaN,0
2004,8,13,0.208,NaN,NaN,0
2004,8,14,0.21,NaN,NaN,0
2004,8,15,1.07,NaN,NaN,6
2004,8,16,0.382,NaN,NaN,6.5
2004,8,17,0.251,NaN,NaN,0.5
2004,8,18,0.244,NaN,NaN,1.5
2004,8,19,0.198,NaN,NaN,0
2004,8,20,0.182,NaN,NaN,0
2004,8,21,0.556,NaN,NaN,6
2004,8,22,0.199,NaN,NaN,1
2004,8,23,0.196,NaN,NaN,1
2004,8,24,0.157,NaN,NaN,0.5
2004,8,25,0.135,NaN,NaN,0
2004,8,26,0.129,NaN,NaN,0
2004,8,27,0.337,NaN,NaN,3
2004,8,28,0.251,NaN,NaN,2.5
2004,8,29,0.139,NaN,NaN,0
2004,8,30,0.133,NaN,NaN,0
2004,8,31,0.133,NaN,NaN,0
2004,9,1,0.295,NaN,NaN,4
2004,9,2,0.391,NaN,NaN,1.5
2004,9,3,0.197,NaN,NaN,0.5
2004,9,4,0.129,NaN,NaN,0
2004,9,5,0.122,NaN,NaN,0
2004,9,6,0.118,NaN,NaN,0
2004,9,7,0.151,NaN,NaN,2
2004,9,8,0.118,NaN,NaN,0
2004,9,9,0.117,NaN,NaN,0
2004,9,10,0.116,NaN,NaN,0
2004,9,11,0.131,NaN,NaN,1
2004,9,12,0.111,NaN,NaN,0
2004,9,13,0.252,NaN,NaN,3.5
2004,9,14,0.12,NaN,NaN,0
2004,9,15,0.116,NaN,NaN,0
2004,9,16,0.202,NaN,NaN,4.5
2004,9,17,0.187,NaN,NaN,0.5
2004,9,18,0.098,NaN,NaN,0
2004,9,19,0.14,NaN,NaN,1
2004,9,20,0.096,NaN,NaN,0
2004,9,21,0.097,NaN,NaN,0.5
2004,9,22,0.11,NaN,NaN,0.5
2004,9,23,0.094,NaN,NaN,0
2004,9,24,0.09,NaN,NaN,0
2004,9,25,0.68,NaN,NaN,13.5
2004,9,26,0.103,NaN,NaN,0
2004,9,27,0.094,NaN,NaN,0
2004,9,28,0.184,NaN,NaN,2.5
2004,9,29,0.107,NaN,NaN,0
2004,9,30,0.084,NaN,NaN,0
2004,10,1,0.202,NaN,NaN,3
2004,10,2,0.091,NaN,NaN,0
2004,10,3,0.08,NaN,NaN,0
2004,10,4,0.389,NaN,NaN,9
2004,10,5,0.175,NaN,NaN,2
2004,10,6,0.089,NaN,NaN,0
2004,10,7,1.145,NaN,NaN,18.5
2004,10,8,0.559,NaN,NaN,3.5
2004,10,9,0.189,NaN,NaN,1.5
2004,10,10,0.426,NaN,NaN,8
2004,10,11,0.187,NaN,NaN,0
2004,10,12,0.131,NaN,NaN,0
2004,10,13,0.116,NaN,NaN,0
2004,10,14,0.113,NaN,NaN,0
2004,10,15,0.107,NaN,NaN,0
2004,10,16,0.655,NaN,NaN,4
2004,10,17,0.512,NaN,NaN,2.5
2004,10,18,0.106,NaN,NaN,0
2004,10,19,0.09,NaN,NaN,0
2004,10,20,0.091,NaN,NaN,1
2004,10,21,0.09,NaN,NaN,0
2004,10,22,0.089,NaN,NaN,0
2004,10,23,0.091,NaN,NaN,0.5
2004,10,24,0.11,NaN,NaN,0
2004,10,25,0.459,NaN,NaN,8
2004,10,26,0.323,NaN,NaN,7.5
2004,10,27,0.096,NaN,NaN,0
2004,10,28,0.081,NaN,NaN,0
2004,10,29,0.273,NaN,NaN,2
2004,10,30,0.104,NaN,NaN,0
2004,10,31,0.074,NaN,NaN,0
2004,11,1,0.076,NaN,NaN,0
2004,11,2,0.131,NaN,NaN,0.5
2004,11,3,0.086,NaN,NaN,0
2004,11,4,0.076,NaN,NaN,0
2004,11,5,0.073,NaN,NaN,0
2004,11,6,0.072,NaN,NaN,0
2004,11,7,0.069,NaN,NaN,0
2004,11,8,0.072,NaN,NaN,0
2004,11,9,0.068,NaN,NaN,0
2004,11,10,0.238,NaN,NaN,0
2004,11,11,1.569,NaN,NaN,15.5
2004,11,12,0.182,NaN,NaN,0
2004,11,13,0.267,NaN,NaN,7.5
2004,11,14,0.814,NaN,NaN,16.5
2004,11,15,0.352,NaN,NaN,0.5
2004,11,16,0.215,NaN,NaN,0
2004,11,17,0.11,NaN,NaN,0
2004,11,18,0.07,NaN,NaN,0
2004,11,19,0.068,NaN,NaN,0
2004,11,20,0.067,NaN,NaN,0
2004,11,21,0.064,NaN,NaN,0
2004,11,22,0.064,NaN,NaN,0
2004,11,23,0.064,NaN,NaN,1
2004,11,24,0.101,NaN,NaN,2
2004,11,25,0.104,NaN,NaN,0.5
2004,11,26,0.107,NaN,NaN,4
2004,11,27,0.095,NaN,NaN,2
2004,11,28,0.075,NaN,NaN,0.5
2004,11,29,0.06,NaN,NaN,0
2004,11,30,0.06,NaN,NaN,0
2004,12,1,0.065,NaN,NaN,1
2004,12,2,0.07,NaN,NaN,0
2004,12,3,0.055,NaN,NaN,0
2004,12,4,2.276,NaN,NaN,38.5
2004,12,5,2.071,NaN,NaN,9
2004,12,6,0.109,NaN,NaN,1
2004,12,7,0.072,NaN,NaN,0
2004,12,8,0.069,NaN,NaN,0
2004,12,9,0.062,NaN,NaN,0
2004,12,10,0.06,NaN,NaN,0
2004,12,11,0.057,NaN,NaN,0
2004,12,12,0.056,NaN,NaN,0
2004,12,13,0.363,NaN,NaN,10
2004,12,14,0.069,NaN,NaN,0
2004,12,15,0.131,NaN,NaN,5.5
2004,12,16,0.147,NaN,NaN,3
2004,12,17,0.071,NaN,NaN,0
2004,12,18,0.194,NaN,NaN,11
2004,12,19,0.296,NaN,NaN,4.5
2004,12,20,0.066,NaN,NaN,0
2004,12,21,0.803,NaN,NaN,11
2004,12,22,0.184,NaN,NaN,3
2004,12,23,0.275,NaN,NaN,2
2004,12,24,0.084,NaN,NaN,0.5
2004,12,25,0.076,NaN,NaN,0.5
2004,12,26,0.065,NaN,NaN,0
2004,12,27,0.07,NaN,NaN,0
2004,12,28,0.064,NaN,NaN,0
2004,12,29,0.159,NaN,NaN,4.5
2004,12,30,1.441,NaN,NaN,25
2004,12,31,0.303,NaN,NaN,0.5
2005,1,1,0.096,NaN,NaN,0
2005,1,2,0.08,NaN,NaN,0
2005,1,3,0.069,NaN,NaN,0
2005,1,4,0.069,NaN,NaN,0
2005,1,5,0.065,NaN,NaN,0
2005,1,6,0.072,NaN,NaN,0
2005,1,7,1.613,NaN,NaN,25.5
2005,1,8,0.671,NaN,NaN,6.5
2005,1,9,0.119,NaN,NaN,0
2005,1,10,0.086,NaN,NaN,0
2005,1,11,0.079,NaN,NaN,0
2005,1,12,0.075,NaN,NaN,0
2005,1,13,0.073,NaN,NaN,0
2005,1,14,0.069,NaN,NaN,0
2005,1,15,0.069,NaN,NaN,0
2005,1,16,0.067,NaN,NaN,0
2005,1,17,0.064,NaN,NaN,0
2005,1,18,0.056,NaN,NaN,0
2005,1,19,0.055,NaN,NaN,0
2005,1,20,0.055,NaN,NaN,0
2005,1,21,0.055,NaN,NaN,0
2005,1,22,0.053,NaN,NaN,0
2005,1,23,0.054,NaN,NaN,0
2005,1,24,0.053,NaN,NaN,0
2005,1,25,0.056,NaN,NaN,0
2005,1,26,0.054,NaN,NaN,0
2005,1,27,0.055,NaN,NaN,0
2005,1,28,0.054,NaN,NaN,0
2005,1,29,0.051,NaN,NaN,0
2005,1,30,0.066,NaN,NaN,1.5
2005,1,31,0.236,NaN,NaN,7
2005,2,1,0.122,NaN,NaN,3.5
2005,2,2,0.177,NaN,NaN,7
2005,2,3,0.139,NaN,NaN,1
2005,2,4,0.12,NaN,NaN,4.5
2005,2,5,2.049,NaN,NaN,44
2005,2,6,1.325,NaN,NaN,7.5
2005,2,7,0.297,NaN,NaN,1.5
2005,2,8,0.495,NaN,NaN,11.5
2005,2,9,0.186,NaN,NaN,0
2005,2,10,0.128,NaN,NaN,0
2005,2,11,0.406,NaN,NaN,9
2005,2,12,1.001,NaN,NaN,4.5
2005,2,13,0.169,NaN,NaN,1.5
2005,2,14,0.214,NaN,NaN,0.5
2005,2,15,0.094,NaN,NaN,0
2005,2,16,0.089,NaN,NaN,0
2005,2,17,0.086,NaN,NaN,0
2005,2,18,0.083,NaN,NaN,0
2005,2,19,0.116,NaN,NaN,0.5
2005,2,20,0.082,NaN,NaN,0
2005,2,21,0.082,NaN,NaN,0
2005,2,22,0.079,NaN,NaN,0
2005,2,23,0.077,NaN,NaN,0
2005,2,24,0.08,NaN,NaN,0
2005,2,25,0.078,NaN,NaN,0
2005,2,26,0.11,NaN,NaN,1.5
2005,2,27,0.218,NaN,NaN,0
2005,2,28,0.115,NaN,NaN,2
2005,3,1,0.075,NaN,NaN,0
2005,3,2,0.072,NaN,NaN,0
2005,3,3,0.075,NaN,NaN,0
2005,3,4,0.076,NaN,NaN,0.5
2005,3,5,0.082,NaN,NaN,0.5
2005,3,6,0.082,NaN,NaN,0
2005,3,7,0.071,NaN,NaN,0
2005,3,8,0.071,NaN,NaN,0
2005,3,9,0.212,NaN,NaN,1.5
2005,3,10,0.075,NaN,NaN,0
2005,3,11,0.073,NaN,NaN,0
2005,3,12,0.118,NaN,NaN,2
2005,3,13,0.08,NaN,NaN,0.5
2005,3,14,0.07,NaN,NaN,0
2005,3,15,0.075,NaN,NaN,0
2005,3,16,1.391,NaN,NaN,10.5
2005,3,17,0.173,NaN,NaN,0
2005,3,18,0.08,NaN,NaN,0.5
2005,3,19,0.076,NaN,NaN,0
2005,3,20,0.071,NaN,NaN,0
2005,3,21,0.069,NaN,NaN,0
2005,3,22,0.068,NaN,NaN,0
2005,3,23,0.068,NaN,NaN,0
2005,3,24,0.118,NaN,NaN,2.5
2005,3,25,0.13,NaN,NaN,0
2005,3,26,0.068,NaN,NaN,0
2005,3,27,0.066,NaN,NaN,0
2005,3,28,0.066,NaN,NaN,0
2005,3,29,0.062,NaN,NaN,1
2005,3,30,0.141,NaN,NaN,0.5
2005,3,31,0.108,NaN,NaN,2
2005,4,1,0.072,NaN,NaN,0
2005,4,2,0.059,NaN,NaN,0
2005,4,3,0.062,NaN,NaN,0
2005,4,4,0.06,NaN,NaN,0
2005,4,5,0.058,NaN,NaN,0
2005,4,6,0.064,NaN,NaN,0
2005,4,7,0.062,NaN,NaN,0.5
2005,4,8,0.058,NaN,NaN,0
2005,4,9,0.056,NaN,NaN,0
2005,4,10,0.056,NaN,NaN,0
2005,4,11,0.056,NaN,NaN,0
2005,4,12,0.054,NaN,NaN,0
2005,4,13,0.056,NaN,NaN,0
2005,4,14,0.051,NaN,NaN,0
2005,4,15,0.054,NaN,NaN,0
2005,4,16,0.052,NaN,NaN,0
2005,4,17,0.054,NaN,NaN,0
2005,4,18,0.055,NaN,NaN,0
2005,4,19,0.053,NaN,NaN,0
2005,4,20,0.052,NaN,NaN,0
2005,4,21,0.051,NaN,NaN,0
2005,4,22,0.088,NaN,NaN,0
2005,4,23,0.143,NaN,NaN,0
2005,4,24,0.05,NaN,NaN,0
2005,4,25,0.048,NaN,NaN,0
2005,4,26,0.047,NaN,NaN,0
2005,4,27,0.075,NaN,NaN,0.5
2005,4,28,0.05,NaN,NaN,0
2005,4,29,0.054,NaN,NaN,0
2005,4,30,0.051,NaN,NaN,0
2005,5,1,0.048,NaN,NaN,0
2005,5,2,0.076,NaN,NaN,0.5
2005,5,3,0.124,NaN,NaN,2
2005,5,4,0.105,NaN,NaN,1
2005,5,5,0.203,NaN,NaN,6
2005,5,6,0.596,NaN,NaN,12
2005,5,7,0.124,NaN,NaN,0
2005,5,8,0.114,NaN,NaN,1.5
2005,5,9,0.059,NaN,NaN,0
2005,5,10,0.052,NaN,NaN,0
2005,5,11,0.05,NaN,NaN,0
2005,5,12,0.051,NaN,NaN,0
2005,5,13,0.054,NaN,NaN,0
2005,5,14,0.049,NaN,NaN,0
2005,5,15,1.115,NaN,NaN,14
2005,5,16,0.661,NaN,NaN,3.5
2005,5,17,1.283,NaN,NaN,30
2005,5,18,0.928,NaN,NaN,1.5
2005,5,19,0.429,NaN,NaN,4
2005,5,20,0.094,NaN,NaN,0
2005,5,21,0.07,NaN,NaN,0
2005,5,22,1.377,NaN,NaN,16.5
2005,5,23,0.201,NaN,NaN,0
2005,5,24,0.084,NaN,NaN,0
2005,5,25,0.068,NaN,NaN,0
2005,5,26,0.064,NaN,NaN,0
2005,5,27,0.367,NaN,NaN,9.5
2005,5,28,0.246,NaN,NaN,1
2005,5,29,0.152,NaN,NaN,2
2005,5,30,0.721,NaN,NaN,15
2005,5,31,1.46,NaN,NaN,14
2005,6,1,0.352,NaN,NaN,5
2005,6,2,0.233,NaN,NaN,3.5
2005,6,3,0.238,NaN,NaN,1
2005,6,4,0.12,NaN,NaN,1
2005,6,5,0.134,NaN,NaN,0.5
2005,6,6,0.114,NaN,NaN,0
2005,6,7,0.082,NaN,NaN,0
2005,6,8,0.074,NaN,NaN,0
2005,6,9,0.071,NaN,NaN,0
2005,6,10,0.069,NaN,NaN,0
2005,6,11,0.067,NaN,NaN,0
2005,6,12,0.105,NaN,NaN,2.5
2005,6,13,1.46,NaN,NaN,16
2005,6,14,0.248,NaN,NaN,3
2005,6,15,0.189,NaN,NaN,0
2005,6,16,0.166,NaN,NaN,1.5
2005,6,17,0.304,NaN,NaN,2.5
2005,6,18,1.419,NaN,NaN,16.5
2005,6,19,0.31,NaN,NaN,0
2005,6,20,0.164,NaN,NaN,0
2005,6,21,2.829,NaN,NaN,24.5
2005,6,22,0.642,NaN,NaN,0.5
2005,6,23,0.261,NaN,NaN,1
2005,6,24,0.456,NaN,NaN,7.5
2005,6,25,0.802,NaN,NaN,7.5
2005,6,26,0.265,NaN,NaN,0
2005,6,27,0.172,NaN,NaN,0
2005,6,28,0.145,NaN,NaN,0.5
2005,6,29,0.127,NaN,NaN,0
2005,6,30,0.115,NaN,NaN,0
2005,7,1,0.101,NaN,NaN,0.5
2005,7,2,0.096,NaN,NaN,0
2005,7,3,0.088,NaN,NaN,0
2005,7,4,0.177,NaN,NaN,4.5
2005,7,5,1.614,NaN,NaN,24
2005,7,6,27.136,NaN,NaN,99
2005,7,7,6.201,NaN,NaN,14.5
2005,7,8,0.848,NaN,NaN,0
2005,7,9,0.507,NaN,NaN,1.5
2005,7,10,0.333,NaN,NaN,0.5
2005,7,11,8.756,NaN,NaN,45
2005,7,12,2.803,NaN,NaN,1.5
2005,7,13,0.454,NaN,NaN,0
2005,7,14,0.473,NaN,NaN,2
2005,7,15,2.527,NaN,NaN,14.5
2005,7,16,3.359,NaN,NaN,17
2005,7,17,2.296,NaN,NaN,0.5
2005,7,18,0.566,NaN,NaN,1.5
2005,7,19,0.317,NaN,NaN,0.5
2005,7,20,0.402,NaN,NaN,1.5
2005,7,21,0.286,NaN,NaN,1.5
2005,7,22,0.21,NaN,NaN,0
2005,7,23,0.189,NaN,NaN,0
2005,7,24,0.233,NaN,NaN,0
2005,7,25,0.175,NaN,NaN,0
2005,7,26,0.161,NaN,NaN,0
2005,7,27,0.155,NaN,NaN,0.5
2005,7,28,0.2,NaN,NaN,0.5
2005,7,29,0.151,NaN,NaN,0
2005,7,30,0.139,NaN,NaN,0
2005,7,31,0.137,NaN,NaN,0
2005,8,1,0.274,NaN,NaN,4
2005,8,2,0.451,NaN,NaN,5.5
2005,8,3,0.137,NaN,NaN,0
2005,8,4,0.126,NaN,NaN,0
2005,8,5,0.12,NaN,NaN,0
2005,8,6,0.198,NaN,NaN,0.5
2005,8,7,1.898,NaN,NaN,9.5
2005,8,8,0.447,NaN,NaN,3.5
2005,8,9,0.228,NaN,NaN,1
2005,8,10,0.151,NaN,NaN,0
2005,8,11,0.135,NaN,NaN,0
2005,8,12,0.414,NaN,NaN,11
2005,8,13,0.148,NaN,NaN,0.5
2005,8,14,0.131,NaN,NaN,0
2005,8,15,0.124,NaN,NaN,0
2005,8,16,0.119,NaN,NaN,0
2005,8,17,0.117,NaN,NaN,0
2005,8,18,0.2,NaN,NaN,5
2005,8,19,0.288,NaN,NaN,1.5
2005,8,20,0.113,NaN,NaN,0.5
2005,8,21,0.188,NaN,NaN,1
2005,8,22,0.116,NaN,NaN,0
2005,8,23,0.116,NaN,NaN,0
2005,8,24,0.47,NaN,NaN,6.5
2005,8,25,0.409,NaN,NaN,0
2005,8,26,0.125,NaN,NaN,0
2005,8,27,0.108,NaN,NaN,0
2005,8,28,0.257,NaN,NaN,3.5
2005,8,29,0.1,NaN,NaN,0
2005,8,30,0.097,NaN,NaN,0
2005,8,31,0.098,NaN,NaN,0
2005,9,1,0.098,NaN,NaN,0
2005,9,2,0.096,NaN,NaN,0
2005,9,3,0.097,NaN,NaN,0
2005,9,4,0.088,NaN,NaN,0
2005,9,5,0.086,NaN,NaN,0
2005,9,6,0.09,NaN,NaN,0
2005,9,7,0.085,NaN,NaN,0
2005,9,8,0.45,NaN,NaN,0
2005,9,9,0.414,NaN,NaN,8.5
2005,9,10,1.225,NaN,NaN,28.5
2005,9,11,1.954,NaN,NaN,12
2005,9,12,0.749,NaN,NaN,4.5
2005,9,13,0.248,NaN,NaN,0
2005,9,14,3.084,NaN,NaN,19
2005,9,15,0.315,NaN,NaN,0
2005,9,16,0.197,NaN,NaN,0
2005,9,17,0.251,NaN,NaN,2.5
2005,9,18,7.573,NaN,NaN,38.5
2005,9,19,1.395,NaN,NaN,14.5
2005,9,20,0.992,NaN,NaN,1.5
2005,9,21,0.563,NaN,NaN,0
2005,9,22,0.374,NaN,NaN,0
2005,9,23,0.413,NaN,NaN,2.5
2005,9,24,0.269,NaN,NaN,0
2005,9,25,0.215,NaN,NaN,0
2005,9,26,0.193,NaN,NaN,0
2005,9,27,0.172,NaN,NaN,0
2005,9,28,0.157,NaN,NaN,0
2005,9,29,0.166,NaN,NaN,0
2005,9,30,0.139,NaN,NaN,0.5
2005,10,1,0.128,NaN,NaN,0
2005,10,2,0.779,NaN,NaN,14
2005,10,3,0.893,NaN,NaN,12
2005,10,4,0.45,NaN,NaN,0.5
2005,10,5,0.28,NaN,NaN,7
2005,10,6,0.225,NaN,NaN,7
2005,10,7,0.78,NaN,NaN,2.5
2005,10,8,0.542,NaN,NaN,9
2005,10,9,0.236,NaN,NaN,0
2005,10,10,0.732,NaN,NaN,7.5
2005,10,11,0.613,NaN,NaN,6.5
2005,10,12,0.261,NaN,NaN,0
2005,10,13,5.416,NaN,NaN,21
2005,10,14,1.129,NaN,NaN,0.5
2005,10,15,0.354,NaN,NaN,0
2005,10,16,0.717,NaN,NaN,5
2005,10,17,0.252,NaN,NaN,0.5
2005,10,18,0.194,NaN,NaN,0.5
2005,10,19,0.873,NaN,NaN,11
2005,10,20,16.284,NaN,NaN,41.5
2005,10,21,5.634,NaN,NaN,4
2005,10,22,1.047,NaN,NaN,2
2005,10,23,0.54,NaN,NaN,0
2005,10,24,0.478,NaN,NaN,0.5
2005,10,25,0.385,NaN,NaN,0.5
2005,10,26,0.341,NaN,NaN,0
2005,10,27,0.291,NaN,NaN,0
2005,10,28,0.27,NaN,NaN,0
2005,10,29,0.259,NaN,NaN,0
2005,10,30,0.441,NaN,NaN,2
2005,10,31,0.281,NaN,NaN,1
2005,11,1,0.243,NaN,NaN,0
2005,11,2,0.215,NaN,NaN,0
2005,11,3,0.201,NaN,NaN,0
2005,11,4,0.196,NaN,NaN,0
2005,11,5,0.184,NaN,NaN,0
2005,11,6,0.188,NaN,NaN,0
2005,11,7,1.097,NaN,NaN,6.5
2005,11,8,3.103,NaN,NaN,21
2005,11,9,0.4,NaN,NaN,0
2005,11,10,0.202,NaN,NaN,0
2005,11,11,0.168,NaN,NaN,0
2005,11,12,0.228,NaN,NaN,1.5
2005,11,13,0.15,NaN,NaN,0
2005,11,14,0.174,NaN,NaN,0
2005,11,15,0.138,NaN,NaN,0
2005,11,16,0.134,NaN,NaN,0
2005,11,17,0.126,NaN,NaN,0
2005,11,18,0.135,NaN,NaN,0
2005,11,19,0.127,NaN,NaN,0
2005,11,20,0.118,NaN,NaN,0
2005,11,21,0.22,NaN,NaN,3.5
2005,11,22,0.221,NaN,NaN,2.5
2005,11,23,0.119,NaN,NaN,0
2005,11,24,0.108,NaN,NaN,0
2005,11,25,0.45,NaN,NaN,3.5
2005,11,26,0.735,NaN,NaN,11
2005,11,27,0.133,NaN,NaN,1.5
2005,11,28,0.116,NaN,NaN,0
2005,11,29,0.109,NaN,NaN,0
2005,11,30,0.102,NaN,NaN,0
2005,12,1,0.099,NaN,NaN,0
2005,12,2,0.101,NaN,NaN,0
2005,12,3,0.093,NaN,NaN,0
2005,12,4,0.095,NaN,NaN,0
2005,12,5,0.119,NaN,NaN,2
2005,12,6,0.101,NaN,NaN,0
2005,12,7,0.139,NaN,NaN,0
2005,12,8,0.101,NaN,NaN,0
2005,12,9,0.101,NaN,NaN,0
2005,12,10,0.103,NaN,NaN,0
2005,12,11,0.096,NaN,NaN,0
2005,12,12,1.113,NaN,NaN,14
2005,12,13,0.133,NaN,NaN,0.5
2005,12,14,0.63,NaN,NaN,11.5
2005,12,15,1.885,NaN,NaN,25.5
2005,12,16,2.4,NaN,NaN,0.5
2005,12,17,1.97,NaN,NaN,8.5
2005,12,18,0.285,NaN,NaN,0
2005,12,19,0.322,NaN,NaN,2
2005,12,20,0.133,NaN,NaN,0
2005,12,21,0.138,NaN,NaN,0.5
2005,12,22,0.11,NaN,NaN,0.5
2005,12,23,0.098,NaN,NaN,0.5
2005,12,24,0.099,NaN,NaN,0.5
2005,12,25,0.1,NaN,NaN,0
2005,12,26,0.095,NaN,NaN,0
2005,12,27,0.097,NaN,NaN,0
2005,12,28,0.094,NaN,NaN,0
2005,12,29,0.09,NaN,NaN,0
2005,12,30,0.092,NaN,NaN,0
2005,12,31,0.094,NaN,NaN,0
2006,1,1,0.093,NaN,NaN,0
2006,1,2,0.092,NaN,NaN,0.5
2006,1,3,0.094,NaN,NaN,0
2006,1,4,0.667,NaN,NaN,13
2006,1,5,0.091,NaN,NaN,0.5
2006,1,6,0.116,NaN,NaN,0
2006,1,7,0.08,NaN,NaN,0
2006,1,8,0.09,NaN,NaN,0
2006,1,9,0.087,NaN,NaN,0
2006,1,10,0.08,NaN,NaN,0
2006,1,11,0.087,NaN,NaN,0
2006,1,12,0.082,NaN,NaN,0
2006,1,13,0.075,NaN,NaN,0
2006,1,14,0.079,NaN,NaN,0
2006,1,15,0.08,NaN,NaN,0
2006,1,16,0.069,NaN,NaN,0
2006,1,17,0.073,NaN,NaN,0
2006,1,18,0.07,NaN,NaN,0
2006,1,19,0.454,NaN,NaN,9.5
2006,1,20,0.136,NaN,NaN,0.5
2006,1,21,0.242,NaN,NaN,0
2006,1,22,0.059,NaN,NaN,0
2006,1,23,0.127,NaN,NaN,3.5
2006,1,24,14.521,NaN,NaN,95
2006,1,25,0.836,NaN,NaN,7
2006,1,26,0.235,NaN,NaN,2
2006,1,27,0.253,NaN,NaN,2.5
2006,1,28,0.192,NaN,NaN,2
2006,1,29,0.151,NaN,NaN,0
2006,1,30,0.116,NaN,NaN,0
2006,1,31,0.11,NaN,NaN,0
2006,2,1,1.022,NaN,NaN,15.5
2006,2,2,0.633,NaN,NaN,8
2006,2,3,0.273,NaN,NaN,2.5
2006,2,4,0.16,NaN,NaN,0
2006,2,5,0.125,NaN,NaN,0
2006,2,6,0.114,NaN,NaN,0
2006,2,7,0.112,NaN,NaN,1
2006,2,8,0.119,NaN,NaN,0
2006,2,9,0.134,NaN,NaN,1.5
2006,2,10,0.14,NaN,NaN,0
2006,2,11,0.101,NaN,NaN,0
2006,2,12,0.1,NaN,NaN,0
2006,2,13,0.102,NaN,NaN,0
2006,2,14,0.103,NaN,NaN,0
2006,2,15,0.098,NaN,NaN,0
2006,2,16,0.099,NaN,NaN,0
2006,2,17,0.101,NaN,NaN,0
2006,2,18,0.098,NaN,NaN,0
2006,2,19,0.098,NaN,NaN,0
2006,2,20,0.094,NaN,NaN,0
2006,2,21,0.115,NaN,NaN,2
2006,2,22,0.108,NaN,NaN,0
2006,2,23,0.096,NaN,NaN,0
2006,2,24,0.093,NaN,NaN,0
2006,2,25,0.09,NaN,NaN,0
2006,2,26,0.092,NaN,NaN,0
2006,2,27,0.089,NaN,NaN,0
2006,2,28,0.093,NaN,NaN,0
2006,3,1,0.086,NaN,NaN,0
2006,3,2,0.092,NaN,NaN,0
2006,3,3,0.132,NaN,NaN,0.5
2006,3,4,0.079,NaN,NaN,0
2006,3,5,0.074,NaN,NaN,0
2006,3,6,0.082,NaN,NaN,0
2006,3,7,8.854,NaN,NaN,65
2006,3,8,3.613,NaN,NaN,1.5
2006,3,9,0.203,NaN,NaN,1.5
2006,3,10,0.1,NaN,NaN,0
2006,3,11,0.198,NaN,NaN,8.5
2006,3,12,0.138,NaN,NaN,2
2006,3,13,0.259,NaN,NaN,3.5
2006,3,14,0.084,NaN,NaN,0
2006,3,15,0.08,NaN,NaN,0
2006,3,16,0.078,NaN,NaN,0
2006,3,17,0.076,NaN,NaN,0
2006,3,18,0.077,NaN,NaN,0
2006,3,19,0.077,NaN,NaN,0
2006,3,20,0.075,NaN,NaN,0
2006,3,21,0.076,NaN,NaN,0
2006,3,22,0.075,NaN,NaN,0
2006,3,23,1.207,NaN,NaN,10.5
2006,3,24,0.134,NaN,NaN,1.5
2006,3,25,0.89,NaN,NaN,13
2006,3,26,10.207,NaN,NaN,76
2006,3,27,4.178,NaN,NaN,5
2006,3,28,0.663,NaN,NaN,1.5
2006,3,29,0.386,NaN,NaN,0
2006,3,30,0.236,NaN,NaN,0
2006,3,31,2.308,NaN,NaN,7
2006,4,1,0.631,NaN,NaN,0
2006,4,2,1.701,NaN,NaN,16.5
2006,4,3,2.561,NaN,NaN,24.5
2006,4,4,1.323,NaN,NaN,0
2006,4,5,0.338,NaN,NaN,0
2006,4,6,0.239,NaN,NaN,0.5
2006,4,7,2.647,NaN,NaN,15
2006,4,8,0.308,NaN,NaN,0
2006,4,9,0.28,NaN,NaN,1
2006,4,10,0.335,NaN,NaN,1
2006,4,11,0.2,NaN,NaN,1
2006,4,12,0.232,NaN,NaN,0.5
2006,4,13,0.145,NaN,NaN,0
2006,4,14,0.273,NaN,NaN,1.5
2006,4,15,0.156,NaN,NaN,0
2006,4,16,0.131,NaN,NaN,0
2006,4,17,0.129,NaN,NaN,0
2006,4,18,1.161,NaN,NaN,14
2006,4,19,0.309,NaN,NaN,0
2006,4,20,0.143,NaN,NaN,0
2006,4,21,0.135,NaN,NaN,0
2006,4,22,0.251,NaN,NaN,3.5
2006,4,23,0.244,NaN,NaN,5
2006,4,24,2.754,NaN,NaN,29
2006,4,25,16.424,NaN,NaN,34.5
2006,4,26,1.055,NaN,NaN,0
2006,4,27,24.329,NaN,NaN,35.5
2006,4,28,3.252,NaN,NaN,0
2006,4,29,3.217,NaN,NaN,6.5
2006,4,30,0.684,NaN,NaN,0
2006,5,1,0.453,NaN,NaN,0
2006,5,2,0.907,NaN,NaN,6.5
2006,5,3,0.738,NaN,NaN,0
2006,5,4,0.303,NaN,NaN,0
2006,5,5,0.63,NaN,NaN,5
2006,5,6,0.298,NaN,NaN,0
2006,5,7,0.237,NaN,NaN,0
2006,5,8,0.52,NaN,NaN,8
2006,5,9,0.65,NaN,NaN,1
2006,5,10,0.476,NaN,NaN,1.5
2006,5,11,0.483,NaN,NaN,4.5
2006,5,12,0.434,NaN,NaN,5
2006,5,13,0.338,NaN,NaN,2
2006,5,14,1.101,NaN,NaN,9
2006,5,15,0.91,NaN,NaN,10
2006,5,16,0.589,NaN,NaN,1
2006,5,17,0.318,NaN,NaN,0
2006,5,18,0.258,NaN,NaN,0
2006,5,19,0.224,NaN,NaN,0.5
2006,5,20,4.275,NaN,NaN,27.5
2006,5,21,0.718,NaN,NaN,0.5
2006,5,22,12.344,NaN,NaN,36
2006,5,23,19.833,NaN,NaN,41.5
2006,5,24,7.847,NaN,NaN,26.5
2006,5,25,2.247,NaN,NaN,0.5
2006,5,26,6.865,NaN,NaN,26
2006,5,27,5.054,NaN,NaN,6
2006,5,28,1.336,NaN,NaN,0
2006,5,29,0.88,NaN,NaN,1
2006,5,30,0.677,NaN,NaN,0
2006,5,31,0.557,NaN,NaN,0
2006,6,1,0.473,NaN,NaN,0
2006,6,2,0.419,NaN,NaN,0
2006,6,3,0.379,NaN,NaN,0
2006,6,4,4.555,NaN,NaN,27.5
2006,6,5,0.866,NaN,NaN,1.5
2006,6,6,0.499,NaN,NaN,0
2006,6,7,0.408,NaN,NaN,0
2006,6,8,0.366,NaN,NaN,0
2006,6,9,0.349,NaN,NaN,0
2006,6,10,0.334,NaN,NaN,0
2006,6,11,0.303,NaN,NaN,0
2006,6,12,1.367,NaN,NaN,10
2006,6,13,0.64,NaN,NaN,4
2006,6,14,0.368,NaN,NaN,1
2006,6,15,0.612,NaN,NaN,2
2006,6,16,0.574,NaN,NaN,7.5
2006,6,17,1.17,NaN,NaN,7.5
2006,6,18,1.33,NaN,NaN,14.5
2006,6,19,1.098,NaN,NaN,4
2006,6,20,0.536,NaN,NaN,0
2006,6,21,0.388,NaN,NaN,0
2006,6,22,0.372,NaN,NaN,1.5
2006,6,23,0.346,NaN,NaN,0
2006,6,24,0.299,NaN,NaN,0
2006,6,25,0.278,NaN,NaN,0
2006,6,26,0.263,NaN,NaN,0
2006,6,27,0.252,NaN,NaN,0
2006,6,28,2.046,NaN,NaN,2.5
2006,6,29,1.152,NaN,NaN,8.5
2006,6,30,0.48,NaN,NaN,0
2006,7,1,0.316,NaN,NaN,0
2006,7,2,0.281,NaN,NaN,0
2006,7,3,0.264,NaN,NaN,0.5
2006,7,4,0.341,NaN,NaN,2.5
2006,7,5,0.274,NaN,NaN,0
2006,7,6,0.413,NaN,NaN,3
2006,7,7,0.259,NaN,NaN,0
2006,7,8,0.625,NaN,NaN,4
2006,7,9,0.254,NaN,NaN,0.5
2006,7,10,0.219,NaN,NaN,0
2006,7,11,0.205,NaN,NaN,0
2006,7,12,0.196,NaN,NaN,0
2006,7,13,0.197,NaN,NaN,1
2006,7,14,0.185,NaN,NaN,0
2006,7,15,0.277,NaN,NaN,3
2006,7,16,0.177,NaN,NaN,0
2006,7,17,0.173,NaN,NaN,0
2006,7,18,0.168,NaN,NaN,0
2006,7,19,1.242,NaN,NaN,11.5
2006,7,20,0.28,NaN,NaN,2.5
2006,7,21,0.287,NaN,NaN,2
2006,7,22,0.183,NaN,NaN,0
2006,7,23,0.166,NaN,NaN,0
2006,7,24,0.161,NaN,NaN,0
2006,7,25,0.239,NaN,NaN,1.5
2006,7,26,0.204,NaN,NaN,0
2006,7,27,0.151,NaN,NaN,0
2006,7,28,0.147,NaN,NaN,0
2006,7,29,0.146,NaN,NaN,0
2006,7,30,0.141,NaN,NaN,0
2006,7,31,0.309,NaN,NaN,4.5
2006,8,1,0.262,NaN,NaN,2
2006,8,2,0.558,NaN,NaN,6.5
2006,8,3,0.214,NaN,NaN,0
2006,8,4,0.147,NaN,NaN,0
2006,8,5,15.026,NaN,NaN,57.5
2006,8,6,23.873,NaN,NaN,47.5
2006,8,7,5.757,NaN,NaN,1.5
2006,8,8,1.292,NaN,NaN,0
2006,8,9,0.678,NaN,NaN,0.5
2006,8,10,0.576,NaN,NaN,0
2006,8,11,0.455,NaN,NaN,0.5
2006,8,12,0.44,NaN,NaN,1.5
2006,8,13,0.422,NaN,NaN,4
2006,8,14,0.37,NaN,NaN,2.5
2006,8,15,0.301,NaN,NaN,0
2006,8,16,0.26,NaN,NaN,0
2006,8,17,0.241,NaN,NaN,0
2006,8,18,0.226,NaN,NaN,0
2006,8,19,0.215,NaN,NaN,0
2006,8,20,0.212,NaN,NaN,0
2006,8,21,0.31,NaN,NaN,4.5
2006,8,22,0.356,NaN,NaN,2
2006,8,23,0.224,NaN,NaN,0
2006,8,24,0.183,NaN,NaN,0
2006,8,25,0.33,NaN,NaN,3
2006,8,26,0.813,NaN,NaN,10
2006,8,27,1.278,NaN,NaN,0.5
2006,8,28,0.205,NaN,NaN,0
2006,8,29,0.174,NaN,NaN,0
2006,8,30,0.182,NaN,NaN,0
2006,8,31,0.156,NaN,NaN,0
2006,9,1,0.157,NaN,NaN,0
2006,9,2,0.147,NaN,NaN,0
2006,9,3,0.142,NaN,NaN,0
2006,9,4,0.141,NaN,NaN,0
2006,9,5,0.136,NaN,NaN,0
2006,9,6,0.189,NaN,NaN,1
2006,9,7,0.185,NaN,NaN,0
2006,9,8,0.128,NaN,NaN,0
2006,9,9,2.349,NaN,NaN,21
2006,9,10,0.394,NaN,NaN,12
2006,9,11,30.149,NaN,NaN,72
2006,9,12,4.078,NaN,NaN,0.5
2006,9,13,0.794,NaN,NaN,0.5
2006,9,14,0.48,NaN,NaN,0.5
2006,9,15,0.361,NaN,NaN,0
2006,9,16,0.317,NaN,NaN,0
2006,9,17,0.282,NaN,NaN,0
2006,9,18,0.255,NaN,NaN,0
2006,9,19,0.232,NaN,NaN,0
2006,9,20,0.274,NaN,NaN,1.5
2006,9,21,0.205,NaN,NaN,0
2006,9,22,0.195,NaN,NaN,0
2006,9,23,0.183,NaN,NaN,0
2006,9,24,0.179,NaN,NaN,0
2006,9,25,0.172,NaN,NaN,0
2006,9,26,0.166,NaN,NaN,0
2006,9,27,0.152,NaN,NaN,0
2006,9,28,0.149,NaN,NaN,0
2006,9,29,0.143,NaN,NaN,0
2006,9,30,0.173,NaN,NaN,0
2006,10,1,4.149,NaN,NaN,39
2006,10,2,2.033,NaN,NaN,3.5
2006,10,3,0.269,NaN,NaN,0
2006,10,4,0.592,NaN,NaN,4
2006,10,5,0.221,NaN,NaN,0
2006,10,6,0.153,NaN,NaN,0
2006,10,7,0.142,NaN,NaN,0
2006,10,8,0.141,NaN,NaN,0
2006,10,9,0.142,NaN,NaN,2
2006,10,10,0.248,NaN,NaN,1.5
2006,10,11,0.158,NaN,NaN,1.5
2006,10,12,0.128,NaN,NaN,0
2006,10,13,0.128,NaN,NaN,0
2006,10,14,0.12,NaN,NaN,0
2006,10,15,0.121,NaN,NaN,0
2006,10,16,0.179,NaN,NaN,5.5
2006,10,17,0.179,NaN,NaN,2.5
2006,10,18,0.106,NaN,NaN,0
2006,10,19,0.103,NaN,NaN,0
2006,10,20,0.104,NaN,NaN,0
2006,10,21,0.103,NaN,NaN,0
2006,10,22,0.103,NaN,NaN,0
2006,10,23,0.527,NaN,NaN,11
2006,10,24,0.34,NaN,NaN,3.5
2006,10,25,0.143,NaN,NaN,0.5
2006,10,26,0.101,NaN,NaN,0
2006,10,27,0.103,NaN,NaN,0
2006,10,28,0.095,NaN,NaN,0
2006,10,29,0.488,NaN,NaN,10.5
2006,10,30,0.167,NaN,NaN,0.5
2006,10,31,0.09,NaN,NaN,0
2006,11,1,0.088,NaN,NaN,0
2006,11,2,0.134,NaN,NaN,0
2006,11,3,0.188,NaN,NaN,3
2006,11,4,0.086,NaN,NaN,0
2006,11,5,0.081,NaN,NaN,0
2006,11,6,0.082,NaN,NaN,0
2006,11,7,0.133,NaN,NaN,0.5
2006,11,8,0.172,NaN,NaN,1.5
2006,11,9,0.234,NaN,NaN,11.5
2006,11,10,0.174,NaN,NaN,0.5
2006,11,11,0.081,NaN,NaN,0
2006,11,12,0.083,NaN,NaN,0
2006,11,13,0.081,NaN,NaN,0
2006,11,14,0.076,NaN,NaN,0
2006,11,15,0.247,NaN,NaN,2
2006,11,16,0.103,NaN,NaN,0.5
2006,11,17,0.081,NaN,NaN,0
2006,11,18,0.251,NaN,NaN,6.5
2006,11,19,0.098,NaN,NaN,0
2006,11,20,0.079,NaN,NaN,0
2006,11,21,0.079,NaN,NaN,0
2006,11,22,0.083,NaN,NaN,0
2006,11,23,0.082,NaN,NaN,0
2006,11,24,0.083,NaN,NaN,0
2006,11,25,0.082,NaN,NaN,0
2006,11,26,0.084,NaN,NaN,0
2006,11,27,0.228,NaN,NaN,4.5
2006,11,28,0.086,NaN,NaN,0
2006,11,29,0.076,NaN,NaN,0
2006,11,30,1.831,NaN,NaN,16
2006,12,1,0.229,NaN,NaN,2
2006,12,2,0.083,NaN,NaN,0
2006,12,3,0.078,NaN,NaN,0
2006,12,4,0.078,NaN,NaN,0
2006,12,5,0.082,NaN,NaN,0
2006,12,6,0.075,NaN,NaN,0
2006,12,7,0.075,NaN,NaN,0
2006,12,8,0.094,NaN,NaN,1.5
2006,12,9,0.19,NaN,NaN,7
2006,12,10,0.14,NaN,NaN,0
2006,12,11,0.073,NaN,NaN,0
2006,12,12,0.073,NaN,NaN,0
2006,12,13,0.07,NaN,NaN,0
2006,12,14,0.07,NaN,NaN,0
2006,12,15,0.066,NaN,NaN,0
2006,12,16,0.066,NaN,NaN,0
2006,12,17,0.064,NaN,NaN,0
2006,12,18,0.433,NaN,NaN,13
2006,12,19,1.01,NaN,NaN,25
2006,12,20,1.253,NaN,NaN,0.5
2006,12,21,0.076,NaN,NaN,0
2006,12,22,0.12,NaN,NaN,1
2006,12,23,0.095,NaN,NaN,2
2006,12,24,0.069,NaN,NaN,0
2006,12,25,0.072,NaN,NaN,0
2006,12,26,0.082,NaN,NaN,0
2006,12,27,0.09,NaN,NaN,1
2006,12,28,0.093,NaN,NaN,0
2006,12,29,0.067,NaN,NaN,0
2006,12,30,0.079,NaN,NaN,1.5
2006,12,31,0.306,NaN,NaN,4.5
2007,1,1,0.113,NaN,NaN,1
2007,1,2,0.064,NaN,NaN,0
2007,1,3,0.063,NaN,NaN,0
2007,1,4,0.062,NaN,NaN,0
2007,1,5,0.062,NaN,NaN,0
2007,1,6,0.067,NaN,NaN,0
2007,1,7,0.069,NaN,NaN,0
2007,1,8,0.063,NaN,NaN,0
2007,1,9,0.411,NaN,NaN,18
2007,1,10,0.165,NaN,NaN,0.5
2007,1,11,0.077,NaN,NaN,0
2007,1,12,1.118,NaN,NaN,20
2007,1,13,1.154,NaN,NaN,19.5
2007,1,14,0.386,NaN,NaN,0.5
2007,1,15,0.098,NaN,NaN,0
2007,1,16,0.088,NaN,NaN,0
2007,1,17,0.081,NaN,NaN,0
2007,1,18,0.083,NaN,NaN,0
2007,1,19,0.08,NaN,NaN,0
2007,1,20,0.084,NaN,NaN,0
2007,1,21,0.078,NaN,NaN,0
2007,1,22,0.081,NaN,NaN,0
2007,1,23,0.079,NaN,NaN,0
2007,1,24,0.07,NaN,NaN,0
2007,1,25,0.073,NaN,NaN,0
2007,1,26,0.079,NaN,NaN,0
2007,1,27,0.07,NaN,NaN,0
2007,1,28,0.543,NaN,NaN,11
2007,1,29,0.917,NaN,NaN,1
2007,1,30,0.089,NaN,NaN,1.5
2007,1,31,0.069,NaN,NaN,0
2007,2,1,0.067,NaN,NaN,0
2007,2,2,0.067,NaN,NaN,0
2007,2,3,0.061,NaN,NaN,0
2007,2,4,0.059,NaN,NaN,0
2007,2,5,0.416,NaN,NaN,8.5
2007,2,6,0.488,NaN,NaN,13.5
2007,2,7,17.312,NaN,NaN,73.5
2007,2,8,0.529,NaN,NaN,2
2007,2,9,0.213,NaN,NaN,0
2007,2,10,0.139,NaN,NaN,0
2007,2,11,0.216,NaN,NaN,0
2007,2,12,0.104,NaN,NaN,0
2007,2,13,0.099,NaN,NaN,0
2007,2,14,0.095,NaN,NaN,0
2007,2,15,0.097,NaN,NaN,0
2007,2,16,0.088,NaN,NaN,0
2007,2,17,0.088,NaN,NaN,0
2007,2,18,0.085,NaN,NaN,0
2007,2,19,0.087,NaN,NaN,0
2007,2,20,0.081,NaN,NaN,0
2007,2,21,0.08,NaN,NaN,0
2007,2,22,0.172,NaN,NaN,0.5
2007,2,23,0.095,NaN,NaN,0
2007,2,24,0.127,NaN,NaN,3
2007,2,25,7.526,NaN,NaN,45.5
2007,2,26,0.228,NaN,NaN,0
2007,2,27,0.127,NaN,NaN,0
2007,2,28,0.105,NaN,NaN,0
2007,3,1,0.098,NaN,NaN,0
2007,3,2,0.096,NaN,NaN,0
2007,3,3,0.093,NaN,NaN,0
2007,3,4,0.091,NaN,NaN,0.5
2007,3,5,0.088,NaN,NaN,0
2007,3,6,0.087,NaN,NaN,0
2007,3,7,0.305,NaN,NaN,5.5
2007,3,8,0.085,NaN,NaN,0
2007,3,9,0.084,NaN,NaN,0
2007,3,10,0.082,NaN,NaN,0
2007,3,11,0.103,NaN,NaN,0
2007,3,12,0.18,NaN,NaN,6
2007,3,13,0.17,NaN,NaN,3
2007,3,14,0.133,NaN,NaN,1.5
2007,3,15,0.165,NaN,NaN,0
2007,3,16,0.076,NaN,NaN,0
2007,3,17,0.073,NaN,NaN,0
2007,3,18,0.09,NaN,NaN,1
2007,3,19,0.085,NaN,NaN,0
2007,3,20,0.068,NaN,NaN,0
2007,3,21,0.065,NaN,NaN,0
2007,3,22,0.066,NaN,NaN,0
2007,3,23,0.065,NaN,NaN,0
2007,3,24,0.072,NaN,NaN,1
2007,3,25,0.065,NaN,NaN,0
2007,3,26,0.077,NaN,NaN,0.5
2007,3,27,0.118,NaN,NaN,2
2007,3,28,6.063,NaN,NaN,42.5
2007,3,29,73.796,NaN,NaN,224.5
2007,3,30,14.495,NaN,NaN,3.5
2007,3,31,1.628,NaN,NaN,0
2007,4,1,1.053,NaN,NaN,4
2007,4,2,0.485,NaN,NaN,0
2007,4,3,0.319,NaN,NaN,0
2007,4,4,0.242,NaN,NaN,0
2007,4,5,0.501,NaN,NaN,1.5
2007,4,6,0.203,NaN,NaN,0
2007,4,7,0.184,NaN,NaN,0
2007,4,8,0.175,NaN,NaN,0
2007,4,9,0.172,NaN,NaN,0.5
2007,4,10,1.028,NaN,NaN,7.5
2007,4,11,0.295,NaN,NaN,0.5
2007,4,12,0.49,NaN,NaN,6.5
2007,4,13,0.51,NaN,NaN,6.5
2007,4,14,0.217,NaN,NaN,0
2007,4,15,0.184,NaN,NaN,0.5
2007,4,16,0.168,NaN,NaN,0
2007,4,17,0.163,NaN,NaN,0
2007,4,18,0.163,NaN,NaN,0.5
2007,4,19,0.144,NaN,NaN,0
2007,4,20,0.151,NaN,NaN,0
2007,4,21,0.148,NaN,NaN,0
2007,4,22,0.142,NaN,NaN,0
2007,4,23,0.132,NaN,NaN,0
2007,4,24,0.129,NaN,NaN,0
2007,4,25,0.133,NaN,NaN,0
2007,4,26,0.128,NaN,NaN,0
2007,4,27,0.141,NaN,NaN,2.5
2007,4,28,0.48,NaN,NaN,5.5
2007,4,29,0.121,NaN,NaN,0
2007,4,30,0.15,NaN,NaN,2
2007,5,1,0.159,NaN,NaN,0
2007,5,2,0.111,NaN,NaN,0
2007,5,3,0.115,NaN,NaN,1
2007,5,4,0.104,NaN,NaN,0
2007,5,5,0.101,NaN,NaN,0
2007,5,6,0.101,NaN,NaN,0
2007,5,7,0.097,NaN,NaN,0
2007,5,8,0.109,NaN,NaN,0
2007,5,9,0.106,NaN,NaN,0
2007,5,10,0.094,NaN,NaN,0
2007,5,11,0.092,NaN,NaN,0
2007,5,12,0.092,NaN,NaN,0
2007,5,13,0.087,NaN,NaN,0
2007,5,14,0.088,NaN,NaN,0
2007,5,15,0.088,NaN,NaN,0
2007,5,16,0.094,NaN,NaN,0
2007,5,17,0.092,NaN,NaN,0
2007,5,18,0.084,NaN,NaN,0
2007,5,19,0.082,NaN,NaN,0
2007,5,20,0.081,NaN,NaN,0
2007,5,21,0.144,NaN,NaN,0
2007,5,22,0.084,NaN,NaN,0
2007,5,23,2.858,NaN,NaN,30.5
2007,5,24,0.24,NaN,NaN,0
2007,5,25,0.097,NaN,NaN,0
2007,5,26,0.086,NaN,NaN,0
2007,5,27,0.081,NaN,NaN,0
2007,5,28,0.117,NaN,NaN,0
2007,5,29,0.076,NaN,NaN,0
2007,5,30,0.077,NaN,NaN,0
2007,5,31,0.075,NaN,NaN,0
2007,6,1,0.075,NaN,NaN,0
2007,6,2,0.567,NaN,NaN,3.5
2007,6,3,0.118,NaN,NaN,0
2007,6,4,0.131,NaN,NaN,4.5
2007,6,5,0.075,NaN,NaN,0
2007,6,6,0.078,NaN,NaN,0.5
2007,6,7,0.102,NaN,NaN,0
2007,6,8,0.202,NaN,NaN,1
2007,6,9,0.073,NaN,NaN,0
2007,6,10,0.697,NaN,NaN,15
2007,6,11,0.146,NaN,NaN,1.5
2007,6,12,0.12,NaN,NaN,0.5
2007,6,13,0.115,NaN,NaN,2.5
2007,6,14,0.342,NaN,NaN,4
2007,6,15,0.566,NaN,NaN,7.5
2007,6,16,0.145,NaN,NaN,0
2007,6,17,0.106,NaN,NaN,0
2007,6,18,0.095,NaN,NaN,0
2007,6,19,0.085,NaN,NaN,0
2007,6,20,2.369,NaN,NaN,17.5
2007,6,21,0.399,NaN,NaN,8.5
2007,6,22,0.262,NaN,NaN,3.5
2007,6,23,0.156,NaN,NaN,0.5
2007,6,24,0.125,NaN,NaN,0.5
2007,6,25,0.135,NaN,NaN,2.5
2007,6,26,0.165,NaN,NaN,1.5
2007,6,27,0.098,NaN,NaN,0
2007,6,28,0.093,NaN,NaN,0
2007,6,29,0.446,NaN,NaN,10.5
2007,6,30,0.764,NaN,NaN,10.5
2007,7,1,5.774,NaN,NaN,23
2007,7,2,0.865,NaN,NaN,3
2007,7,3,0.229,NaN,NaN,0.5
2007,7,4,0.259,NaN,NaN,10
2007,7,5,0.175,NaN,NaN,0
2007,7,6,0.595,NaN,NaN,12
2007,7,7,0.721,NaN,NaN,11.5
2007,7,8,0.595,NaN,NaN,1.5
2007,7,9,0.243,NaN,NaN,1
2007,7,10,54.312,NaN,NaN,174
2007,7,11,28.565,NaN,NaN,37.5
2007,7,12,8.572,NaN,NaN,7
2007,7,13,1.986,NaN,NaN,2.5
2007,7,14,1.309,NaN,NaN,3.5
2007,7,15,9.397,NaN,NaN,50.5
2007,7,16,37.653,NaN,NaN,30.5
2007,7,17,2.577,NaN,NaN,3
2007,7,18,1.412,NaN,NaN,0.5
2007,7,19,1.005,NaN,NaN,0
2007,7,20,0.948,NaN,NaN,1.5
2007,7,21,0.781,NaN,NaN,5
2007,7,22,0.805,NaN,NaN,0.5
2007,7,23,0.435,NaN,NaN,0
2007,7,24,0.377,NaN,NaN,0
2007,7,25,0.336,NaN,NaN,0
2007,7,26,0.325,NaN,NaN,0
2007,7,27,0.28,NaN,NaN,0
2007,7,28,0.248,NaN,NaN,0
2007,7,29,10.771,NaN,NaN,44
2007,7,30,1.379,NaN,NaN,4.5
2007,7,31,0.69,NaN,NaN,3
2007,8,1,0.564,NaN,NaN,3
2007,8,2,0.39,NaN,NaN,1.5
2007,8,3,0.537,NaN,NaN,4.5
2007,8,4,0.359,NaN,NaN,2.5
2007,8,5,0.328,NaN,NaN,0.5
2007,8,6,0.557,NaN,NaN,2
2007,8,7,0.88,NaN,NaN,7.5
2007,8,8,2.653,NaN,NaN,9
2007,8,9,0.549,NaN,NaN,0
2007,8,10,0.421,NaN,NaN,1
2007,8,11,0.29,NaN,NaN,0
2007,8,12,0.288,NaN,NaN,0.5
2007,8,13,0.28,NaN,NaN,4
2007,8,14,0.234,NaN,NaN,0
2007,8,15,0.238,NaN,NaN,2
2007,8,16,31.552,NaN,NaN,93.5
2007,8,17,21.663,NaN,NaN,0
2007,8,18,1.352,NaN,NaN,0.5
2007,8,19,0.77,NaN,NaN,0.5
2007,8,20,0.733,NaN,NaN,0.5
2007,8,21,0.451,NaN,NaN,0
2007,8,22,0.366,NaN,NaN,0
2007,8,23,0.327,NaN,NaN,0
2007,8,24,0.291,NaN,NaN,0
2007,8,25,0.263,NaN,NaN,0
2007,8,26,0.69,NaN,NaN,8.5
2007,8,27,1.589,NaN,NaN,14
2007,8,28,11.776,NaN,NaN,19.5
2007,8,29,0.789,NaN,NaN,0.5
2007,8,30,0.399,NaN,NaN,0
2007,8,31,0.303,NaN,NaN,0
2007,9,1,0.26,NaN,NaN,0
2007,9,2,0.243,NaN,NaN,0
2007,9,3,0.22,NaN,NaN,0
2007,9,4,0.214,NaN,NaN,0
2007,9,5,0.577,NaN,NaN,9
2007,9,6,1.486,NaN,NaN,3.5
2007,9,7,1.269,NaN,NaN,8.5
2007,9,8,0.897,NaN,NaN,1
2007,9,9,14.469,NaN,NaN,56.5
2007,9,10,14.091,NaN,NaN,2.5
2007,9,11,1.317,NaN,NaN,1.5
2007,9,12,0.676,NaN,NaN,0
2007,9,13,0.48,NaN,NaN,0
2007,9,14,0.481,NaN,NaN,3
2007,9,15,0.634,NaN,NaN,3.5
2007,9,16,1.124,NaN,NaN,8
2007,9,17,0.457,NaN,NaN,0
2007,9,18,0.332,NaN,NaN,0
2007,9,19,0.758,NaN,NaN,6
2007,9,20,16.067,NaN,NaN,44.4
2007,9,21,10.308,NaN,NaN,17
2007,9,22,3.229,NaN,NaN,11
2007,9,23,1.704,NaN,NaN,4.5
2007,9,24,1.04,NaN,NaN,1
2007,9,25,0.834,NaN,NaN,1
2007,9,26,0.644,NaN,NaN,0.5
2007,9,27,0.513,NaN,NaN,0
2007,9,28,0.434,NaN,NaN,0
2007,9,29,0.399,NaN,NaN,0
2007,9,30,1.129,NaN,NaN,6.5
2007,10,1,1.068,NaN,NaN,9.5
2007,10,2,1.364,NaN,NaN,6
2007,10,3,0.589,NaN,NaN,4
2007,10,4,0.358,NaN,NaN,0
2007,10,5,0.539,NaN,NaN,3.5
2007,10,6,0.283,NaN,NaN,0
2007,10,7,0.259,NaN,NaN,0
2007,10,8,0.261,NaN,NaN,0
2007,10,9,0.239,NaN,NaN,0
2007,10,10,0.541,NaN,NaN,3.5
2007,10,11,0.301,NaN,NaN,0.5
2007,10,12,0.209,NaN,NaN,0
2007,10,13,1.128,NaN,NaN,9.5
2007,10,14,0.513,NaN,NaN,1.5
2007,10,15,0.201,NaN,NaN,0.5
2007,10,16,0.191,NaN,NaN,0
2007,10,17,0.17,NaN,NaN,0.5
2007,10,18,0.796,NaN,NaN,12.5
2007,10,19,0.216,NaN,NaN,0
2007,10,20,0.154,NaN,NaN,0
2007,10,21,0.15,NaN,NaN,0
2007,10,22,0.145,NaN,NaN,0
2007,10,23,0.146,NaN,NaN,0
2007,10,24,0.161,NaN,NaN,0
2007,10,25,0.201,NaN,NaN,0
2007,10,26,0.157,NaN,NaN,0
2007,10,27,0.148,NaN,NaN,0
2007,10,28,0.421,NaN,NaN,11.5
2007,10,29,0.152,NaN,NaN,0
2007,10,30,0.146,NaN,NaN,0
2007,10,31,0.144,NaN,NaN,0
2007,11,1,0.145,NaN,NaN,0
2007,11,2,0.138,NaN,NaN,0
2007,11,3,0.142,NaN,NaN,0
2007,11,4,0.226,NaN,NaN,3.5
2007,11,5,0.278,NaN,NaN,4
2007,11,6,1.359,NaN,NaN,18
2007,11,7,1.679,NaN,NaN,22
2007,11,8,0.249,NaN,NaN,0
2007,11,9,0.163,NaN,NaN,0
2007,11,10,0.15,NaN,NaN,0
2007,11,11,0.145,NaN,NaN,0
2007,11,12,0.214,NaN,NaN,0.5
2007,11,13,0.138,NaN,NaN,0
2007,11,14,0.409,NaN,NaN,4.5
2007,11,15,0.146,NaN,NaN,0
2007,11,16,0.125,NaN,NaN,0
2007,11,17,0.128,NaN,NaN,0
2007,11,18,0.131,NaN,NaN,0
2007,11,19,0.114,NaN,NaN,0
2007,11,20,0.098,NaN,NaN,0
2007,11,21,0.099,NaN,NaN,0
2007,11,22,0.095,NaN,NaN,0
2007,11,23,0.11,NaN,NaN,1.5
2007,11,24,3.595,NaN,NaN,40
2007,11,25,0.42,NaN,NaN,0
2007,11,26,0.173,NaN,NaN,0
2007,11,27,0.148,NaN,NaN,0
2007,11,28,0.131,NaN,NaN,0
2007,11,29,0.358,NaN,NaN,4.5
2007,11,30,0.141,NaN,NaN,0
2007,12,1,0.523,NaN,NaN,3
2007,12,2,0.221,NaN,NaN,2
2007,12,3,0.131,NaN,NaN,0
2007,12,4,0.124,NaN,NaN,0
2007,12,5,0.414,NaN,NaN,7
2007,12,6,1.509,NaN,NaN,29.5
2007,12,7,4.528,NaN,NaN,36
2007,12,8,2.275,NaN,NaN,7
2007,12,9,8.364,NaN,NaN,41.5
2007,12,10,4.699,NaN,NaN,15
2007,12,11,2.746,NaN,NaN,3
2007,12,12,1.183,NaN,NaN,3.5
2007,12,13,0.757,NaN,NaN,1
2007,12,14,0.586,NaN,NaN,0.5
2007,12,15,0.447,NaN,NaN,0
2007,12,16,0.372,NaN,NaN,0
2007,12,17,0.34,NaN,NaN,0
2007,12,18,0.313,NaN,NaN,1
2007,12,19,1.295,NaN,NaN,10
2007,12,20,0.344,NaN,NaN,0
2007,12,21,0.355,NaN,NaN,3.5
2007,12,22,0.277,NaN,NaN,0
2007,12,23,0.286,NaN,NaN,0.5
2007,12,24,0.244,NaN,NaN,0
2007,12,25,0.383,NaN,NaN,3
2007,12,26,0.324,NaN,NaN,0.5
2007,12,27,0.209,NaN,NaN,0
2007,12,28,0.177,NaN,NaN,0
2007,12,29,0.174,NaN,NaN,0
2007,12,30,0.173,NaN,NaN,0
2007,12,31,0.158,NaN,NaN,0
2008,1,1,0.16,NaN,NaN,0
2008,1,2,0.154,NaN,NaN,0
2008,1,3,0.147,NaN,NaN,0
2008,1,4,0.141,NaN,NaN,0
2008,1,5,0.146,NaN,NaN,0
2008,1,6,0.14,NaN,NaN,0
2008,1,7,0.142,NaN,NaN,0
2008,1,8,0.997,NaN,NaN,18.5
2008,1,9,0.976,NaN,NaN,12.5
2008,1,10,0.247,NaN,NaN,1.5
2008,1,11,0.171,NaN,NaN,0
2008,1,12,0.139,NaN,NaN,0
2008,1,13,0.124,NaN,NaN,0
2008,1,14,0.112,NaN,NaN,0
2008,1,15,0.114,NaN,NaN,0
2008,1,16,0.116,NaN,NaN,0
2008,1,17,0.113,NaN,NaN,0
2008,1,18,0.108,NaN,NaN,0
2008,1,19,0.142,NaN,NaN,0
2008,1,20,0.198,NaN,NaN,3.5
2008,1,21,4.087,NaN,NaN,42.5
2008,1,22,0.399,NaN,NaN,1
2008,1,23,0.234,NaN,NaN,0.5
2008,1,24,0.17,NaN,NaN,0
2008,1,25,0.142,NaN,NaN,0
2008,1,26,0.133,NaN,NaN,0
2008,1,27,0.122,NaN,NaN,0
2008,1,28,0.117,NaN,NaN,0
2008,1,29,0.115,NaN,NaN,0
2008,1,30,0.115,NaN,NaN,0
2008,1,31,0.109,NaN,NaN,0
2008,2,1,0.108,NaN,NaN,0
2008,2,2,0.109,NaN,NaN,0
2008,2,3,0.106,NaN,NaN,0
2008,2,4,0.107,NaN,NaN,0
2008,2,5,0.103,NaN,NaN,0
2008,2,6,0.098,NaN,NaN,0
2008,2,7,0.098,NaN,NaN,0
2008,2,8,0.096,NaN,NaN,0
2008,2,9,0.093,NaN,NaN,0
2008,2,10,0.452,NaN,NaN,15
2008,2,11,0.229,NaN,NaN,0
2008,2,12,0.118,NaN,NaN,0
2008,2,13,0.091,NaN,NaN,0
2008,2,14,0.867,NaN,NaN,22
2008,2,15,0.162,NaN,NaN,0.5
2008,2,16,0.118,NaN,NaN,1
2008,2,17,0.097,NaN,NaN,0
2008,2,18,0.103,NaN,NaN,0
2008,2,19,0.111,NaN,NaN,1
2008,2,20,0.092,NaN,NaN,0
2008,2,21,0.126,NaN,NaN,1
2008,2,22,1.221,NaN,NaN,31
2008,2,23,8.564,NaN,NaN,69.5
2008,2,24,1.087,NaN,NaN,6.5
2008,2,25,0.351,NaN,NaN,0
2008,2,26,0.231,NaN,NaN,0
2008,2,27,0.186,NaN,NaN,0
2008,2,28,0.17,NaN,NaN,0
2008,2,29,0.16,NaN,NaN,0
2008,3,1,1.281,NaN,NaN,19
2008,3,2,0.666,NaN,NaN,7
2008,3,3,0.408,NaN,NaN,6.5
2008,3,4,1.852,NaN,NaN,34
2008,3,5,2.415,NaN,NaN,0
2008,3,6,0.509,NaN,NaN,0
2008,3,7,0.304,NaN,NaN,0.5
2008,3,8,0.239,NaN,NaN,0
2008,3,9,0.199,NaN,NaN,0
2008,3,10,0.181,NaN,NaN,0
2008,3,11,0.169,NaN,NaN,0
2008,3,12,0.166,NaN,NaN,0
2008,3,13,0.158,NaN,NaN,0
2008,3,14,0.176,NaN,NaN,2.5
2008,3,15,0.153,NaN,NaN,1
2008,3,16,0.144,NaN,NaN,0
2008,3,17,0.146,NaN,NaN,0
2008,3,18,0.144,NaN,NaN,0
2008,3,19,0.137,NaN,NaN,0
2008,3,20,0.139,NaN,NaN,0
2008,3,21,0.137,NaN,NaN,0
2008,3,22,0.139,NaN,NaN,0
2008,3,23,0.18,NaN,NaN,3.5
2008,3,24,0.437,NaN,NaN,1.5
2008,3,25,0.277,NaN,NaN,3.5
2008,3,26,0.288,NaN,NaN,1
2008,3,27,0.163,NaN,NaN,0.5
2008,3,28,0.129,NaN,NaN,0
2008,3,29,0.125,NaN,NaN,0
2008,3,30,0.125,NaN,NaN,0
2008,3,31,0.165,NaN,NaN,3
2008,4,1,0.178,NaN,NaN,1.5
2008,4,2,0.125,NaN,NaN,0
2008,4,3,0.145,NaN,NaN,0
2008,4,4,0.123,NaN,NaN,0
2008,4,5,0.118,NaN,NaN,0
2008,4,6,0.154,NaN,NaN,0
2008,4,7,0.118,NaN,NaN,0
2008,4,8,0.118,NaN,NaN,0
2008,4,9,0.115,NaN,NaN,0
2008,4,10,0.111,NaN,NaN,0
2008,4,11,0.112,NaN,NaN,0
2008,4,12,0.138,NaN,NaN,2
2008,4,13,0.27,NaN,NaN,10
2008,4,14,2.627,NaN,NaN,31.5
2008,4,15,1.561,NaN,NaN,19
2008,4,16,0.426,NaN,NaN,7.5
2008,4,17,0.903,NaN,NaN,3
2008,4,18,0.282,NaN,NaN,0
2008,4,19,0.189,NaN,NaN,0
2008,4,20,0.156,NaN,NaN,0
2008,4,21,0.158,NaN,NaN,0.5
2008,4,22,0.14,NaN,NaN,0.5
2008,4,23,0.144,NaN,NaN,0
2008,4,24,0.132,NaN,NaN,0
2008,4,25,0.125,NaN,NaN,0
2008,4,26,0.384,NaN,NaN,9.5
2008,4,27,0.261,NaN,NaN,2.5
2008,4,28,0.418,NaN,NaN,4.5
2008,4,29,24.755,NaN,NaN,85.5
2008,4,30,9.999,NaN,NaN,0.5
2008,5,1,0.873,NaN,NaN,0.5
2008,5,2,0.485,NaN,NaN,0.5
2008,5,3,0.388,NaN,NaN,1.5
2008,5,4,1.198,NaN,NaN,15.5
2008,5,5,3.059,NaN,NaN,5.5
2008,5,6,0.632,NaN,NaN,0.5
2008,5,7,0.4,NaN,NaN,0
2008,5,8,0.322,NaN,NaN,0
2008,5,9,2.293,NaN,NaN,25
2008,5,10,0.613,NaN,NaN,0
2008,5,11,0.39,NaN,NaN,0.5
2008,5,12,0.331,NaN,NaN,0
2008,5,13,0.278,NaN,NaN,0
2008,5,14,0.242,NaN,NaN,0
2008,5,15,0.235,NaN,NaN,0
2008,5,16,0.223,NaN,NaN,0
2008,5,17,0.215,NaN,NaN,0
2008,5,18,0.201,NaN,NaN,0
2008,5,19,0.192,NaN,NaN,0
2008,5,20,0.22,NaN,NaN,1.5
2008,5,21,0.227,NaN,NaN,4
2008,5,22,0.318,NaN,NaN,8
2008,5,23,0.38,NaN,NaN,2.5
2008,5,24,0.949,NaN,NaN,10
2008,5,25,0.411,NaN,NaN,3
2008,5,26,0.668,NaN,NaN,12
2008,5,27,25.982,NaN,NaN,75.5
2008,5,28,2.274,NaN,NaN,0
2008,5,29,0.711,NaN,NaN,0
2008,5,30,0.477,NaN,NaN,0.5
2008,5,31,0.589,NaN,NaN,0.5
2008,6,1,0.393,NaN,NaN,0
2008,6,2,0.349,NaN,NaN,1
2008,6,3,0.327,NaN,NaN,0.5
2008,6,4,0.369,NaN,NaN,1.5
2008,6,5,0.277,NaN,NaN,0
2008,6,6,0.243,NaN,NaN,0
2008,6,7,0.237,NaN,NaN,0
2008,6,8,0.697,NaN,NaN,7
2008,6,9,0.264,NaN,NaN,0
2008,6,10,0.225,NaN,NaN,0
2008,6,11,0.207,NaN,NaN,0
2008,6,12,0.204,NaN,NaN,0
2008,6,13,0.197,NaN,NaN,0
2008,6,14,0.242,NaN,NaN,0.5
2008,6,15,0.278,NaN,NaN,1.5
2008,6,16,5.13,NaN,NaN,36.5
2008,6,17,1.167,NaN,NaN,0.5
2008,6,18,1.038,NaN,NaN,7
2008,6,19,0.548,NaN,NaN,1
2008,6,20,0.546,NaN,NaN,6
2008,6,21,0.477,NaN,NaN,7.5
2008,6,22,10.991,NaN,NaN,36.5
2008,6,23,1.553,NaN,NaN,5
2008,6,24,1.298,NaN,NaN,10
2008,6,25,0.879,NaN,NaN,12.5
2008,6,26,1.956,NaN,NaN,6
2008,6,27,0.909,NaN,NaN,7
2008,6,28,1.264,NaN,NaN,7.5
2008,6,29,1.082,NaN,NaN,8
2008,6,30,0.72,NaN,NaN,0
2008,7,1,0.516,NaN,NaN,0
2008,7,2,0.444,NaN,NaN,0
2008,7,3,0.497,NaN,NaN,0
2008,7,4,0.582,NaN,NaN,2.5
2008,7,5,0.851,NaN,NaN,8.5
2008,7,6,0.633,NaN,NaN,1.5
2008,7,7,1.321,NaN,NaN,4.5
2008,7,8,1.342,NaN,NaN,0
2008,7,9,1.007,NaN,NaN,0
2008,7,10,0.991,NaN,NaN,0
2008,7,11,0.258,NaN,NaN,0.5
2008,7,12,1.787,NaN,NaN,15.5
2008,7,13,0.786,NaN,NaN,0
2008,7,14,0.281,NaN,NaN,0
2008,7,15,0.255,NaN,NaN,0
2008,7,16,0.515,NaN,NaN,6.5
2008,7,17,1.179,NaN,NaN,7
2008,7,18,0.34,NaN,NaN,0.5
2008,7,19,1.153,NaN,NaN,20
2008,7,20,1.325,NaN,NaN,7.5
2008,7,21,0.404,NaN,NaN,0.5
2008,7,22,1.696,NaN,NaN,12
2008,7,23,0.915,NaN,NaN,6
2008,7,24,0.619,NaN,NaN,2
2008,7,25,0.816,NaN,NaN,0
2008,7,26,52.129,NaN,NaN,105.5
2008,7,27,NaN,NaN,NaN,8.5
2008,7,28,1.293,NaN,NaN,0
2008,7,29,8.651,NaN,NaN,40.5
2008,7,30,24.607,NaN,NaN,39.5
2008,7,31,3.007,NaN,NaN,1
2008,8,1,1.453,NaN,NaN,2.5
2008,8,2,7.295,NaN,NaN,16.5
2008,8,3,2.044,NaN,NaN,3.5
2008,8,4,1.025,NaN,NaN,0.5
2008,8,5,0.823,NaN,NaN,1
2008,8,6,0.722,NaN,NaN,0
2008,8,7,0.644,NaN,NaN,1
2008,8,8,0.767,NaN,NaN,4
2008,8,9,1.551,NaN,NaN,10
2008,8,10,0.689,NaN,NaN,0
2008,8,11,0.503,NaN,NaN,0
2008,8,12,1.034,NaN,NaN,15
2008,8,13,0.727,NaN,NaN,1.5
2008,8,14,0.778,NaN,NaN,5
2008,8,15,3.372,NaN,NaN,26
2008,8,16,1.66,NaN,NaN,6
2008,8,17,0.868,NaN,NaN,4.5
2008,8,18,0.969,NaN,NaN,8.5
2008,8,19,0.618,NaN,NaN,3
2008,8,20,0.557,NaN,NaN,1.5
2008,8,21,0.495,NaN,NaN,0
2008,8,22,0.409,NaN,NaN,0
2008,8,23,0.723,NaN,NaN,5.5
2008,8,24,14.797,NaN,NaN,41
2008,8,25,1.491,NaN,NaN,0.5
2008,8,26,0.91,NaN,NaN,4
2008,8,27,0.666,NaN,NaN,0.5
2008,8,28,0.53,NaN,NaN,0
2008,8,29,0.46,NaN,NaN,0
2008,8,30,0.965,NaN,NaN,4
2008,8,31,0.533,NaN,NaN,0.5
2008,9,1,0.507,NaN,NaN,1.5
2008,9,2,0.746,NaN,NaN,2
2008,9,3,0.652,NaN,NaN,6
2008,9,4,0.514,NaN,NaN,1.5
2008,9,5,0.395,NaN,NaN,0
2008,9,6,0.361,NaN,NaN,0
2008,9,7,0.344,NaN,NaN,0
2008,9,8,1.296,NaN,NaN,19.5
2008,9,9,1.275,NaN,NaN,6
2008,9,10,0.601,NaN,NaN,1.5
2008,9,11,0.424,NaN,NaN,0
2008,9,12,0.35,NaN,NaN,0
2008,9,13,0.323,NaN,NaN,0
2008,9,14,0.301,NaN,NaN,0
2008,9,15,0.296,NaN,NaN,0
2008,9,16,0.281,NaN,NaN,0
2008,9,17,0.425,NaN,NaN,2.5
2008,9,18,0.391,NaN,NaN,3
2008,9,19,0.261,NaN,NaN,0
2008,9,20,0.238,NaN,NaN,0
2008,9,21,0.231,NaN,NaN,0
2008,9,22,0.217,NaN,NaN,0
2008,9,23,0.213,NaN,NaN,0
2008,9,24,0.21,NaN,NaN,0
2008,9,25,0.194,NaN,NaN,0
2008,9,26,0.186,NaN,NaN,0
2008,9,27,0.184,NaN,NaN,0
2008,9,28,0.184,NaN,NaN,0.5
2008,9,29,0.177,NaN,NaN,0.5
2008,9,30,1.798,NaN,NaN,17
2008,10,1,0.221,NaN,NaN,1
2008,10,2,0.346,NaN,NaN,2
2008,10,3,0.184,NaN,NaN,0
2008,10,4,0.181,NaN,NaN,0
2008,10,5,0.173,NaN,NaN,0
2008,10,6,0.168,NaN,NaN,0
2008,10,7,1.014,NaN,NaN,18.5
2008,10,8,0.84,NaN,NaN,0
2008,10,9,0.225,NaN,NaN,3
2008,10,10,0.171,NaN,NaN,0
2008,10,11,0.157,NaN,NaN,0
2008,10,12,0.16,NaN,NaN,0
2008,10,13,0.194,NaN,NaN,2.5
2008,10,14,0.617,NaN,NaN,2
2008,10,15,0.168,NaN,NaN,0
2008,10,16,0.195,NaN,NaN,1.5
2008,10,17,0.955,NaN,NaN,12
2008,10,18,0.177,NaN,NaN,0
2008,10,19,0.167,NaN,NaN,0
2008,10,20,0.172,NaN,NaN,0
2008,10,21,0.152,NaN,NaN,0
2008,10,22,0.154,-0.0766260201420488,1.17475510820014,0
2008,10,23,0.174,-0.0624047854331675,1.12889634185404,0
2008,10,24,0.795,0.0197562644421325,1.11755804214114,16.5
2008,10,25,2.345,0.1318793499742,1.13018982963189,3.5
2008,10,26,0.316,0.0660305641977543,1.1520866768333,5
2008,10,27,0.141,-0.0296660968796407,1.16927703120878,0
2008,10,28,0.137,-0.0691259833682369,1.17216572455161,0
2008,10,29,0.15,-0.0852895294427483,1.20092608066181,0
2008,10,30,0.133,-0.0846121141702261,1.22051815109021,0
2008,10,31,0.127,-0.062295017610289,1.20917437836678,0
2008,11,1,0.12,-0.0560454353362584,1.17214663302334,0
2008,11,2,0.155,0.0107646574971407,1.11807114423112,2.5
2008,11,3,0.175,0.016412876654198,1.05483231102115,1.5
2008,11,4,0.143,0.0300172048089624,0.988982008908149,1
2008,11,5,0.954,0.0382046477096299,0.928685730589665,13
2008,11,6,0.211,-0.0178093249962356,0.885218383646734,0.5
2008,11,7,0.189,-0.0118301014858625,0.871944426037261,0.5
2008,11,8,0.134,0.0123676520653251,0.896862390271875,0.5
2008,11,9,0.117,0.0268506527264039,0.957937106193906,0
2008,11,10,0.12,-0.0177026425946392,1.04477744517391,0
2008,11,11,0.125,-0.0187482721926464,1.14299022963099,0
2008,11,12,0.116,-0.00532372630002942,1.23727090248174,0
2008,11,13,0.24,-0.0168237098503796,1.31233949612738,4.5
2008,11,14,0.128,-0.0215002729159772,1.41349596597501,0
2008,11,15,0.113,-0.0207261428719874,1.49256528107989,0
2008,11,16,0.112,0.0309303504477578,1.51879777507451,0
2008,11,17,0.108,0.0291610921732717,1.49423919041722,0
2008,11,18,0.108,-0.022548187125337,1.42968019855118,0
2008,11,19,0.099,0.00511429733421775,1.34460523404598,0
2008,11,20,0.101,-0.0238063704574567,1.25824795691186,0
2008,11,21,0.107,-0.0111005458943376,1.18384405615898,0
2008,11,22,0.106,-0.0012678437607504,1.12733931412223,0
2008,11,23,0.232,0.0449238811396965,1.08929268269686,3.5
2008,11,24,1.317,0.0170549463036618,1.06654537771552,26
2008,11,25,2.375,-0.00386971802639424,1.05402832621719,4
2008,11,26,0.227,0.0355423264475974,1.08742533570594,2.5
2008,11,27,0.149,0.0464421401492734,1.1298520730886,0
2008,11,28,0.181,0.0997995253384305,1.15423141396164,2.5
2008,11,29,0.129,0.107004854419385,1.15984857986439,0
2008,11,30,0.123,0.113005624254992,1.14985244308065,0
2008,12,1,0.274,0.134888786885522,1.12831657365643,3
2008,12,2,0.125,0.00746153960765339,1.09955010025242,0
2008,12,3,0.118,-0.0384264684531159,1.0673197430818,0
2008,12,4,0.131,-0.0274305152252203,1.03582367853666,0.5
2008,12,5,1.19,-0.00867316576771682,1.01177959247917,20.5
2008,12,6,0.14,0.0222159440403802,1.00205340548275,0
2008,12,7,0.124,0.0476577476203968,1.01124057754608,0
2008,12,8,0.162,0.111266737495209,1.03971169880431,3
2008,12,9,0.343,0.184752874200995,1.08566851891134,5
2008,12,10,0.118,0.0909431989116967,1.14628417107083,0
2008,12,11,0.115,0.0664211285130352,1.21631382975206,0
2008,12,12,0.116,0.10206643370827,1.30909853122338,0
2008,12,13,0.109,0.117266147382175,1.43477033729166,0
2008,12,14,0.168,0.14348325320664,1.52648827667794,3
2008,12,15,0.121,0.135754466398897,1.57202697644589,1
2008,12,16,0.307,0.144781867228407,1.56759601567852,0
2008,12,17,0.101,0.00875789359843537,1.5171944569805,0
2008,12,18,0.097,0.0311674508709259,1.43325264694176,0
2008,12,19,0.099,-0.0342502573845438,1.33048329672906,0
2008,12,20,0.153,-0.0298449804218575,1.22356741307947,1.5
2008,12,21,0.123,0.00612229760567962,1.12493255876923,0
2008,12,22,0.094,0.0123630142934075,1.04434272952035,0
2008,12,23,4.664,0.254887308085265,0.987345707872675,58
2008,12,24,2.583,0.122928740891371,0.975524436135064,11.5
2008,12,25,0.194,-0.0361332618456632,1.01088375466818,0
2008,12,26,0.122,-0.0278671447482182,1.05200842558451,0
2008,12,27,0.116,-0.052728693314653,1.09170382039594,0
2008,12,28,0.096,0.0229993936371058,1.12545601845659,0
2008,12,29,0.611,0.191244491634073,1.15104501077454,17.5
2008,12,30,0.182,0.0488536810153399,1.16814154140771,0
2008,12,31,0.172,0.0444557381086483,1.17615337798136,0.5
2009,1,1,0.136,-0.0035357954722548,1.17509535146694,0
2009,1,2,0.108,-0.0698729187122396,1.16614237940373,0
2009,1,3,0.095,-0.044892224449457,1.15231422177697,0
2009,1,4,0.096,-0.0146636195104666,1.13703952153893,0
2009,1,5,0.092,-0.023744061278099,1.12408222977601,0
2009,1,6,0.088,0.00279208283189802,1.11599292544698,0
2009,1,7,0.089,-0.010587585097561,1.118976422161,0
2009,1,8,0.091,0.00103188417538114,1.14163417598188,0
2009,1,9,0.078,0.0601242312809904,1.19110782355325,0
2009,1,10,0.113,0.103391309607972,1.30643965303153,2.5
2009,1,11,0.256,0.125626130564202,1.43437416474562,3.5
2009,1,12,0.168,0.11092723051503,1.54020379457376,3.5
2009,1,13,0.159,0.120907728309944,1.60248532509964,0
2009,1,14,0.727,0.118033182336638,1.60999469421196,3
2009,1,15,0.247,0.084881973589463,1.56318248694033,0
2009,1,16,0.092,0.0607444404611717,1.47205678696306,0
2009,1,17,0.09,0.0619222110361786,1.35404068976342,0
2009,1,18,0.251,0.0423192013946956,1.22650054763308,4.5
2009,1,19,0.081,-0.02319361170724,1.10433307239595,0
2009,1,20,0.084,-0.0629431381874932,0.999545358744251,0
2009,1,21,0.079,-0.106315118426308,0.927397799835477,0
2009,1,22,0.075,-0.110468297999415,0.915561402536297,0
2009,1,23,0.075,-0.0861568317935865,0.938413892820389,0
2009,1,24,0.076,-0.0460585709323433,0.986077525201918,0
2009,1,25,0.074,-0.0476049189513021,1.0470155360767,0
2009,1,26,0.074,-0.0323721063936218,1.11213475073451,0
2009,1,27,0.069,-0.0201164845826489,1.17352852426122,0
2009,1,28,0.069,0.00455568734949008,1.22563345581821,0
2009,1,29,0.07,-0.0557474714644759,1.26300092862186,0
2009,1,30,0.065,-0.0582248292611758,1.28224833310625,0
2009,1,31,0.065,-0.0562196498138607,1.28159676194571,0
2009,2,1,0.068,-0.0299637603675442,1.2636203319044,0
2009,2,2,0.064,0.0043445921807721,1.23250423352378,0
2009,2,3,0.062,0.0210192484126945,1.19322611107581,0
2009,2,4,0.064,0.00777094188017902,1.15327196120785,0
2009,2,5,0.077,0.00623578752868514,1.12363900556599,0
2009,2,6,0.083,0.045298427952198,1.12177380705458,0.5
2009,2,7,0.063,0.0731889934073593,1.18714095042127,0
2009,2,8,0.064,0.0331384639335155,1.30119160361136,0
2009,2,9,0.058,0.0123194447210064,1.42618954853341,0
2009,2,10,0.413,0.0373484948932001,1.5304736067348,10.5
2009,2,11,0.087,0.028431460490455,1.58869531619603,0.5
2009,2,12,0.068,0.0351237267030888,1.58900654915778,0
2009,2,13,0.108,0.0283688261630162,1.53445953895603,3
2009,2,14,1.171,0.0930436428569206,1.43836174085083,25
2009,2,15,0.348,0.101881759554839,1.3179565184151,0
2009,2,16,0.319,0.0502725494091516,1.20683727234841,7
2009,2,17,0.271,0.0395125423087015,1.09271563834143,2.5
2009,2,18,0.068,-0.0114243349281388,0.986601906147982,0
2009,2,19,0.065,-0.0507973704604535,0.90801317151124,0.5
2009,2,20,1.297,-0.0252681485132026,0.874821082046354,26
2009,2,21,0.18,0.0130480444991091,0.890644350268666,0
2009,2,22,0.082,0.00436629295737334,0.945349404512434,0
2009,2,23,0.074,-0.0265125742098058,1.02410781790501,0
2009,2,24,0.073,-0.0304715018942041,1.11301825047203,0
2009,2,25,0.071,-0.0753022821631981,1.20072930097715,0
2009,2,26,0.07,-0.0249320816494234,1.27642296967446,0
2009,2,27,2.873,0.211708461524507,1.33011575031631,32
2009,2,28,8.381,0.133486447572013,1.35553111778463,32.5
2009,3,1,0.244,0.0898802239005698,1.35128757427227,0
2009,3,2,0.125,0.0344717811355488,1.32107257807716,0
2009,3,3,0.094,0.00982631040612536,1.27124784151485,0
2009,3,4,0.498,0.127338133827822,1.22271850712182,5
2009,3,5,32.58,0.158506435886327,1.17238859984252,116
2009,3,6,41.501,0.125800979666758,1.13819533133239,20
2009,3,7,1.077,0.0894403836131401,1.14573972806636,0
2009,3,8,0.52,0.0540401690171333,1.20535521043683,0
2009,3,9,0.349,-0.0149626835074601,1.30122588020303,1
2009,3,10,0.262,-0.0527175791259198,1.40295873616743,0
2009,3,11,0.235,-0.051139716851045,1.47984324845242,0.5
2009,3,12,0.253,-0.0516464642314021,1.51291907266951,1
2009,3,13,0.182,-0.0170514689400898,1.4958920619465,0.5
2009,3,14,0.439,0.0576187355421665,1.4349914454927,7
2009,3,15,0.404,0.050664318155927,1.3440995843393,0
2009,3,16,0.268,0.0808191350694347,1.23709474663097,3
2009,3,17,0.19,0.0540151385564518,1.21725309899972,0
2009,3,18,0.164,0.0325107781308887,1.10429550228289,0
2009,3,19,0.16,0.014910309151404,0.996777093093692,0
2009,3,20,0.145,0.0176470749380683,0.912347874722418,0
2009,3,21,0.136,0.0269680590580923,0.870401970885913,0
2009,3,22,0.142,0.0769758186965972,0.8806148617544,0
2009,3,23,0.168,0.0640395123678099,0.935787016386796,0
2009,3,24,0.128,0.022172013783069,1.02059059766402,0
2009,3,25,0.126,-0.0178075680759679,1.11979253854639,0
2009,3,26,0.121,0.0129369523880376,1.218690648864,0
2009,3,27,0.111,0.00603979248074582,1.30257768343378,0
2009,3,28,0.111,-0.0250200922958743,1.36924661195339,0
2009,3,29,0.112,-0.0473538249368848,1.40566606193637,0
2009,3,30,0.107,-0.0338176898946314,1.40379654362859,0
2009,3,31,0.103,0.00664465375401546,1.33439728530354,0
2009,4,1,0.319,0.0994554511607182,1.36688110326706,4
2009,4,2,0.105,0.0913419401482283,1.30613149071446,0.5
2009,4,3,0.092,0.0169891596763863,1.24107336459757,0
2009,4,4,0.091,0.0125436534676016,1.197783578479,0.5
2009,4,5,0.102,0.0299061735080495,1.195235222861,0
2009,4,6,0.097,0.0276941212704567,1.23247284156644,0
2009,4,7,0.124,0.0361702754157642,1.29073241110853,0
2009,4,8,0.123,0.0514209138690427,1.34685033441994,0
2009,4,9,0.239,0.00356798114966894,1.38175785792671,4.5
2009,4,10,0.094,-0.0518855151766797,1.40276080309328,0
2009,4,11,0.078,-0.101291478046559,1.3998874134796,0
2009,4,12,0.08,-0.0527366313008795,1.35851253991229,0
2009,4,13,0.082,-0.0482472245553571,1.28710825993852,0
2009,4,14,0.078,-0.0324848829322781,1.14090303196131,0
2009,4,15,0.079,-0.00454177221905749,1.19752363874843,0
2009,4,16,0.074,0.00854666592355158,1.10251765916027,0
2009,4,17,0.112,0.0614083089080132,1.01362868398984,2.5
2009,4,18,0.183,0.0599292540197358,0.943418414880119,2
2009,4,19,0.578,0.112813493357628,0.906343608204425,9.5
2009,4,20,1.791,0.202372452524111,0.912294598320023,26.5
2009,4,21,1.46,0.324220243383303,0.95886746084792,19
2009,4,22,0.173,0.116056204511259,1.03554619617537,0
2009,4,23,0.105,0.129757908030676,1.12785606296304,0.5
2009,4,24,0.283,0.125980694486383,1.24903431595,7
2009,4,25,0.657,0.170104326484535,1.36081710677461,10.5
2009,4,26,0.405,0.0496643264075036,1.44325119209643,5
2009,4,27,0.296,0.0499032087811169,1.48528205469507,2
2009,4,28,0.178,0.0257809694794879,1.48408629086841,0
2009,4,29,0.865,0.0594817494259523,1.33771451024804,8.5
2009,4,30,0.171,0.0822777752664625,1.44465878560555,0
2009,5,1,0.132,0.104145055128764,1.38222282291729,0
2009,5,2,2.423,0.23576919934476,1.31718621915527,43
2009,5,3,0.745,0.232459681940832,1.26865700308839,0
2009,5,4,0.288,0.185599008715187,1.24422883604525,0
2009,5,5,0.403,0.122917677651216,1.2396452774516,5.5
2009,5,6,0.313,0.108533102754007,1.24553078881374,2
2009,5,7,0.593,0.0794834437180238,1.25185323685555,7.5
2009,5,8,0.749,0.100724020627225,1.30355441011984,8.5
2009,5,9,0.698,0.0723620355501438,1.32835133741571,4.5
2009,5,10,0.924,0.166576102439618,1.32245743127223,11
2009,5,11,0.617,0.151199299874724,1.28897319087248,5.5
2009,5,12,1.049,0.113741023416992,1.23529687909372,11.5
2009,5,13,0.454,0.0794373192867772,1.17128803494812,0
2009,5,14,0.331,-0.00281208861141269,1.00712465594151,0.5
2009,5,15,0.243,0.00128571061744109,1.10500957028618,0
2009,5,16,0.211,-0.0336902509732704,1.0442976078131,0
2009,5,17,0.192,-0.0241022167794553,0.996754756909469,0.5
2009,5,18,0.218,0.00648246578908562,0.97114709860286,1.5
2009,5,19,0.189,0.0193345025781715,0.973739871164113,0.5
2009,5,20,0.216,0.00399219379251448,1.00529928546993,1.5
2009,5,21,0.155,0.023922970410315,1.06056313000157,1
2009,5,22,0.38,0.00832631873141354,1.14585515852106,5.5
2009,5,23,0.374,0.0160855825370874,1.27577422793493,0
2009,5,24,0.137,0.0976109696285521,1.39411683670583,0
2009,5,25,0.527,0.140372609791299,1.48449566000312,10
2009,5,26,16.625,0.316325337460553,1.53669827805165,52
2009,5,27,1.599,0.121351311795563,1.54595886292481,0.5
2009,5,28,0.647,0.00558910093468912,1.51719028502023,0
2009,5,29,0.444,-0.00544817538692732,1.31163336031348,0
2009,5,30,0.372,0.0303431167231996,1.46094550845957,0.5
2009,5,31,0.751,0.104920173892245,1.39147515311266,3
2009,6,1,0.385,0.0809829728706501,1.3206215437949,0
2009,6,2,0.264,-0.0618685899265978,1.25580817813629,0
2009,6,3,0.277,-0.0811871998858296,1.20118241873214,0
2009,6,4,0.276,-0.0821771965592921,1.15894913350437,0
2009,6,5,0.27,-0.0846131097192739,1.17873771672737,0
2009,6,6,0.252,-0.036287990653292,1.21275857593434,0.5
2009,6,7,0.244,-0.00234952711189762,1.23212176126158,0
2009,6,8,0.923,0.100527586592494,1.23433428285192,19.5
2009,6,9,8.185,0.173689073353678,1.22040180678707,44
2009,6,10,3.86,0.087516487374091,1.19454635262294,1
2009,6,11,0.935,0.0377141718083511,1.16204614955618,5
2009,6,12,5.36,0.095369177641573,1.12699586733409,21.5
2009,6,13,2.647,0.0789431201063491,0.975031268793857,1
2009,6,14,1.171,0.082119273541261,1.09316682404845,2.5
2009,6,15,0.799,-0.0411436733276975,1.06389601384848,1.5
2009,6,16,0.559,-0.0146862974919695,1.04432880760652,0
2009,6,17,0.485,0.00107217670217441,1.03861079510444,0
2009,6,18,0.462,-0.0373688117471653,1.04867024969934,1
2009,6,19,0.364,-0.0102722961969808,1.07525085183276,0
2009,6,20,0.329,-0.0214273158329876,1.15169902377551,0
2009,6,21,0.298,-0.0156678833828654,1.27622379264514,0
2009,6,22,0.309,0.00989700337763089,1.39793485288072,0
2009,6,23,0.423,0.00976347748612127,1.50104748975072,0
2009,6,24,0.303,0.00290342147734224,1.57067066001755,0
2009,6,25,0.259,0.00152108195966161,1.59686921119274,0
2009,6,26,1.609,0.0212800610565216,1.57685568770677,13.5
2009,6,27,0.766,0.0436441582932967,1.35509411514871,3
2009,6,28,2.077,0.218568176202374,1.51548128402123,18.5
2009,6,29,1.308,0.369575559634671,1.4240303246729,5
2009,6,30,1.017,0.350411511173825,1.31777592646376,0.5
2009,7,1,0.527,0.15504170224382,1.2106535885922,0
2009,7,2,0.555,0.0873111156473556,1.11560834927552,4
2009,7,3,0.648,0.146663736964314,1.05767099899178,0.5
2009,7,4,1.146,0.206443566901007,1.07788448310401,9.5
2009,7,5,0.741,0.140472286588351,1.10655420489604,5
2009,7,6,0.839,0.095495089295071,1.1353750331404,5.5
2009,7,7,0.444,0.0306067519145035,1.15871201368644,0
2009,7,8,0.344,0.0332580265181586,1.17353372426227,0.5
2009,7,9,0.302,0.00356390110187643,1.1796774695019,0
2009,7,10,0.271,0.0644865097434877,1.17777442014654,0
2009,7,11,26.707,0.741799454330727,1.16834353311099,76.5
2009,7,12,27.086,0.785388109094494,1.02752374924536,36.5
2009,7,13,2.738,0.306064482368277,1.15136296243374,0
2009,7,14,1.003,0.0984530149356517,1.12861234059001,0
2009,7,15,1.209,0.0921713772287152,1.10333341718136,8.5
2009,7,16,0.855,0.0606616842788248,1.08024168951496,1.5
2009,7,17,0.734,0.116005993436678,1.06437759796507,4.5
2009,7,18,1.082,0.239821734840156,1.06150210043832,13.5
2009,7,19,0.726,0.0342331169048571,1.13613141185883,1
2009,7,20,0.533,-0.00284280867420583,1.25436337382998,0
2009,7,21,0.448,-0.0298186079586946,1.38425253157516,0
2009,7,22,0.768,0.0310015567247521,1.50284737875282,3.5
2009,7,23,0.433,0.0631668350895889,1.58698606859172,0
2009,7,24,0.529,0.102552002665222,1.61803515416282,5.5
2009,7,25,0.388,0.0790017431734644,1.58993183806122,0
2009,7,26,0.332,0.0314049343978633,1.39027051697535,0
2009,7,27,0.308,0.0709541833774456,1.50896371563881,0
2009,7,28,0.285,0.0756567128933296,1.39033620299959,0
2009,7,29,0.346,0.101846581716434,1.25451387124262,0.5
2009,7,30,0.362,0.0207060088550479,1.12063851492789,0.5
2009,7,31,0.302,-0.052005319270787,1.00406929509862,0
2009,8,1,0.415,-0.0220996368710953,0.955313760702093,4
2009,8,2,0.287,-0.0205646932851853,0.967773707400517,0.5
2009,8,3,0.252,-0.0679461780099866,1.00474860485298,0
2009,8,4,0.217,-0.0412227619555099,1.0533225587804,0
2009,8,5,0.213,-0.0309587563167785,1.10356315940274,0
2009,8,6,0.193,-0.0647576983762064,1.14826077285975,0
2009,8,7,0.191,-0.0394850252803025,1.18321117737875,0
2009,8,8,0.184,-0.00815579440419389,1.20540716334525,0
2009,8,9,0.173,0.00220374052225103,1.2114352627581,0
2009,8,10,0.167,-0.00217549670110495,1.19945893516863,0
2009,8,11,0.172,-0.0864862828768413,1.09556386502319,0
2009,8,12,0.167,-0.0830569027625075,1.17064332514384,1
2009,8,13,0.205,-0.0252680464895529,1.13061850919758,2
2009,8,14,3.073,0.0924172420677156,1.0861244416199,35.5
2009,8,15,0.826,0.110515719805091,1.04563779205151,1
2009,8,16,0.435,0.12925106088602,1.03805402027171,3
2009,8,17,0.354,0.131888769634176,1.11298390801765,1.5
2009,8,18,0.258,0.127000502566802,1.23015339912268,0
2009,8,19,0.214,0.14694700054086,1.36517043392697,0
2009,8,20,0.213,0.225516184027009,1.48616490664654,1.5
2009,8,21,0.2,0.180937758636917,1.56358502762706,0
2009,8,22,0.177,0.0615350566337398,1.57942221885214,0
2009,8,23,0.18,0.0510567874399788,1.53164560488271,0.5
2009,8,24,0.652,0.0729836164641442,1.4319578196632,6.5
2009,8,25,0.781,-0.0514742615726069,1.32544188146929,10.5
2009,8,26,0.68,-0.0531795351913202,1.29996074322829,2
2009,8,27,0.349,-0.0324387639135122,1.15606628519696,0.5
2009,8,28,0.225,-0.0905276260449228,1.01728040113896,0
2009,8,29,0.19,-0.0449707215322639,0.89906331645106,0
2009,8,30,0.295,0.0213732469117925,0.862733078264365,4.5
2009,8,31,0.629,0.0669358458918045,0.87483769584928,3
2009,9,1,0.198,-0.0151758759224825,0.922196743491068,0
2009,9,2,0.56,-0.0153339390996658,0.988431686421018,0
2009,9,3,0.462,-0.00478888646991249,1.06086574327986,0
2009,9,4,0.161,0.098771643561876,1.12917842541879,0
2009,9,5,0.157,0.00990860796848825,1.18606774985775,0
2009,9,6,0.158,-0.0101424590498331,1.22388427361729,0
2009,9,7,0.156,-0.0392616220771138,1.23656852542487,0
2009,9,8,0.148,-0.0483063464470839,1.22242434917314,0
2009,9,9,0.142,-0.0872016133510614,1.18418842561889,0
2009,9,10,0.138,-0.111768806473891,1.15407792952301,0
2009,9,11,0.14,-0.055809892876884,1.13005499589147,0.3
2009,9,12,0.462,0.0437318044274135,1.06920102112745,14.9
2009,9,13,0.322,0.0371084931697581,1.03352430808624,0.4
2009,9,14,0.143,0.00524271477080918,1.04487370440259,0
2009,9,15,0.138,0.0589760476231052,1.11112387062105,0
2009,9,16,0.135,0.0502091874442063,1.21875359253055,0
2009,9,17,0.126,0.0595915918696257,1.33640850828932,0
2009,9,18,0.126,0.0602067297254563,1.43178749675678,0
2009,9,19,0.121,0.0830740599136119,1.48030409174688,0
2009,9,20,0.2,0.142914122427235,1.47185264623867,1.5
2009,9,21,0.31,0.181346547088793,1.41831353304219,4.8
2009,9,22,0.249,0.102501092502607,1.38329988981942,0.1
2009,9,23,0.738,0.0488220966822781,1.30338796257187,13.9
2009,9,24,8.04,0.0733944781111535,1.19221135779443,26.8
2009,9,25,0.865,0.139136950223823,1.06795993269161,4
2009,9,26,0.837,0.211003213736196,0.950093785624012,9.4
2009,9,27,0.419,0.138941892170727,0.859382717300875,0
2009,9,28,8.248,0.194152621973383,0.814917296182124,18.8
2009,9,29,2.851,0.200634059022908,0.821902497555806,11.2
2009,9,30,0.621,0.171271678792288,0.869249756958322,4.8
2009,10,1,1.14,0.120613754152052,0.941074826613274,1.6
2009,10,2,0.335,0.0717918142793086,1.02368338479858,0
2009,10,3,0.254,0.0579969343146784,1.10531607150104,0.8
2009,10,4,0.627,0.0626201018825385,1.17484731539399,6.6
2009,10,5,0.378,0.105822091137097,1.22195119989226,2.6
2009,10,6,0.242,0.0434591466337277,1.23987065727128,1.4
2009,10,7,0.196,-0.0104449845066963,1.26779291233157,0
2009,10,8,0.18,0.0518092604820315,1.26985798797823,0
2009,10,9,0.357,0.217564823398673,1.24008789013629,4.2
2009,10,10,0.213,0.20362718005407,1.18849108723296,0.6
2009,10,11,0.176,0.112536022915826,1.13204832673687,0
2009,10,12,0.158,0.0566204367744916,1.09435051402301,0
2009,10,13,0.206,0.125192325172846,1.0964457936311,2
2009,10,14,0.154,0.0928962148813888,1.14134394327802,0
2009,10,15,0.7,0.0992146404086882,1.21164604286097,13
2009,10,16,0.269,0.0577358533233847,1.2824543071579,0
2009,10,17,0.161,0.0676310637683473,1.33184949305645,1
2009,10,18,0.153,0.0385403255360994,1.34684585914767,0.6
2009,10,19,0.184,0.0463118451742006,1.35814284043689,2
2009,10,20,0.191,0.0146958471734833,1.37076562425147,1.2
2009,10,21,0.139,0.00467632459778411,1.33664350196283,0
2009,10,22,0.138,0.000382129162495026,1.26492209602057,0
2009,10,23,0.25,0.0231912835026309,1.16854516208901,1.6
2009,10,24,0.136,-0.00547255681912229,1.06294904562821,0
2009,10,25,0.131,0.0404117454427193,0.96303106309579,0.2
2009,10,26,0.141,0.0537125478613514,0.882597585720929,0.4
2009,10,27,0.722,0.0698492680559093,0.835302926658492,15.8
2009,10,28,0.143,0.0594379208421674,0.82918806013758,0
2009,10,29,0.171,0.0684413763479113,0.861095527526033,1
2009,10,30,0.123,0.0620917002642845,0.921204672487872,0
2009,10,31,0.121,0.0087259288797179,0.997838257173884,0
2009,11,1,0.118,0.0226246774875418,1.07888298657198,0
2009,11,2,0.114,0.0344485794359186,1.15224207782608,0
2009,11,3,0.117,0.0325543062491274,1.20745150595766,0
2009,11,4,0.116,-0.00257253437368909,1.29162386037851,0
2009,11,5,0.116,0.0187340472615971,1.34637889393653,0
2009,11,6,0.119,-0.0227645153412681,1.36292660311269,0.4
2009,11,7,0.105,-0.0550320339680397,1.34419797137525,0
2009,11,8,0.101,-0.0445096225943715,1.30092524371139,0
2009,11,9,0.103,0.00289325675455276,1.24941113081623,0
2009,11,10,0.47,0.0832028438798684,1.20711657963291,11
2009,11,11,0.203,0.0589567354357652,1.18438017463498,0
2009,11,12,0.108,0.0678839142304579,1.18082777307118,0
2009,11,13,0.102,0.0579377127403202,1.18882188922629,0
2009,11,14,0.1,-0.0115180260378318,1.19952501425667,0
2009,11,15,0.102,-0.0114077918013951,1.20496503587521,0.4
2009,11,16,0.141,0.00962266654179222,1.24113351608946,0.4
2009,11,17,0.096,-0.0121324843694683,1.28647139285248,0
2009,11,18,0.11,-0.000898699329298758,1.29786605742294,0.2
2009,11,19,0.094,-0.000460053057035115,1.27653979265607,0
2009,11,20,0.094,-0.000661444191902838,1.22818579480288,0
2009,11,21,0.099,-0.0197567298099089,1.16313130690559,0
2009,11,22,0.095,-0.0595832297194245,1.09149896296069,0
2009,11,23,0.098,-0.0233909034648078,1.02232162235066,0
2009,11,24,0.101,-0.0429112398335788,0.963227164827844,0
2009,11,25,0.11,0.00712205729679904,0.921586472466141,0
2009,11,26,0.092,-0.053978550737387,0.903084866276161,0
2009,11,27,0.093,-0.0341770572432899,0.910401529619705,0
2009,11,28,0.089,0.0016636678328581,0.942392997265997,0
2009,11,29,0.09,0.0208185292722447,0.994520570987745,0
2009,11,30,0.09,-0.00722252259874034,1.06034798199949,0
2009,12,1,0.09,-0.0235529725360479,1.13167714653205,0.2
2009,12,2,0.106,0.0296276425847397,1.22825876590874,0.6
2009,12,3,0.211,0.0860415381895978,1.33812816370039,0.2
2009,12,4,3.809,0.155493101051541,1.41954540574563,32.8
2009,12,5,0.236,0.103921864017228,1.46483531739367,2.4
2009,12,6,0.119,0.0369820525166074,1.47253137595107,0
2009,12,7,0.113,0.000453105706976986,1.44680890918787,0
2009,12,8,0.116,0.00603769876298021,1.39637020193939,0
2009,12,9,0.11,0.00132928585245451,1.33179597225931,0
2009,12,10,0.108,0.0081890897995418,1.26261637054096,0
2009,12,11,0.106,-0.0254650027306826,1.19688572911862,0
2009,12,12,0.547,-0.0789139142470295,1.1418962333183,11.6
2009,12,13,0.195,-0.064643756306894,1.1029569743158,0.2
2009,12,14,0.332,-0.0534639805818904,1.11323921332619,2.8
2009,12,15,0.111,-0.0669516379936037,1.16044189415821,1.2
2009,12,16,0.086,-0.058382779074637,1.19868981926279,0
2009,12,17,0.088,-0.0529689160741622,1.22058881457378,0
2009,12,18,0.097,-0.0500797728689957,1.22404944078699,0
2009,12,19,0.096,-0.0273714192702457,1.20967845741498,0
2009,12,20,0.104,0.0086306692164968,1.18203798303142,0.2
2009,12,21,0.083,0.00786640027045049,1.14688656932208,0
2009,12,22,0.081,-0.0245444682516192,1.10889576904773,0
2009,12,23,0.218,-0.0308631292659036,1.07138639464065,3.6
2009,12,24,0.083,-0.0532925422183974,1.03739321191013,0
2009,12,25,0.082,-0.088199822003596,1.01023787146702,0
2009,12,26,0.078,-0.113530527177017,0.994038348865455,0
2009,12,27,0.078,-0.0871148008137724,0.993204474609293,0
2009,12,28,0.075,-0.047982332263287,1.01231050885981,0
2009,12,29,0.077,-0.0550754435901153,1.05568823127656,0
2009,12,30,0.085,-0.0148256355655896,1.12336673604333,0
2009,12,31,0.07,0.0124442051504137,1.24343639353249,0
2010,1,1,0.076,-0.0265363506252614,1.37707425866946,0
2010,1,2,0.076,-0.0154340526543455,1.49155314872875,0
2010,1,3,0.067,-0.0078027396513658,1.56919429409947,0
2010,1,4,0.223,-0.0219774502993635,1.59892407138976,2
2010,1,5,0.076,-0.0520128142752529,1.57690082327348,0
2010,1,6,0.074,-0.0550428308572031,1.50892298436171,0
2010,1,7,0.065,-0.0177071866053573,1.4078096959522,0
2010,1,8,0.062,-0.0147879272718749,1.29033270752395,0
2010,1,9,0.065,-0.0314960218257812,1.17466952571355,0
2010,1,10,0.062,-0.0306784156060771,1.07696955976681,0
2010,1,11,0.475,-0.0122937584886449,1.03336285411355,9.2
2010,1,12,0.092,0.0300189805618716,1.04306311521564,1.6
2010,1,13,0.077,-0.00165247655461931,1.0751873901113,0
2010,1,14,0.074,0.0484289284808048,1.11775600740417,0
2010,1,15,0.077,0.0888164812565886,1.15898425578627,0
2010,1,16,0.108,0.0783692838905923,1.19052302060942,1.8
2010,1,17,0.093,0.0632459873206472,1.20833263710088,0.2
2010,1,18,0.068,0.0488239212273902,1.21332937069658,0
2010,1,19,0.064,0.0299296843177019,1.20742279613558,0
2010,1,20,0.085,0.0253537225301528,1.19242171687513,0.8
2010,1,21,0.428,0.0445346886748261,1.16837935929897,5.2
2010,1,22,0.161,0.0670916294587489,1.13660976794662,2.4
2010,1,23,0.087,0.0395849118089402,1.10046813514698,0.4
2010,1,24,0.067,0.0152926631979462,1.06562339346923,0
2010,1,25,0.068,-0.0350124193789433,1.03988379140308,0
2010,1,26,0.066,-0.02612574433752,1.03302089608638,0
2010,1,27,0.063,-0.00980679277921559,1.058733945274,0
2010,1,28,0.061,0.0258070346418291,1.12630019115655,0
2010,1,29,0.059,0.0688189054558175,1.26420713864805,0.2
2010,1,30,0.065,0.123793742819983,1.41710404123356,1.2
2010,1,31,0.066,0.130393381347095,1.55205089792122,0
2010,2,1,4.13,0.218651467594965,1.64169676912996,67.2
2010,2,2,1.03,0.0585785404282086,1.66813151724078,5
2010,2,3,0.143,-0.0484302495349394,1.62840132243333,0
2010,2,4,0.089,-0.0632022751162573,1.53392306279746,0
2010,2,5,0.078,-0.0909745406022608,1.40285104854157,0
2010,2,6,0.071,-0.099556030250481,1.25833920944153,0
2010,2,7,0.072,-0.108762048477556,1.14320550539633,0
2010,2,8,0.067,-0.11301973196626,1.0473625039422,0
2010,2,9,0.062,-0.1027378396989,0.99079585306651,0
2010,2,10,0.066,-0.0639597443540442,0.980035198234105,0
2010,2,11,0.07,-0.0485680001264345,1.0075587738762,0.2
2010,2,12,0.345,-0.0930504627850832,1.05845809377741,1.8
2010,2,13,0.14,-0.123271513243889,1.11598230674237,0
2010,2,14,0.061,-0.133457504832744,1.16809678972891,0
2010,2,15,0.061,-0.098847836229881,1.20889368623412,0
2010,2,16,0.056,-0.0647294851033977,1.23612624995126,0
2010,2,17,0.059,-0.00654570738688665,1.24903101162761,0
2010,2,18,0.146,0.0417824021157667,1.24560747917531,1.8
2010,2,19,0.132,0.0149679420848627,1.22499847327918,0.2
2010,2,20,0.053,-0.034741961118316,1.18962582452838,0
2010,2,21,0.052,-0.101295766330475,1.14524042712344,0
2010,2,22,0.05,-0.0900993174889433,1.09932761555209,0
2010,2,23,0.05,-0.05072361481833,1.06116374642263,0
2010,2,24,0.081,-0.0343383233613256,1.04260038191652,0.6
2010,2,25,0.423,-0.00926150717816743,1.06504665660924,4
2010,2,26,0.072,-0.0410183691988197,1.16052979103248,0
2010,2,27,0.068,-0.028931671709957,1.29967534404583,0.4
2010,2,28,0.064,0.0339850410719718,1.4494112079704,0
2010,3,1,0.078,0.0327862057560584,1.57262993984744,0.4
2010,3,2,0.096,0.0706946739449896,1.64093775717385,2.6
2010,3,3,0.131,0.0275416622828972,1.64169255786997,0.4
2010,3,4,0.048,0.0276623376703995,1.57852057960967,0
2010,3,5,0.048,0.022309549964117,1.46739530485608,0
2010,3,6,0.068,0.0555280536763298,1.40535092509949,0
2010,3,7,0.062,0.0823464439808754,1.27850080852194,0
2010,3,8,0.045,0.055134966353569,1.14598165790314,0
2010,3,9,0.044,0.0264379706781556,1.03278174174156,0
2010,3,10,0.046,0.0260236592037303,0.961641681734123,0
2010,3,11,0.045,-0.0356448061650503,0.942499409900048,0
2010,3,12,0.051,-0.0852253503712811,0.967386671454437,0.4
2010,3,13,0.044,-0.114705314879175,1.01938558347304,0
2010,3,14,0.047,-0.106883305863824,1.08214593154751,0.2
2010,3,15,0.044,-0.0497437786663908,1.14384147998546,0
2010,3,16,0.042,-0.0388948428928406,1.1973558814157,0
2010,3,17,0.041,-0.0163500578904057,1.23750460663917,0
2010,3,18,0.04,-0.0459537285645146,1.25939955952484,0
2010,3,19,0.041,-0.0848197612430768,1.2595434044937,0
2010,3,20,0.041,-0.0891378570615138,1.23790190150171,0
2010,3,21,0.042,-0.0584320384339785,1.19981603788386,0
2010,3,22,0.041,-0.0662293425453597,1.1997306423593,0
2010,3,23,0.048,-0.0777025678219776,1.15214786216639,0.6
2010,3,24,0.051,-0.0588386530327241,1.11093193163576,0.8
2010,3,25,0.05,-0.0927788022229443,1.09723090842643,0.2
2010,3,26,0.043,-0.104119270468103,1.13192963277881,0
2010,3,27,0.043,-0.0632075088832287,1.21789254737262,0
2010,3,28,0.042,-0.00134001834748099,1.33357301131226,0
2010,3,29,0.05,0.0190499656633516,1.44662919630766,0.2
2010,3,30,0.051,-0.0414073247336937,1.52681459589288,0.4
2010,3,31,0.051,-0.0487873687698701,1.55545480777634,0.4
2010,4,1,0.041,-0.115443869825254,1.54412218897611,0
2010,4,2,0.04,-0.144490052917594,1.48637354786833,0
2010,4,3,0.105,-0.0748672236430381,1.38573442479758,2.2
2010,4,4,0.217,-0.00619284364183215,1.2275423635983,4.4
2010,4,5,0.046,0.0579170244030005,1.261515846244,0.2
2010,4,6,0.048,0.0803221489686547,1.13511300005326,0
2010,4,7,0.042,0.0762393919346355,1.02828007628955,0
2010,4,8,0.149,0.0676867836281327,0.958857103457444,1
2010,4,9,0.051,0.000298419240456038,0.934935306787084,0
2010,4,10,0.041,-0.0273733041604938,0.950849694726901,0.2
2010,4,11,0.04,-0.0364178437756536,0.993971203991534,0
2010,4,12,0.04,-0.0282944058476426,1.0518067621826,0
2010,4,13,0.088,-0.0207619474650822,1.11425144815408,1.4
2010,4,14,0.049,-0.0232263742017675,1.19539565849581,0.6
2010,4,15,0.041,-0.0695533787732097,1.26496832967181,0
2010,4,16,0.041,-0.0694811488710059,1.30917501907091,0.2
2010,4,17,0.039,-0.110271427414645,1.32360411589051,0
2010,4,18,0.039,-0.078923978608969,1.30936312292107,0
2010,4,19,0.04,-0.0398888624295934,1.20014455440616,0
2010,4,20,0.043,0.0118176030138779,1.27403866191953,0.6
2010,4,21,0.04,0.00557300019419449,1.2302776290099,0
2010,4,22,0.038,0.00271391609533689,1.19542928782078,0
2010,4,23,0.04,0.00249193268872228,1.18702026847663,0
2010,4,24,0.055,-0.0222740796669905,1.21414232026935,0
2010,4,25,0.042,-0.00302058448782661,1.2691492464347,0
2010,4,26,0.04,-0.00783149864416166,1.33372796466763,0
2010,4,27,6.521,-0.0521299665698993,1.38825518569706,36
2010,4,28,0.521,-0.143983121843583,1.45756502216572,0.2
2010,4,29,0.056,-0.126865287240256,1.49245170628315,0
2010,4,30,0.046,-0.0994246904051566,1.47899819580587,0
2010,5,1,0.159,-0.0669868791347268,1.42202195997366,2.8
2010,5,2,0.048,-0.010268677392762,1.33390498199275,0
2010,5,3,0.043,-0.0764717978898513,1.13470006233618,0
2010,5,4,0.043,-0.048609083528328,1.23120958790058,0
2010,5,5,0.042,-0.0131324033085046,1.12940868306787,0
2010,5,6,0.043,-0.0500096942274391,1.042576135048,0
2010,5,7,0.042,-0.0412401655212629,0.981288844339741,0
2010,5,8,0.043,0.0529318604197506,0.951923628264907,0.4
2010,5,9,0.508,0.124529430482154,0.953472282065089,11.6
2010,5,10,0.31,0.125060938349671,0.980557092029383,6.2
2010,5,11,0.659,0.197998844228114,1.0261815046566,14.6
2010,5,12,3.126,0.214500141196572,1.11507335628304,45.4
2010,5,13,0.901,0.0924857371589622,1.21209943186019,0.2
2010,5,14,0.486,0.0696068568133696,1.29397452013469,5.8
2010,5,15,0.897,0.113474544031162,1.35174727636094,8.6
2010,5,16,0.424,0.131002627444363,1.38068393398094,2.8
2010,5,17,0.144,0.123369764893701,1.38192496262023,0
2010,5,18,0.102,0.127370564244162,1.22790825823031,0
2010,5,19,0.087,0.0873768939455919,1.36183397805657,0
2010,5,20,2.131,0.109402132848388,1.33163982216818,39.6
2010,5,21,4.19,0.34984225513905,1.30289350484955,25.8
2010,5,22,0.542,0.0952426737812087,1.28417113710674,0
2010,5,23,0.334,0.0885216665078659,1.27641086719584,2.4
2010,5,24,22.712,0.165389223730776,1.2758714549894,53.6
2010,5,25,0.692,0.126288675152172,1.27762015645189,0.4
2010,5,26,0.324,0.0452052225123989,1.32605088155017,3.4
2010,5,27,0.6,0.0612599232638382,1.37642205471053,9.8
2010,5,28,2.007,0.0842466260281851,1.396364174182,15
2010,5,29,0.352,0.0717827236690951,1.38366678499019,0
2010,5,30,0.223,0.00306044177480636,1.34262944042393,0
2010,5,31,0.354,-0.00302078346398904,1.28119996317657,4
2010,6,1,19.397,0.100871440214844,1.20973078682292,43.8
2010,6,2,0.833,0.117799077015943,1.01612101980687,2.4
2010,6,3,0.393,0.07043544157569,1.13742731606707,1
2010,6,4,0.27,-0.0273248185969824,1.07214340521636,0.2
2010,6,5,0.42,0.046149110647953,1.02031530707878,7
2010,6,6,0.466,0.11650532853879,0.986126815336193,6.4
2010,6,7,0.413,0.0489587745246729,0.972127761646583,4.4
2010,6,8,0.464,0.0978910656938108,0.978689549966929,4.8
2010,6,9,0.3,0.0237107671882659,1.00437650873737,0.2
2010,6,10,0.196,0.0638744079031697,1.102897523954,0.2
2010,6,11,0.405,0.127750075682877,1.20767475563231,7.8
2010,6,12,0.203,0.0375953273997516,1.305679403411,0
2010,6,13,0.417,0.0852761596876423,1.38696819043674,5.8
2010,6,14,0.408,-0.018625340495571,1.44397203530069,2.8
2010,6,15,0.209,-0.000702288863071665,1.47239953791726,0.6
2010,6,16,0.168,-0.0263909867494321,1.471887544535,0.8
2010,6,17,0.148,-0.00828379565489512,1.27996586247845,0
2010,6,18,0.295,0.0400390732662179,1.44598176369188,2.8
2010,6,19,0.34,0.10989527239507,1.40061826084748,3.8
2010,6,20,0.453,0.101713986605394,1.34265872586039,1.6
2010,6,21,0.172,-0.0292650249187874,1.27926827062336,0.4
2010,6,22,0.144,-0.0736132912748586,1.21869927559883,0
2010,6,23,0.132,-0.0270744324429584,1.19380601408721,0.6
2010,6,24,0.413,0.0384700726272003,1.23246541791368,3.8
2010,6,25,0.193,0.0449412921987278,1.26662438492251,2.2
2010,6,26,0.176,0.135356820842046,1.28763543323706,0.2
2010,6,27,0.125,0.0382109384121472,1.29115382998544,1
2010,6,28,0.32,0.0426525364924855,1.2758012614867,3.8
2010,6,29,0.317,0.0392222736643142,1.24434593654571,3.2
2010,6,30,0.13,0.0305987219862258,1.20181939759621,0.8
2010,7,1,0.172,0.0212678119960672,1.15384423237101,0.2
2010,7,2,0.12,-0.0168665712801939,0.991968355439669,0.2
2010,7,3,0.107,0.0313623720672719,1.10573021909462,0
2010,7,4,10.08,0.234061234992557,1.06013730878108,72.6
2010,7,5,15.166,0.348188931088668,1.0203567667527,32.6
2010,7,6,2.314,0.30064446574069,0.989821466911019,6.8
2010,7,7,1.076,0.223987370683335,0.97336362218861,0
2010,7,8,0.668,0.103836487534881,0.981456664309504,1.2
2010,7,9,0.553,0.0822643981616489,1.07519335201575,1.2
2010,7,10,0.391,0.0843643319263989,1.18988406739988,0
2010,7,11,0.317,0.1168260041926,1.31208974525427,0.2
2010,7,12,0.502,0.192258482762487,1.42660887892687,4
2010,7,13,0.299,0.138498221868867,1.51599687731431,0
2010,7,14,0.234,0.158481495414824,1.5660812764465,0
2010,7,15,0.206,0.166158527237367,1.5680036316152,0
2010,7,16,2.44,0.229716592713782,1.37232115184067,19.4
2010,7,17,0.471,0.133801184021969,1.52206981671151,0
2010,7,18,0.289,0.131383856541728,1.43704663315061,0
2010,7,19,0.219,0.0291102785984807,1.32776023033548,0.2
2010,7,20,0.196,-0.00249901428738997,1.21279757582389,0
2010,7,21,1.014,0.0487544461158134,1.10966373179247,18.2
2010,7,22,1.945,0.0818702169518533,1.09699969337536,7.2
2010,7,23,0.754,0.128579500242655,1.12001580064511,3.4
2010,7,24,0.509,0.112271359759135,1.15586760634346,0
2010,7,25,0.356,0.0928553922933366,1.19159964665477,0
2010,7,26,0.338,0.0583425505848112,1.21695692778321,1.8
2010,7,27,0.347,0.03721774960633,1.22612572879334,2.4
2010,7,28,0.352,0.000474614789450545,1.21841233146686,2
2010,7,29,0.224,-0.0414811395276353,1.19704945996275,0
2010,7,30,0.194,-0.0436966081012946,1.16591365698586,0
2010,7,31,0.168,-0.0367992222676496,1.12726385825868,0
2010,8,1,0.223,-0.0127385905048141,1.01335147019506,1.4
2010,8,2,2.695,-0.00526237264099405,1.08223221267472,34.6
2010,8,3,2.374,0.0185520596562625,1.03328694356193,4
2010,8,4,25.66,0.120416634429362,0.986597533866814,45.8
2010,8,5,3.904,0.0568816493625877,0.950803124180837,10.6
2010,8,6,1.221,0.0462111525516115,0.956713390988807,0
2010,8,7,1.617,0.133101293635303,1.04713703128295,13.4
2010,8,8,1.304,0.16372892932492,1.17663119155726,1.8
2010,8,9,0.731,0.0327388661421093,1.32551101350544,4.4
2010,8,10,0.594,0.00255717403052591,1.4661669331082,0.8
2010,8,11,0.469,0.0039341955549077,1.5703810387229,0
2010,8,12,0.397,0.0621603435215867,1.61711920747812,0
2010,8,13,0.485,0.0649176024934806,1.59731069904431,1.2
2010,8,14,1.868,0.069019294999612,1.51681215824382,21
2010,8,15,0.858,0.0621223598855081,1.38213369893533,0.4
2010,8,16,0.527,0.0795541219324438,1.39220435916704,0
2010,8,17,0.453,0.0574998816989156,1.24647520725606,0.2
2010,8,18,0.749,0.0440635397209408,1.10270817321335,7.6
2010,8,19,1.051,0.0644193979835452,1.01064541748658,5.8
2010,8,20,1.203,0.144661240967354,0.994192667220788,11.8
2010,8,21,0.664,0.122998193858524,1.01702846171384,0
2010,8,22,0.443,0.10084806571657,1.06225960311119,0.4
2010,8,23,0.44,0.119919873443709,1.11263062644176,1.2
2010,8,24,0.366,0.0679724602447751,1.15400704389071,0.2
2010,8,25,0.813,0.141780112889869,1.17958765909585,8.4
2010,8,26,0.573,0.107510783886323,1.1882826235108,0.8
2010,8,27,1.235,0.0956955945609945,1.18188788582793,10.2
2010,8,28,0.452,0.0754265565808021,1.16151514387726,0
2010,8,29,0.37,0.0691257330575727,1.12632789629428,2.2
2010,8,30,0.461,0.0885599213153914,1.0674228490135,2
2010,8,31,0.343,0.0918002709823929,1.07759825972059,0.4
2010,9,1,0.382,0.125219705994913,1.02038757660731,2
2010,9,2,0.441,0.0785644398990033,0.963825695254297,3.8
2010,9,3,0.396,0.0682422873856633,0.919810330914616,2.4
2010,9,4,0.357,0.00542292747893991,0.952434049098998,0.8
2010,9,5,0.246,-0.0576900654741542,1.04462300358786,0
2010,9,6,0.226,-0.0300363420003777,1.18423745747176,0
2010,9,7,1.625,0.0542824628814924,1.3409718235373,19.2
2010,9,8,0.97,0.0755008509476005,1.47900173632496,3.8
2010,9,9,0.724,0.11237564995018,1.56762724264222,4.8
2010,9,10,0.464,0.023715219609465,1.58825527101235,0
2010,9,11,0.529,0.0590603132148111,1.53904649592458,3.6
2010,9,12,0.723,0.0669229364000383,1.47890692780963,3.8
2010,9,13,0.389,0.00103546549450018,1.39502306057141,0
2010,9,14,0.384,-0.0236985669180241,1.29194306135468,2.4
2010,9,15,1.819,0.00536863267839771,1.13845504191662,12
2010,9,16,1.37,0.079850022284049,1.01711873076593,11.6
2010,9,17,0.561,0.0449120737573006,0.941330258535415,2.4
2010,9,18,0.577,-0.132764125910679,0.919077234745885,0.2
2010,9,19,0.551,-0.0777304691184337,0.940695384156872,2.2
2010,9,20,0.332,-0.0740608642029987,0.9873530243297,0.2
2010,9,21,0.332,-0.101806826537563,1.04103071394901,0
2010,9,22,0.543,-0.0324199532993505,1.0889823598694,6.4
2010,9,23,0.295,-0.141945053839357,1.12487721376481,0
2010,9,24,0.223,-0.11506756791403,1.14661442794573,0.2
2010,9,25,0.508,-0.132334688414474,1.1524191937025,1.2
2010,9,26,0.219,-0.126140093816731,1.14219996511092,0
2010,9,27,0.21,-0.0812162033107557,1.14451938976522,0
2010,9,28,0.179,-0.00699783104147778,1.12231863709473,0
2010,9,29,0.17,0.0225899141940187,1.07948357052555,0
2010,9,30,0.162,0.0255658340049045,1.02707383695519,0
2010,10,1,0.689,-0.00369992202693759,0.981466787673454,11.4
2010,10,2,0.251,-0.0126988166301648,0.964096523402822,0
2010,10,3,0.176,-0.0275395539852782,0.996584726090175,0
2010,10,4,0.156,-0.0318290645235959,1.08405975550317,0
2010,10,5,0.146,-0.0479798593971279,1.2085192237061,0
2010,10,6,0.142,-0.0371389538122942,1.3374928505824,0.2
2010,10,7,0.139,-0.0257177760567553,1.43926405408201,0
2010,10,8,0.136,-0.0462882596243048,1.49112549624104,0
2010,10,9,0.468,-0.0665181579890066,1.48315514324898,3.6
2010,10,10,0.138,-0.130343735809151,1.50488905215977,0
2010,10,11,0.211,0.038778828598258,1.46617847611792,2.4
2010,10,12,0.188,0.145968234986888,1.37369573133187,1.4
2010,10,13,1.721,0.323791090199654,1.24863702204728,19
2010,10,14,0.91,0.241627519520752,1.11537814563088,11.2
2010,10,15,0.314,0.158107402243948,0.999648036375524,0
2010,10,16,0.196,0.0312922302311665,0.921898089261392,0
2010,10,17,0.2,0.0610775495801725,0.890091880918694,1.6
2010,10,18,0.151,0.0383134357605862,0.897657827470478,0
2010,10,19,0.137,-0.00617314201378338,0.930555170540321,0
2010,10,20,0.197,-0.00881069366832543,0.975370826922723,2
2010,10,21,0.137,-0.034705253586246,1.02246474170802,1
2010,10,22,0.144,-0.00796829131343879,1.06528012522069,0
2010,10,23,0.125,-0.0359038868270622,1.09915427894163,0
2010,10,24,0.119,-0.0441528594783587,1.14125371668869,0
2010,10,25,0.116,-0.0549929128118607,1.18399705955963,0
2010,10,26,0.119,-0.0398844777458103,1.19940761005578,0
2010,10,27,0.112,0.0181966962672868,1.18757991376046,0
2010,10,28,0.109,0.0287632942684322,1.15518562710703,0
2010,10,29,0.108,0.0470609115462373,1.11365148860944,0
2010,10,30,0.141,0.0425269561643025,1.07977940816733,1.4
2010,10,31,0.113,0.0890730492771212,1.06980921532888,0
2010,11,1,0.104,0.0882708535692018,1.09490917489602,0
2010,11,2,0.158,0.0640191051585386,1.152360521004,5
2010,11,3,0.331,0.0649612292671966,1.22625102407275,0.8
2010,11,4,0.104,0.0436656424458925,1.29685390511588,0.4
2010,11,5,0.162,0.0698309656260068,1.34659322494693,2
2010,11,6,0.102,0.024558736802504,1.37421630894254,0
2010,11,7,0.1,0.0226293925700554,1.44154279302982,0
2010,11,8,0.101,-0.0108041221689557,1.45647188857542,0
2010,11,9,0.099,0.0151723064876181,1.4197120277711,0
2010,11,10,0.096,0.00326347754966116,1.34176049717201,0
2010,11,11,0.095,-0.0293704620914648,1.23972835073914,0
2010,11,12,0.096,0.0387007675946744,1.13196273604882,0
2010,11,13,0.101,-0.0210516024162555,1.0344034109402,0
2010,11,14,0.097,-0.0688188951411099,0.959103225418915,0
2010,11,15,0.092,-0.0266370554086039,0.912305970633722,0
2010,11,16,0.1,0.00913374864551586,0.894532901997986,0
2010,11,17,0.096,0.0699066011491838,0.901640336481024,0
2010,11,18,0.091,0.0665445160899942,0.92816481869716,0.4
2010,11,19,0.137,0.0649889638861062,0.967844263818361,1.4
2010,11,20,0.104,0.0636233511716067,1.01401664067925,0.8
2010,11,21,0.474,0.0821691221020386,1.07292133320699,6.6
2010,11,22,0.092,0.0579534386132112,1.15698118769497,0.2
2010,11,23,0.088,0.0597815527783578,1.22206195910395,0
2010,11,24,0.088,0.00870345463335687,1.26284905244654,0
2010,11,25,0.087,0.0591773011905352,1.27895871328096,0
2010,11,26,0.087,0.102602841208379,1.27460245672638,0
2010,11,27,0.092,0.0851186602385248,1.25745185170994,0
2010,11,28,0.093,0.0720879075411172,1.23742796409926,0
2010,11,29,0.087,0.0890807373576532,1.2214156351595,0
2010,11,30,0.088,0.0853963838068925,1.21269862800772,0
2010,12,1,0.084,0.0556438371670109,1.21124436255018,0
2010,12,2,0.08,0.0395166519707606,1.21463476261796,0
2010,12,3,0.081,0.0104530327176702,1.22094869819496,0
2010,12,4,0.092,-0.0127898655225209,1.23427811541753,0.2
2010,12,5,0.082,0.0119308792973396,1.31262740394458,0
2010,12,6,0.084,0.0113548866402025,1.36461936876231,0
2010,12,7,0.093,0.00603209291914575,1.38227278310009,2
2010,12,8,0.081,-0.00684121051144104,1.36558637543645,0
2010,12,9,0.075,0.0334299717076869,1.31986837730096,0
2010,12,10,0.074,0.0596104305237553,1.25415150859518,0
2010,12,11,0.08,0.0715673430987942,1.17911754980722,0
2010,12,12,0.071,0.0917230169871253,1.10329490847474,0
2010,12,13,0.077,0.0441602181528695,1.0342679711647,0
2010,12,14,1.883,0.0573483584824623,0.977293128384173,24.8
2010,12,15,0.342,0.0519603090404075,0.936729394922438,0.2
2010,12,16,0.219,0.0947528041647501,0.915393559455451,6.6
2010,12,17,0.636,0.064489510275907,0.915788407960957,14.2
2010,12,18,1.913,0.12943594312871,0.938673906547604,34.2
2010,12,19,0.702,0.124801804610903,0.981879432812643,17.6
2010,12,20,0.309,0.0792888877325146,1.06053994804625,2
2010,12,21,0.122,0.0049901350556012,1.16588250496043,0
2010,12,22,0.093,-0.0150041803246002,1.26385593131913,0
2010,12,23,0.079,0.0132351409341909,1.3456522673807,0
2010,12,24,0.082,0.0490089018545627,1.40365998309859,0
2010,12,25,0.071,0.0282554402869351,1.43367487762823,0
2010,12,26,0.075,0.0137116828809678,1.43469486942395,0
2010,12,27,0.072,0.0593542390771613,1.40841291500535,0
2010,12,28,0.3,0.10749150504008,1.35948364921385,5.8
2010,12,29,0.097,0.00147800003535159,1.29594993505225,0
2010,12,30,0.074,0.0212500197913164,1.22756214907171,0
2010,12,31,0.081,0.0440889110822633,1.16763841741649,0.8
2011,1,1,0.079,0.00810277237537371,1.13049116080822,0
2011,1,2,0.072,-0.0317903715861583,1.17544321566523,0
2011,1,3,0.066,-0.00457007866384718,1.22861429087671,0
2011,1,4,0.069,-0.0115891995297601,1.2772866119618,0
2011,1,5,0.067,0.0270958558443442,1.31080249002383,0.2
2011,1,6,0.067,0.0188526001272131,1.32202618731466,0.4
2011,1,7,5.09,0.0296486344538922,1.30897475843465,20.2
2011,1,8,0.365,0.0504656573900923,1.27522904408578,0
2011,1,9,0.082,0.0171740559417455,1.22672295774296,0
2011,1,10,0.076,0.0259968394079946,1.17029384575113,0
2011,1,11,0.072,0.038269936040181,1.11151310712196,0
2011,1,12,0.071,-0.00510778990673877,1.05398161755437,0
2011,1,13,0.069,0.00229830281341403,1.00120896936353,0
2011,1,14,0.074,0.0081355832758907,0.958059049859138,0.2
2011,1,15,0.071,0.0011121939555252,0.932608842245665,0
2011,1,16,0.069,0.0386653341498545,0.93400339751779,0
2011,1,17,0.068,0.0954375683219029,0.970733938095867,0.4
2011,1,18,0.611,0.162322564601247,1.0535622763201,9.4
2011,1,19,0.177,0.140445229985019,1.18298909197475,0.4
2011,1,20,0.071,0.136917804990198,1.3191756517047,0
2011,1,21,0.37,0.28430250311619,1.4428860305111,9.8
2011,1,22,1.731,0.422598208616366,1.53548700031262,46.8
2011,1,23,31.514,0.349366723102326,1.58207847728003,92.4
2011,1,24,2.186,0.0453080323085255,1.57581094452653,0.8
2011,1,25,0.722,0.0861857815575238,1.52017649849798,0
2011,1,26,0.427,0.0429749195584799,1.42593173056222,0
2011,1,27,0.323,0.00660507987118852,1.31020774095938,0
2011,1,28,71.615,0.0405854967286197,1.19331998579027,182.8
2011,1,29,85.993,0.260602669886997,1.11910084034728,57
2011,1,30,1.85,-0.0556809193695964,1.09531468397333,0
2011,1,31,0.745,-0.100597144121978,1.10933843768926,0
2011,2,1,0.558,-0.0758807722700915,1.15155975557334,0.2
2011,2,2,0.444,-0.0822695417500201,1.20527122063729,0
2011,2,3,0.385,-0.0745762247650712,1.25358890311531,0
2011,2,4,0.372,-0.0596598180528409,1.28375372327717,0
2011,2,5,0.338,-0.0321339625351922,1.29093755290429,0
2011,2,6,0.296,-0.0149115365160444,1.27630874840918,0
2011,2,7,0.269,0.00391823696200144,1.24590843926508,0
2011,2,8,0.265,0.0297456301507655,1.20466276960435,0
2011,2,9,0.518,0.020330345101325,1.15617127518142,9.4
2011,2,10,0.306,-0.00269328064493468,1.10124172324441,0
2011,2,11,0.251,-0.0398085186076234,1.04360361599023,0
2011,2,12,8.598,0.0599544856115095,0.98998644036474,12.6
2011,2,13,0.91,0.0334387514480229,0.950965879881314,0
2011,2,14,0.345,0.0694250507726579,0.941251727939517,0
2011,2,15,0.274,0.0344173992624777,0.977062509760601,0.4
2011,2,16,0.238,0.077879654585185,1.07418951305162,1
2011,2,17,0.209,0.0723381405847074,1.2226627132045,0
2011,2,18,0.21,0.0912110227307676,1.38365252391235,0.2
2011,2,19,0.196,0.0812723068163623,1.52638366754631,0
2011,2,20,0.188,0.102362485179089,1.62277623380447,0.2
2011,2,21,0.318,0.18108079873846,1.65568953996034,2.8
2011,2,22,0.223,0.157136470246636,1.6225047598367,0
2011,2,23,0.182,0.152692442076885,1.53241053435437,0
2011,2,24,0.174,0.119022630648108,1.43549817118321,0
2011,2,25,0.165,0.0807596496529541,1.32337128424442,0
2011,2,26,0.165,0.0952823096072617,1.2044243973348,0
2011,2,27,0.152,0.0450624342336328,1.10954206689482,0
2011,2,28,0.378,0.0186219462473148,1.06021552206751,1.6
2011,3,1,0.25,0.0209903183332846,1.06063472989908,0.2
2011,3,2,0.151,0.00629257230233971,1.09755727063026,0
2011,3,3,0.595,-0.0249692424375276,1.150560287874,13.4
2011,3,4,0.21,-0.0607538066533144,1.20038043734409,0
2011,3,5,1.907,0.00791510993228384,1.23440821951483,27.4
2011,3,6,1.387,-0.0342628133673328,1.24885906315822,2.8
2011,3,7,0.218,0.00810285441978653,1.24494033538424,0
2011,3,8,0.167,-0.019084196963109,1.22726379469729,0
2011,3,9,0.161,0.0254158533872506,1.19743072410685,0
2011,3,10,0.151,0.014864796811118,1.15627560603583,0
2011,3,11,0.149,-0.00910699989780817,1.12765535711434,0
2011,3,12,0.144,-0.0410586248086426,1.07449720802141,0
2011,3,13,0.142,-0.0806076346304189,1.0180937267815,0
2011,3,14,0.146,-0.0480943213036588,0.975794605502152,0.4
2011,3,15,0.139,0.00968232708768402,0.970492102604823,0
2011,3,16,0.147,0.013593346366614,1.02160288005652,0
2011,3,17,1.18,0.0537107783735489,1.1318718007813,3.4
2011,3,18,0.29,0.0448450240675582,1.28042223481072,7.4
2011,3,19,0.207,0.0272545748466586,1.43389018989782,0
2011,3,20,0.111,-0.00954987933510387,1.55743328778818,0.2
2011,3,21,1.58,0.32700387294712,1.6261801534167,50.6
2011,3,22,5.699,0.136791464840045,1.6282639363288,2.6
2011,3,23,0.531,0.135640824162247,1.56776765035035,3.4
2011,3,24,0.379,0.119222564628568,1.4600320269652,3.2
2011,3,25,1.606,0.139937010239603,1.46610249849877,29
2011,3,26,1.944,0.137900611673571,1.33456216238291,9
2011,3,27,0.84,0.0739329758008374,1.20223666296057,1.8
2011,3,28,0.488,0.0560617803125909,1.09911770767925,0
2011,3,29,0.329,0.0457811126372124,1.04355784902651,0.2
2011,3,30,0.277,0.0775929067256284,1.03540743490656,0
2011,3,31,0.239,0.0524830794008457,1.06030842738731,0
2011,4,1,0.22,0.036672853944367,1.09994451335801,0
2011,4,2,0.199,-0.0128237774198663,1.13903137780754,0
2011,4,3,0.226,-0.00457886643081795,1.16851226871614,0
2011,4,4,0.2,0.0194996729156134,1.19051320749867,0.2
2011,4,5,0.238,-0.0245186935134472,1.21741127162021,5.4
2011,4,6,0.213,-0.0375688757117512,1.22475373740772,0
2011,4,7,0.207,-0.0542462152305854,1.21038765054357,3
2011,4,8,0.263,-0.000722844557638602,1.17543831664456,3.4
2011,4,9,0.151,-0.0387016127851365,1.08763263860561,0
2011,4,10,0.141,0.030357044907761,1.12735028507725,0
2011,4,11,0.134,0.0740740114564231,1.07909550725832,0
2011,4,12,0.131,0.058115128167822,1.04896213590388,0
2011,4,13,0.125,0.0522283260013787,1.05584386902124,0
2011,4,14,0.122,0.107961782573889,1.11128538546893,0.6
2011,4,15,0.12,0.0781586941784185,1.20914468165845,0
2011,4,16,0.121,0.0584462594648321,1.32784312629042,0.6
2011,4,17,0.118,0.106155822657076,1.43890610465719,0.2
2011,4,18,0.147,0.0573550686516069,1.54516155301188,1.2
2011,4,19,0.109,0.0293263696471089,1.60819454347909,0
2011,4,20,0.105,0.0145295043608735,1.60821438631962,0
2011,4,21,0.107,0.0460563592336078,1.54805730396595,0
2011,4,22,0.139,0.0461583405254007,1.35235607518563,1.4
2011,4,23,0.129,0.0328184878311217,1.4430011398599,0
2011,4,24,0.102,0.0248256129171136,1.31689580024744,0.4
2011,4,25,0.723,0.0524185121379677,1.19613629078645,18.4
2011,4,26,0.84,0.13756210521029,1.10159324711056,1.8
2011,4,27,0.136,0.121549680281189,1.04422546419092,0
2011,4,28,1.924,0.282687319346218,1.02220631650288,30
2011,4,29,1.315,0.192682540958478,1.02623339911334,1
2011,4,30,0.24,0.135169711952363,1.04492183156472,0
2011,5,1,1.981,0.192804964325199,1.06983136259715,26.4
2011,5,2,11.069,0.214022637398997,1.1321539397188,49.2
2011,5,3,1.547,0.0727743153698168,1.18660390519706,0
2011,5,4,0.499,0.0419492137792024,1.22573646306881,0
2011,5,5,0.351,0.0884257240497137,1.24435186081949,0
2011,5,6,1.067,0.177526507376689,1.24097071008219,11
2011,5,7,0.479,0.166414071198606,1.21913450712741,4.4
2011,5,8,0.494,0.054516266780138,1.0879828998925,0.8
2011,5,9,0.285,0.0666350741145401,1.18763189076589,0
2011,5,10,0.247,0.0164310737675815,1.15958596849615,0
2011,5,11,2.656,0.0724542827303516,1.14869332635787,27.2
2011,5,12,1.102,0.0746062656962312,1.16436932189179,0
2011,5,13,0.376,0.123251433549298,1.20650138064482,0
2011,5,14,0.3,0.0521044386192036,1.26599846863832,0
2011,5,15,0.382,0.0108887181759194,1.32937734509196,3
2011,5,16,0.284,-0.107997378413226,1.42518932218409,0.4
2011,5,17,0.255,-0.138056943366243,1.51251779673931,0.8
2011,5,18,0.304,-0.0891922715460447,1.55364162229827,2.2
2011,5,19,0.223,-0.0871134169181409,1.54328894466662,0
2011,5,20,0.217,-0.0170324881955779,1.48748335695494,1
2011,5,21,0.214,-0.0182706095019087,1.39972617011285,0.6
2011,5,22,0.189,-0.033364767133272,1.16771512399393,0
2011,5,23,0.189,0.0267655712370536,1.29754196737163,0
2011,5,24,0.18,0.060828166721161,1.19816812875453,0.2
2011,5,25,0.222,0.0834534081128788,1.11332623324467,2.2
2011,5,26,6.618,0.0404115592588118,1.04963260763567,57.8
2011,5,27,2.303,0.0653889362226139,1.00869964799174,0.4
2011,5,28,0.543,0.025348798018662,0.988560471918204,0
2011,5,29,0.354,-0.080994908746965,0.98664389020831,0
2011,5,30,0.304,-0.0676418185743179,1.02995379909373,0
2011,5,31,0.275,-0.0528820335928495,1.10107663626503,0
2011,6,1,0.249,-0.0330083595560602,1.16828586989162,0
2011,6,2,0.256,0.10939814621402,1.22419491742574,0.4
2011,6,3,0.326,0.133391087346884,1.26357533033233,4.8
2011,6,4,2.702,0.113836818786107,1.28448451815859,29.2
2011,6,5,0.978,0.104523280716127,1.28914629812594,11.4
2011,6,6,0.775,0.130253180075692,1.28331809430241,0.2
2011,6,7,0.542,0.0895025257804507,1.12554760095684,4
2011,6,8,0.335,0.0546820699221182,1.27425437211463,0
2011,6,9,0.287,0.0226783346045882,1.26686887934025,0
2011,6,10,1.139,0.0612995664498188,1.26370521676404,13.8
2011,6,11,0.538,0.084470785673002,1.26339868288615,0.4
2011,6,12,0.356,0.0460799365233502,1.26452113365959,0
2011,6,13,0.312,0.0165454108469762,1.2873966074772,0
2011,6,14,0.28,-0.00730714991630155,1.36743719880572,0
2011,6,15,0.263,-0.0381519000601753,1.4281902333452,0
2011,6,16,0.257,-0.00883051662675305,1.45877300575366,0
2011,6,17,4.433,0.190950637120111,1.45566663394721,33.8
2011,6,18,16.331,0.243261751753961,1.42071556118818,19.4
2011,6,19,0.934,0.267587016805364,1.36010725994323,0.8
2011,6,20,0.521,0.207453591954999,1.13461586289157,3.2
2011,6,21,0.519,0.143353857063606,1.28375570548593,1.4
2011,6,22,0.362,0.127033265179093,1.2014031308539,0
2011,6,23,0.83,0.151177794757434,1.12179516681861,6.4
2011,6,24,1.174,0.0935493933919125,1.05065413050053,12
2011,6,25,1.004,0.0883296936512941,0.992817180489127,11.6
2011,6,26,0.87,0.0436535680094839,0.952040319149963,6.6
2011,6,27,0.516,0.077479230284516,0.931429835142697,0.2
2011,6,28,0.565,0.166679328481369,0.977875933794129,6.2
2011,6,29,0.884,0.164057991384138,1.0559952999659,7.8
2011,6,30,0.471,0.0822139141408411,1.14117032942954,0
2011,7,1,0.377,0.0272368804901566,1.22501710201748,0
2011,7,2,0.687,0.218252626528557,1.29918650783215,5.8
2011,7,3,0.43,0.230172341085639,1.35688068676055,3
2011,7,4,0.524,0.299690347087477,1.39350237096779,3.4
2011,7,5,0.4,0.267242451109171,1.40580412903848,0
2011,7,6,0.387,0.159643028194099,1.23227573783149,2.6
2011,7,7,0.411,0.116086029962823,1.39416108400914,4
2011,7,8,0.546,0.103297342578492,1.36076964735709,5.8
2011,7,9,0.347,0.0460830632835028,1.31059046907361,0.2
2011,7,10,0.325,0.00423543500288104,1.25195593938605,0.8
2011,7,11,0.45,0.0613645808754815,1.19585585407967,7
2011,7,12,1.167,0.0261827710889464,1.21889679977477,4.8
2011,7,13,1.15,-0.0382671558920844,1.27073655427323,0.4
2011,7,14,0.826,-0.0191980602582258,1.32136482337579,12.6
2011,7,15,0.567,-0.0228137578806649,1.35900322908321,7.8
2011,7,16,0.328,-0.0147841998509615,1.373372497008,0.6
2011,7,17,0.271,0.0203257640332373,1.36062234867744,0
2011,7,18,0.235,0.00848733397659651,1.32154783246641,0
2011,7,19,0.211,0.0259644331653697,1.26245894169816,0.4
2011,7,20,0.315,0.0906295924350551,1.08586970084039,2.4
2011,7,21,0.995,0.202394575746352,1.19154653558465,23.6
2011,7,22,47.71,0.267495257339542,1.11627169428565,43
2011,7,23,5.796,0.282232903793453,1.04260426840669,14.4
2011,7,24,1.438,0.272745754380298,0.975085864720054,0.6
2011,7,25,1.157,0.119249658080659,0.918825770719065,4.8
2011,7,26,1.105,0.0383368200954795,0.881187561151404,0.6
2011,7,27,0.791,-0.0483995918467489,0.920748229225185,0
2011,7,28,0.862,0.0253605651172883,1.00764533977541,3.6
2011,7,29,0.663,0.0418486924216932,1.11827271680352,0
2011,7,30,0.606,0.0596471114839845,1.23895369383071,0.2
2011,7,31,0.575,0.0959057526175593,1.35350415684417,0.2
2011,8,1,0.529,0.0676315856090999,1.44458876981875,0
2011,8,2,0.493,0.0857323638590972,1.49851287401115,0
2011,8,3,0.468,0.152364120169986,1.50562422882853,0
2011,8,4,0.441,0.14192337155554,1.35146703343774,0
2011,8,5,0.578,0.0865576673402946,1.46633763566627,3.2
2011,8,6,0.36,0.0533542348974745,1.38809692492217,0
2011,8,7,0.333,-0.00204252311114872,1.28560186473458,0.6
2011,8,8,0.327,-0.0510324658031827,1.17738710646682,0
2011,8,9,0.317,-0.0289625776002851,1.11482106867206,0
2011,8,10,0.301,0.0323524527280676,1.12758005243273,0.8
2011,8,11,1.575,0.0783566829516431,1.16897111311047,10.6
2011,8,12,0.359,0.0984112909160335,1.2223562367187,0.2
2011,8,13,0.292,0.18279350871127,1.26968123731176,0.4
2011,8,14,0.368,0.175064695111637,1.29660648300085,2
2011,8,15,0.382,0.0856875221726809,1.29604931884575,5.4
2011,8,16,0.614,0.0955821111315764,1.26819345304416,8.4
2011,8,17,0.397,0.0854056087815205,1.21983201019869,0
2011,8,18,0.285,0.107578758875596,1.15881747794091,0
2011,8,19,0.265,0.0729873969802524,1.06312054420808,0
2011,8,20,0.255,0.0521824697962809,1.09078341714194,0
2011,8,21,0.248,-0.00412068870436311,1.01920037804332,0
2011,8,22,0.244,-0.0442763933649003,0.947285071438075,0
2011,8,23,0.235,-0.110233733542475,0.88178373258421,0
2011,8,24,0.26,-0.0713451574008889,0.837401150877964,0
2011,8,25,0.237,0.0154800542291335,0.881349660684923,0
2011,8,26,0.241,0.0607712077643694,0.978658775339782,0
2011,8,27,0.245,0.0672486099007321,1.11477717967971,0
2011,8,28,0.244,0.0605345480781718,1.26593624394354,0
2011,8,29,0.353,0.109382912163144,1.40534848758021,2.8
2011,8,30,0.439,0.134776593521229,1.50738612985352,2.2
2011,8,31,0.252,0.115112599099218,1.55346437623763,0
2011,9,1,0.278,0.0421599782240174,1.53656600053895,0
2011,9,2,0.28,0.036431157198928,1.46182117302373,1
2011,9,3,0.263,-0.0136692986420044,1.39557882543655,0.2
2011,9,4,0.264,-0.00912528113502864,1.34564466492398,0
2011,9,5,0.273,-0.0522465711460558,1.20953005731626,0
2011,9,6,0.272,-0.0821465798940058,1.09801030096151,0
2011,9,7,0.275,-0.0331324864262704,1.04899062654835,0
2011,9,8,0.271,-0.00296908057505996,1.04900542767401,0
2011,9,9,0.272,0.0611128252044996,1.08549904504595,0
2011,9,10,0.265,0.133594578134581,1.13699882648922,0
2011,9,11,1.609,0.232871200014804,1.18363491643252,21.6
2011,9,12,0.262,0.112198253800265,1.21108088177228,2.4
2011,9,13,0.314,0.0178049636812019,1.21356095688888,5.8
2011,9,14,0.183,-0.0151922218123492,1.19304303521923,1.6
2011,9,15,0.235,0.0472617318635011,1.15538127756334,1.6
2011,9,16,0.278,0.0168548319786546,1.11905493149432,0.6
2011,9,17,0.159,0.0177908526097323,1.08688851981356,0.6
2011,9,18,0.296,0.0471242877939479,1.03831052214393,4.6
2011,9,19,0.779,0.0398142540557929,0.983327908823907,6.2
2011,9,20,0.2,0.114850637850313,0.914347557306326,0.2
2011,9,21,0.132,0.0755044954103311,0.86061306549161,0
2011,9,22,1.037,0.104004487684093,0.846563576085511,13.2
2011,9,23,0.618,0.181348526765416,0.890147879485284,4.4
2011,9,24,0.164,0.144698371726228,0.993477508680069,0
2011,9,25,0.238,0.141568300120954,1.13728536447302,3
2011,9,26,0.17,0.0623886291957643,1.29148714860563,1.2
2011,9,27,0.127,0.00313220299833072,1.42435998417267,0
2011,9,28,0.123,0.0397308660501199,1.51013609609292,0
2011,9,29,0.122,0.12017658528038,1.53311623643252,0
2011,9,30,0.118,0.149097928567761,1.52964450062328,0
2011,10,1,0.415,0.0769717359198352,1.51015407966114,7.8
2011,10,2,1.203,0.0393150621479175,1.43053273977683,16.2
2011,10,3,1.155,0.0339201651678256,1.31074516699325,9.8
2011,10,4,0.39,0.0898207617852669,1.18147531150698,0
2011,10,5,0.213,0.119468385652664,1.07539736684849,1
2011,10,6,0.521,0.170062858295455,1.01493332257758,4.4
2011,10,7,0.17,0.132727243616912,1.00204434659669,0
2011,10,8,0.147,0.100464891716614,1.02292862555535,0
2011,10,9,0.151,0.103428621331492,1.05854512608175,0
2011,10,10,0.918,0.131553340099769,1.09206647704813,12
2011,10,11,0.769,0.104356435757353,1.11305140958096,1.2
2011,10,12,1.502,0.0938549007783531,1.11758481095519,11.2
2011,10,13,0.386,0.127007842463063,1.11416539892112,2.8
2011,10,14,0.217,0.0407295629948115,1.13197046347041,0
2011,10,15,0.183,0.0185716707057031,1.13068327020896,0
2011,10,16,0.158,0.0146491236135724,1.1102197262128,0.4
2011,10,17,0.438,0.0818647339372203,1.07123378864028,4.2
2011,10,18,0.819,0.051022689023803,1.01855586779951,8.8
2011,10,19,1.266,0.0696421376364269,0.963679448847504,11.2
2011,10,20,1.287,0.148473997757302,0.924084727662905,0.2
2011,10,21,0.21,0.0520537203301342,0.919766994503841,0
2011,10,22,0.171,0.059534803887533,0.964568791478477,0
2011,10,23,0.157,0.0594877191813258,1.05573699882353,0
2011,10,24,0.149,0.0528090108248713,1.17512045268376,0
2011,10,25,0.146,0.0319837926950359,1.29677371087422,0
2011,10,26,0.138,0.0206768365635051,1.3951151921618,0
2011,10,27,0.131,-0.0237244801094363,1.45066621559928,0
2011,10,28,0.126,-0.0259566272727738,1.51316650255862,0
2011,10,29,0.197,0.012689816281888,1.5499507136085,0.6
2011,10,30,0.129,0.0380260590226307,1.52107163485178,0
2011,10,31,0.124,0.119770734492376,1.43731121078241,0.4
2011,11,1,0.554,0.0968713658000031,1.32081552684195,8
2011,11,2,0.279,0.155543982354157,1.19807566088009,0.2
2011,11,3,0.159,0.0988835794171379,1.09412317115923,1.8
2011,11,4,0.164,0.0618846005715601,1.02317400171832,0
2011,11,5,0.132,0.0187290429844782,0.987116497759481,0.8
2011,11,6,0.107,0.0147005050760175,0.978743313636737,0.2
2011,11,7,0.132,0.00646588683116023,0.986776420913329,0.6
2011,11,8,0.1,-0.0315136455850447,1.00149965190538,0
2011,11,9,0.099,-0.0252588145914884,1.01592511622945,0
2011,11,10,0.12,0.0137883880819112,1.03958693068524,0
2011,11,11,0.095,0.070301197012119,1.08981614823285,0
2011,11,12,0.092,0.160744776205664,1.12549546231053,0.2
2011,11,13,0.093,0.137308474074673,1.14442695325509,0
2011,11,14,0.09,0.0537012824578447,1.14437826078528,0
2011,11,15,0.091,0.0236479789013502,1.1268992577291,0
2011,11,16,0.09,0.0157058640265246,1.09808319920713,0
2011,11,17,0.088,0.034274582338417,1.0684704992812,0
2011,11,18,0.09,0.0515194472253607,1.05097154884424,0
2011,11,19,0.089,0.0778632746759393,1.0559935823672,0
2011,11,20,0.079,0.0464177600024569,1.08708045523623,0
2011,11,21,0.079,0.0365236251038517,1.14005298849406,0
2011,11,22,0.078,0.0178810356085244,1.20486726277671,0
2011,11,23,0.081,-0.0135241638388315,1.27032160552589,0
2011,11,24,0.121,-0.0390895689565891,1.32444553418225,3.6
2011,11,25,0.083,-0.0600283268935775,1.40599751561634,0
2011,11,26,0.077,-0.00670918651442243,1.4900170646542,0
2011,11,27,0.08,-0.00329359684459662,1.52272219680526,0
2011,11,28,0.073,0.00929420590867847,1.5026731553413,0
2011,11,29,0.073,0.0111426979478471,1.43868583791876,0
2011,11,30,0.077,-0.032943783864485,1.34640702958315,0.6
2011,12,1,0.072,0.0474213135993364,1.24351564434589,0
2011,12,2,0.617,0.0690085774436144,1.14526926316785,11
2011,12,3,0.092,0.0590577941572353,1.06169425877779,0.6
2011,12,4,4.819,0.0463617496960146,0.997649717340559,39.8
2011,12,5,0.352,0.049305210329288,0.954391053213626,1.6
2011,12,6,0.162,0.0676279349940545,0.931266830264896,0
2011,12,7,0.105,0.0642291209094952,0.926720601096251,0
2011,12,8,0.096,-0.00675072068740945,0.937663653513373,0
2011,12,9,0.092,0.0117708762907149,0.993726450977148,0
2011,12,10,0.087,0.0593044409099859,1.05992296620497,0
2011,12,11,0.264,0.0678693315240366,1.12070262991793,4.2
2011,12,12,0.3,0.0820273152021458,1.1701830268604,4.6
2011,12,13,0.13,0.0826458391622777,1.20457235949762,1.6
2011,12,14,0.316,0.0669112073550173,1.22298275344045,11.2
2011,12,15,5.296,0.111659370193463,1.22889021823016,40.2
2011,12,16,0.407,0.0694292238668375,1.22661109361078,0
2011,12,17,0.199,0.0772292057394544,1.22103872367224,0
2011,12,18,0.66,0.167579817732264,1.21502845616523,12.2
2011,12,19,0.753,0.255265969004249,1.20890972027964,4.8
2011,12,20,0.224,0.0994452816704858,1.20422038623896,0
2011,12,21,0.159,0.00289316911594972,1.20406678477453,0
2011,12,22,0.137,-0.0559169669451205,1.21389950485204,0
2011,12,23,0.126,-0.0106654091133247,1.26216857752462,0
2011,12,24,0.268,0.0231923068079829,1.35679351952795,1.2
2011,12,25,0.117,-0.00117631555116349,1.43109039111137,0
2011,12,26,0.113,0.0226122918747989,1.47227131108607,0
2011,12,27,0.124,0.075299921592062,1.47482282836269,0
2011,12,28,0.155,0.127505463921336,1.44002886745675,0.2
2011,12,29,0.773,0.128415278348235,1.37505126927147,14.6
2011,12,30,0.667,0.0738312834578219,1.29073804957078,16.8
2011,12,31,4.953,0.118153762710657,1.19852155343396,31.2
2012,1,1,0.508,0.111831238325011,1.10678891773025,0.2
2012,1,2,0.345,0.000215713259774319,1.02324732395218,0
2012,1,3,0.264,0.00189967930588464,0.953715360932241,0.4
2012,1,4,0.23,-0.038722594653571,0.904538759270672,0.4
2012,1,5,0.178,-0.0126519139143756,0.881298636415286,0
2012,1,6,0.178,0.0977736984154649,0.888163927511897,0
2012,1,7,3.14,0.331044082577295,0.949435533496438,45.8
2012,1,8,1.828,0.344002453294855,1.03439255990573,2.2
2012,1,9,2.456,0.279262853101789,1.12663768320532,15.8
2012,1,10,1.298,0.14559200960995,1.21613231640078,0
2012,1,11,0.522,0.156022097082753,1.29383922564654,0
2012,1,12,0.373,0.154952366538769,1.35280317779875,1
2012,1,13,0.543,0.0336406728845862,1.38741895166068,2.8
2012,1,14,0.279,-0.0302565609519954,1.39557233738449,0
2012,1,15,0.234,-0.0221193036415677,1.37782598934622,0
2012,1,16,0.208,-0.0400846428852288,1.33719947968813,0
2012,1,17,0.32,-0.0808901343408628,1.28040707055961,4.6
2012,1,18,0.335,-0.102007505454634,1.21796478898631,0
2012,1,19,0.16,-0.0667288877900867,1.16551517439957,0
2012,1,20,0.152,-0.0494638696629746,1.15908169418185,0
2012,1,21,0.143,-0.0345366123320214,1.21724033501461,0
2012,1,22,0.139,-0.016956744397187,1.29226231326066,0.4
2012,1,23,0.135,-0.0171465664569663,1.36552858808177,0
2012,1,24,0.124,-0.0174510178104501,1.41878427896083,0
2012,1,25,0.122,0.0426504555638993,1.43945222153569,0.4
2012,1,26,0.116,0.0634160150098939,1.42389637863485,0
2012,1,27,0.287,0.0520337487499132,1.37617143122213,4.2
2012,1,28,0.15,0.0377466657197199,1.30504108741306,0
2012,1,29,0.109,0.0265426633193486,1.22104822749548,0
2012,1,30,0.108,0.0430981938681514,1.13260610579469,0
2012,1,31,0.108,0.0208376739355733,1.04652562858084,0
2012,2,1,0.107,0.0214834407983008,0.9679645443731,0
2012,2,2,0.118,0.0781102535857475,0.90434241975076,0
2012,2,3,0.107,0.113313840779998,0.866234429837719,0
2012,2,4,0.099,0.168150619841065,0.866611808351025,0
2012,2,5,0.095,0.187138061210274,0.925332018595189,0
2012,2,6,0.124,0.19743778372843,1.0275970622472,1
2012,2,7,0.096,0.163598567766695,1.15099199300308,0
2012,2,8,0.094,0.102618080831272,1.27841423338503,0
2012,2,9,0.092,0.0440878822636481,1.39212819615171,0
2012,2,10,0.086,0.0223273611012182,1.47577698908091,0
2012,2,11,0.085,0.0234072653583977,1.51772261509012,0
2012,2,12,0.324,-0.00146703544509075,1.51330636275051,3.6
2012,2,13,0.928,0.0102339184562332,1.4654387424509,22
2012,2,14,6.41,-0.0100475444766546,1.38396459795245,38.8
2012,2,15,0.759,0.00673713539335119,1.28360330227086,12.8
2012,2,16,0.239,0.0131357819434725,1.20405793931368,0.2
2012,2,17,0.297,-0.0152414648157557,1.15224771588261,0.8
2012,2,18,0.135,-0.00605733038263634,1.14214890511025,0
2012,2,19,0.173,-0.00549448016164189,1.17611270425616,0
2012,2,20,0.121,-0.019295540405067,1.23847486663052,0.2
2012,2,21,0.092,-0.0354086638051443,1.30611678214814,0
2012,2,22,0.097,-0.0422921127300746,1.35808731765865,0.4
2012,2,23,9.797,-0.0501055577114604,1.3805367498894,37.6
2012,2,24,0.46,-0.0684387037331671,1.36968474527318,0
2012,2,25,0.174,-0.0272371685737516,1.32963477640633,0
2012,2,26,0.131,-0.0126959253830563,1.26965887482748,0
2012,2,27,0.115,0.0505945200740301,1.1986591498999,0
2012,2,28,0.106,0.0941280928473049,1.13146877938732,2
2012,2,29,0.114,0.0631500789211517,1.06100515463699,0
2012,3,1,0.209,0.0960299159575211,0.985714764585529,3.2
2012,3,2,0.098,0.0540387495742054,0.917003597846755,0
2012,3,3,0.183,0.0542062722727233,0.873822296898644,4
2012,3,4,0.156,0.0796360348612765,0.877615119557484,0.8
2012,3,5,0.089,0.0777222953866679,0.939769749723244,0
2012,3,6,0.099,0.178383856513925,1.05238120211699,0
2012,3,7,0.347,0.196586601986833,1.19415398493663,14
2012,3,8,0.723,0.171959717707779,1.34001582249285,10.2
2012,3,9,0.136,0.109311082211342,1.46465698571759,0
2012,3,10,0.208,0.153807442205979,1.54681911878679,1.6
2012,3,11,0.937,0.172610242700257,1.57454570871685,12.8
2012,3,12,1.448,0.0500447872195804,1.54555337510771,4.4
2012,3,13,0.184,0.0235790214542537,1.46959057535542,0
2012,3,14,0.133,-0.0317620925256648,1.44377585720054,0
2012,3,15,0.118,-0.0581670057274817,1.34281566359671,0
2012,3,16,0.109,-0.0242520063638081,1.23886018382776,0
2012,3,17,0.103,0.0290742239420321,1.1634807819483,0
2012,3,18,0.524,0.11683988910357,1.13547049828685,12
2012,3,19,57.924,0.378343187572962,1.1518896245829,193.6
2012,3,20,19.259,0.311061819493053,1.19511353937207,31
2012,3,21,4.379,0.209903113737299,1.2433741578807,12.4
2012,3,22,2.82,0.0706416052697167,1.27843225697473,0.2
2012,3,23,1.359,0.0322714363504715,1.29048515376749,0
2012,3,24,5.343,0.0752402923227677,1.27704656443098,22.4
2012,3,25,4.133,0.015198335245016,1.24331440841993,0.6
2012,3,26,1.02,-0.011914252359843,1.20800581607247,0
2012,3,27,0.771,-0.0120175364893385,1.1590546373712,0
2012,3,28,0.654,0.0310964814377375,1.08286670466294,0
2012,3,29,0.573,0.0641406548960346,1.09759772665564,0
2012,3,30,0.502,0.0581405193037561,1.02947030136991,0.2
2012,3,31,0.53,0.0823168071534341,0.967021016211779,0.8
2012,4,1,0.503,0.129857031727463,0.929001052379313,1.4
2012,4,2,0.619,0.292325619054377,0.936318200738887,3.6
2012,4,3,8.069,0.564765660952441,0.999292781433272,43.4
2012,4,4,3.928,0.450500635805755,1.10981312672802,6.4
2012,4,5,1.519,0.318913593538857,1.24557943806414,2.8
2012,4,6,0.867,0.155635478291117,1.37983972478964,0.2
2012,4,7,0.872,0.151400685065334,1.50397580577458,5.4
2012,4,8,0.736,0.121926019214598,1.58807795287705,0
2012,4,9,0.513,0.0844367310649883,1.61227158189109,0
2012,4,10,0.453,0.0259929702014428,1.57428042803147,0
2012,4,11,0.835,0.0479012705713227,1.41961796547336,4.2
2012,4,12,0.798,0.0465247542338258,1.48562017619947,0
2012,4,13,0.41,0.067777295703652,1.37097225292354,0.8
2012,4,14,0.395,0.0452754245271521,1.26063226531112,0.4
2012,4,15,0.331,0.0187642924556553,1.17981310731856,0
2012,4,16,0.301,0.00721940098390139,1.13903778305076,0
2012,4,17,0.284,0.00168616125561716,1.13255456519193,0
2012,4,18,0.267,0.000749182451438735,1.14671979240393,0
2012,4,19,0.607,-0.0597328012363409,1.16649034594684,0
2012,4,20,0.608,-0.036635954795992,1.17988576960035,0
2012,4,21,0.179,-0.0655553568638874,1.20978656752437,0
2012,4,22,0.173,-0.0353852504167922,1.22435447716529,0.6
2012,4,23,0.223,-0.0469514277702743,1.22018148084468,0.6
2012,4,24,0.199,-0.0271414864238055,1.19983025057118,0.4
2012,4,25,0.158,0.0201699678995242,1.16531963967159,0
2012,4,26,0.168,0.0734390859367098,1.04166731578264,1.2
2012,4,27,2.794,0.123119773706177,1.11944152583226,13.4
2012,4,28,0.253,0.0687350988875275,1.06885947805074,0.2
2012,4,29,0.167,0.0631015856975368,1.02658208876424,0
2012,4,30,0.151,0.0469972627009358,1.00866244327041,0.4
2012,5,1,0.158,0.118587427430643,1.02807769136373,0.2
2012,5,2,0.142,0.0982936704907318,1.08779189169037,0.2
2012,5,3,0.128,0.0162666354328602,1.17801347767639,0
2012,5,4,0.125,0.0247527232949476,1.28183292830819,0
2012,5,5,0.124,0.0168828750557446,1.41958789341145,0
2012,5,6,0.122,0.00681807510336729,1.53973244248279,0.4
2012,5,7,0.164,0.0473706795730202,1.61105895037326,0.4
2012,5,8,2.609,0.09779023470462,1.62308921176901,24.6
2012,5,9,1.452,0.156878607529864,1.57811329973797,8.6
2012,5,10,0.308,0.185884022791722,1.35818536609069,0.4
2012,5,11,0.221,0.100445130249895,1.49085707460872,0.4
2012,5,12,0.164,0.0834488632614663,1.38361999610249,0
2012,5,13,0.142,0.106082656573128,1.27945146933908,0
2012,5,14,1.156,0.192321280886303,1.19467820303814,19.6
2012,5,15,0.568,0.16645120888569,1.135487040779,6.2
2012,5,16,0.895,0.10269782031833,1.0998393569996,10.4
2012,5,17,0.838,0.0335504489847258,1.08200772170691,2.2
2012,5,18,0.364,0.042247320419021,1.07473954973151,0.4
2012,5,19,0.25,0.0691214391669854,1.11789667279986,0.2
2012,5,20,0.194,0.0492749188122017,1.15440233280417,0
2012,5,21,0.547,0.0757726272948749,1.17872151127667,4.8
2012,5,22,0.293,0.0993734463712259,1.19076171218814,1
2012,5,23,0.188,0.00926383255632812,1.19011638875478,0
2012,5,24,0.152,0.00395481400221076,1.17736353066584,0
2012,5,25,0.141,-0.000688741098686219,1.15490307779896,0
2012,5,26,0.138,0.0143645571197581,1.01273786193855,0
2012,5,27,0.216,0.0244089357950208,1.12999466565649,1.6
2012,5,28,0.681,0.0853125086393602,1.11235524815267,7.8
2012,5,29,0.172,0.108088768730266,1.11127608333259,0.2
2012,5,30,0.135,0.0282954078820337,1.13118959604534,0
2012,5,31,0.204,0.0561339331474844,1.16958064817735,0.6
2012,6,1,0.128,0.0333041773939273,1.22022146032538,0
2012,6,2,0.118,-0.0102901772885651,1.29371823862005,0
2012,6,3,0.115,-0.0179469123161855,1.41812924564021,0
2012,6,4,0.118,0.00116233353331485,1.51807114458064,0
2012,6,5,0.464,0.1280729544472,1.57729457194426,4.4
2012,6,6,0.35,0.216915009723565,1.58830791538548,3.4
2012,6,7,0.152,0.121314866914169,1.55277188081381,0.4
2012,6,8,0.122,0.0699803464879536,1.48034855295371,0
2012,6,9,0.116,0.0432111434212026,1.23420534793258,0.2
2012,6,10,0.216,0.027958378502789,1.38615066057389,0.8
2012,6,11,0.114,0.036163550969561,1.28558823281665,0
2012,6,12,0.11,0.0633724419528314,1.19087176873196,0
2012,6,13,0.111,0.0695743861118141,1.10964697820561,0
2012,6,14,0.106,0.142927141295533,1.04577496782236,0
2012,6,15,0.101,0.163609336898937,1.00081370387242,0
2012,6,16,0.097,0.142568032840664,0.998956889941184,0
2012,6,17,0.092,0.107198494003676,1.04291384405746,0
2012,6,18,0.378,0.170775653247091,1.08915782398727,5.4
2012,6,19,0.123,0.21706690649674,1.1333350601286,0.2
2012,6,20,0.106,0.203671088404523,1.17184165248518,0.2
2012,6,21,0.121,0.208225243602313,1.20107250882523,0.8
2012,6,22,0.138,0.126647452476591,1.21867881754282,0
2012,6,23,0.09,0.0673537795364627,1.22526552272283,0.2
2012,6,24,0.438,0.0988197039691405,1.07521771038054,6.6
2012,6,25,0.117,0.0412025700885224,1.22378311977024,0.4
2012,6,26,0.194,0.047384163878972,1.21864283522578,3.2
2012,6,27,0.113,-0.046605332275536,1.21330374053781,0.8
2012,6,28,0.097,-0.0586065040465651,1.20893513569985,0
2012,6,29,0.09,0.01425175218811,1.20592011661488,0.4
2012,6,30,0.085,0.0819523086726131,1.20628685080203,0
2012,7,1,0.083,0.134121980455764,1.27088411298402,0
2012,7,2,0.428,0.211295518838836,1.36796756927832,11.6
2012,7,3,3.928,0.329704857678826,1.45350660339632,25
2012,7,4,0.33,0.229875293056707,1.51274526417784,1
2012,7,5,0.418,0.220111889796514,1.5342134625984,3.8
2012,7,6,0.58,0.174541245299864,1.51352549217448,2.6
2012,7,7,0.184,0.109572311851667,1.28103151515706,0
2012,7,8,0.154,0.0246350203529444,1.22605600925403,0
2012,7,9,0.137,0.0151951203147445,1.36737187897818,0
2012,7,10,0.128,0.0150476397839721,1.26544775955173,0
2012,7,11,0.119,-0.0534921559131842,1.16047127688327,0
2012,7,12,0.113,-0.0436095542714785,1.0619781411418,0
2012,7,13,0.108,-0.0290928198681474,0.977286791794667,0
2012,7,14,0.104,-0.0262598656164171,0.913065149671243,0
2012,7,15,0.12,0.0127013901049093,0.911764639579198,0.6
2012,7,16,0.439,0.0199527750223294,0.960150655948299,10.4
2012,7,17,0.282,0.0134194034007804,1.02548425730536,1.2
2012,7,18,0.13,0.0165846433327437,1.09936222960988,0
2012,7,19,0.127,0.108800060117873,1.17335340124729,0
2012,7,20,0.11,0.112460245512662,1.23962325401716,0
2012,7,21,0.238,0.1332293621332,1.29016123656383,3.4
2012,7,22,5.05,0.215406319022233,1.32001894001172,51
2012,7,23,5.526,0.157233245797916,1.32711074640642,13
2012,7,24,11.562,0.216204887484157,1.17902514685583,16.4
2012,7,25,2.358,0.256757878151556,1.31214550517894,15.2
2012,7,26,2.185,0.258935217338837,1.27827227565542,1.4
2012,7,27,0.78,0.118751593103847,1.23157087526743,0.2
2012,7,28,0.568,0.0898613759461555,1.18028416739704,1.8
2012,7,29,7.41,0.277837983642353,1.15215366930227,32.4
2012,7,30,4.405,0.270103135746968,1.21165846820944,5.8
2012,7,31,1.858,0.200032620853685,1.2923287173669,6.4
2012,8,1,0.935,0.172999250291064,1.37460480669554,1.8
2012,8,2,0.794,0.13173385034896,1.43857890256981,5.2
2012,8,3,0.667,0.128146074844095,1.46714382734786,1.4
2012,8,4,1.329,0.130933138348063,1.45311439872971,20.4
2012,8,5,0.894,0.161019644439867,1.39899123426229,4
2012,8,6,0.832,0.137964266814444,1.31519958109216,1.6
2012,8,7,0.655,0.104296607811462,1.16323686489084,5.8
2012,8,8,0.924,0.108359842244103,1.21382928073752,10.2
2012,8,9,1.126,0.130756766841101,1.10704954992867,3.8
2012,8,10,0.667,0.147249707250859,1.0035673857439,0.2
2012,8,11,5.493,0.131582847186832,0.910510218371955,15
2012,8,12,34.194,0.147209832326733,0.835690156436296,35.2
2012,8,13,5.83,0.210525191111188,0.832020833971453,2.4
2012,8,14,1.231,0.177392049616743,0.887436105913813,0
2012,8,15,0.951,0.125967547307939,0.974844830640361,1.8
2012,8,16,0.78,0.112046821301163,1.08095415328035,0
2012,8,17,0.661,0.0955222370572375,1.19089089200138,0
2012,8,18,1.531,0.0441471054126052,1.28980886616663,0.2
2012,8,19,7.064,0.0870547281622684,1.36357426589045,23
2012,8,20,4.42,0.0582812613172716,1.4019497653598,0
2012,8,21,0.722,0.0771756383200892,1.39966024877761,0.8
2012,8,22,0.62,0.0583234561075421,1.29867666198299,0.4
2012,8,23,0.521,0.0564034778952176,1.3591867164765,0
2012,8,24,0.47,0.0593804275805991,1.28846339239662,0.2
2012,8,25,0.442,0.00380308366759818,1.20085620461052,0.2
2012,8,26,0.513,-0.0352968411455346,1.11408803375045,0
2012,8,27,1.221,0.0276712323751531,1.10997006832415,8.8
2012,8,28,0.498,0.0194968164484082,1.15065602273668,0
2012,8,29,0.515,0.105340480725198,1.22082763252644,1
2012,8,30,1.137,0.292221297545677,1.2962019824297,15.6
2012,8,31,0.628,0.140166383549273,1.3532993373921,0
2012,9,1,0.422,0.00620866994790448,1.37627593795967,0
2012,9,2,0.355,-0.0202448155242432,1.3594928669143,0
2012,9,3,37.325,0.182968553818006,1.30752431700074,52.4
2012,9,4,1.595,-0.00816280430797778,1.22979282247408,3.2
2012,9,5,0.744,-0.052862097320874,1.16160387450194,1.2
2012,9,6,0.512,-0.0646325139924033,1.08825907106135,0
2012,9,7,0.435,0.0113415523559015,1.04120930862343,0
2012,9,8,0.551,0.0272943578377206,0.945693376790651,3.8
2012,9,9,0.447,0.0453237253061901,0.856295644596413,0.2
2012,9,10,0.411,-0.0229989645379501,0.790741669344533,1.2
2012,9,11,0.363,0.0204941877643594,0.791379081441116,1.2
2012,9,12,0.318,0.0516250176965022,0.848822163872617,0.4
2012,9,13,0.272,0.0548454190925289,0.951059070456347,0
2012,9,14,0.263,0.0796536110981156,1.07849925127837,0
2012,9,15,1.493,0.097571588485595,1.21049772478358,13.2
2012,9,16,1.281,0.0991219017714084,1.32588053319489,8.6
2012,9,17,0.419,-0.0201426732135308,1.40605985309156,0.2
2012,9,18,0.297,-0.0173408649091982,1.43866733234854,0.2
2012,9,19,0.243,0.0442458295932153,1.42017480489996,0
2012,9,20,0.231,0.0875882179729068,1.40689996383828,0
2012,9,21,0.372,0.107947634453448,1.35727631700216,6.4
2012,9,22,0.218,0.031732564005972,1.27400117479714,0
2012,9,23,0.233,0.0100704092873929,1.18192289562959,0.6
2012,9,24,0.367,0.0232824639952556,1.11309442059934,2.2
2012,9,25,0.275,0.0778082121257599,1.0901803393016,0.2
2012,9,26,0.267,0.0880554147841515,1.11178453269975,1
2012,9,27,0.95,0.136884661320473,1.16019733822606,13.8
2012,9,28,16.795,0.474174949644337,1.21217890042013,55
2012,9,29,3.409,0.180264250350906,1.2486127788529,1.6
2012,9,30,0.93,0.0978387072637492,1.25831499175314,0
2012,10,1,0.586,0.115415208064446,1.23810472900775,1.8
2012,10,2,0.488,0.0445947325674989,1.21323079005036,0.6
2012,10,3,0.415,0.0476123206013299,1.19317093752373,0.2
2012,10,4,0.459,0.0762168256817541,1.14824826152239,0.2
2012,10,5,0.348,0.102528663899438,1.08584685286266,0
2012,10,6,0.59,0.0329059263402072,1.01282835471012,4.2
2012,10,7,0.312,0.0971787687551968,0.935471626173659,0
2012,10,8,0.433,0.0773553706658811,0.864686665481078,3
2012,10,9,0.509,0.178149835563604,0.818048711658871,0.4
2012,10,10,0.269,0.176546642872113,0.815974672598387,0.8
2012,10,11,0.264,0.15710457134434,0.868697759223309,0
2012,10,12,0.232,0.0808296755196071,0.967579276788323,0
2012,10,13,0.438,0.187396167207832,1.09294356208424,3.8
2012,10,14,0.273,0.0747570312739734,1.22197794474505,0.6
2012,10,15,0.213,0.0289999131552985,1.33173579641451,0.2
2012,10,16,0.18,0.00281542922285638,1.40380809678678,0
2012,10,17,0.167,0.0236369236886966,1.44570863227255,0
2012,10,18,0.375,0.0286313708878034,1.49639881050516,4.6
2012,10,19,0.231,0.0389424283286213,1.48750044186667,0.8
2012,10,20,0.163,0.0318785820232197,1.42557495057808,0
2012,10,21,0.148,0.0489828831666321,1.32943644557225,0
2012,10,22,0.152,0.0698576211328117,1.2275709155188,0
2012,10,23,0.191,0.109813797569093,1.14741248928041,1
2012,10,24,0.14,0.0481810624616895,1.10327719508593,0
2012,10,25,0.134,0.0912047493833643,1.09210436664105,0
2012,10,26,0.129,0.149159029639056,1.10234521568799,0
2012,10,27,0.125,0.102904758858685,1.11937084199206,0
2012,10,28,0.171,0.0659571371336152,1.13105234072755,3.2
2012,10,29,0.444,0.121664375299169,1.12965929965367,9.2
2012,10,30,0.19,0.127610451710967,1.15243200901063,0.4
2012,10,31,0.144,0.0912302662583595,1.16832914078101,0
2012,11,1,0.116,0.110801391998556,1.15990252902494,0
2012,11,2,0.113,0.103329960901106,1.13272008071479,0
2012,11,3,0.247,0.107308727461535,1.09206630386647,2.6
2012,11,4,0.12,0.0571004262770742,1.0419036644267,0
2012,11,5,0.112,0.0409667210958897,0.987698033972072,0
2012,11,6,0.102,0.104218071053336,0.938644988461053,0.4
2012,11,7,0.114,0.0934996970449608,0.908570618931819,0.4
2012,11,8,0.099,0.120830097373609,0.910983351857818,0
2012,11,9,0.096,0.0916147634468916,0.951835785683968,0
2012,11,10,0.095,0.0831656609559134,1.02654175272081,0
2012,11,11,0.094,0.0843551605350035,1.12180682116702,0.2
2012,11,12,0.323,0.120866717337758,1.22174633545123,6.8
2012,11,13,0.585,0.106273178996093,1.30919850200914,3.2
2012,11,14,0.531,0.0472107815106,1.38471887110571,0
2012,11,15,0.103,0.0751784706460095,1.49115430965142,1
2012,11,16,0.1,0.0871509116439835,1.54490764568955,0
2012,11,17,0.656,0.100450393145436,1.54046785279357,9.6
2012,11,18,0.238,-0.050553405770525,1.48636085763625,0
2012,11,19,0.083,0.0331178143470834,1.39873292237388,0
2012,11,20,0.2,0.0300311147488326,1.29938331084096,3.4
2012,11,21,0.17,0.097946210341695,1.20692425695639,1.8
2012,11,22,0.151,0.168827767034143,1.13229902006954,3
2012,11,23,0.106,0.118057590439634,1.07893216253335,0
2012,11,24,0.085,0.0832155353578988,1.04537555176146,0
2012,11,25,0.08,-0.00333556319728634,1.0273721409176,0
2012,11,26,0.079,-0.0423403899819952,1.01894849119912,0
2012,11,27,0.083,-0.0165225892490948,1.04658742758177,0
2012,11,28,0.081,0.0205842663271443,1.08815890962037,0
2012,11,29,0.176,0.100751004894194,1.11580097197175,4.4
2012,11,30,0.103,0.10066810423122,1.12950497734565,0
2012,12,1,0.075,0.0608503838327747,1.13137528035662,0
2012,12,2,0.072,0.0901827385739669,1.12286587348617,0
2012,12,3,0.074,0.136709530856591,1.10564297023704,0
2012,12,4,0.075,0.110571594524457,1.08318863502382,0
2012,12,5,0.351,0.164245950863489,1.0617314503196,4.8
2012,12,6,0.234,0.194000292612614,1.04885621066527,0
2012,12,7,0.077,0.105076957693476,1.05086999135264,0.6
2012,12,8,0.092,0.0164479712991489,1.06989421825636,0
2012,12,9,0.068,0.0133655870088492,1.10389962532351,0
2012,12,10,0.067,-0.00570259847899779,1.1508666092733,0
2012,12,11,0.065,-0.00445308889991325,1.20780246047031,0
2012,12,12,0.076,-0.00263233912425798,1.26914138743995,0.4
2012,12,13,0.065,-0.000945116962350001,1.39031910493228,0
2012,12,14,0.063,0.0122399984554955,1.4966310580024,0
2012,12,15,0.062,0.00482987211654429,1.56072907624305,0
2012,12,16,0.061,0.0148882027471404,1.57438747461015,0
2012,12,17,0.067,0.0686495559492939,1.53968310676316,0.4
2012,12,18,1.421,0.0117671403744937,1.46559584875825,19.8
2012,12,19,0.334,0.0992103190755607,1.36688395201621,0.2
2012,12,20,0.074,0.0707379221813251,1.25894097461255,0
2012,12,21,0.07,0.0677150153978865,1.15488672266019,0.4
2012,12,22,0.065,0.0950574264647286,1.06451220348461,0
2012,12,23,1.113,0.243539712094739,0.994445693974028,14
2012,12,24,2.294,0.222348496403489,0.948308377699053,36.2
2012,12,25,2.54,0.169990674931559,0.932580013805945,15.4
2012,12,26,0.353,0.122415473814607,0.973302158514973,0
2012,12,27,0.19,0.081508677331009,1.02123926160795,0
2012,12,28,0.138,0.0687804040241582,1.07060303836597,0
2012,12,29,0.115,0.0661427281835083,1.11663276488248,0
2012,12,30,8.097,0.14160699582609,1.15615413057748,55.6
2012,12,31,0.915,0.06575986236635,1.18610548927374,0
2013,1,1,0.315,0.0172152648335158,1.20472402347842,0
2013,1,2,0.183,0.0213058345853099,1.21153262704945,0
2013,1,3,0.394,0.0579770655805505,1.20882727277766,5
2013,1,4,0.193,0.110083921610086,1.19958619352112,0.2
2013,1,5,0.123,0.0808456344316066,1.18691876070044,0
2013,1,6,0.113,0.186272208091788,1.1727279635314,0
2013,1,7,0.105,0.221400925289667,1.16070661411477,0
2013,1,8,0.098,0.0548312535000697,1.15866078834417,0
2013,1,9,0.143,0.0366226882888963,1.17762736645352,0
2013,1,10,0.091,0.0293006316491775,1.25086271718461,0
2013,1,11,0.088,0.0234154711492089,1.3697580498508,0
2013,1,12,0.336,0.022366499018853,1.47857435008022,1.8
2013,1,13,0.165,0.105924134209589,1.55512485488886,0.2
2013,1,14,0.086,0.136076786198909,1.58439888015935,0
2013,1,15,0.082,0.0800734172315516,1.56137513086707,0.2
2013,1,16,0.08,0.00362241325321677,1.49310904975703,0
2013,1,17,0.078,0.0685607357401055,1.39233927644671,0.4
2013,1,18,0.091,0.0888020446565265,1.27499352589841,0
2013,1,19,0.074,0.105514008302116,1.15563457101308,0
2013,1,20,0.071,0.12027015849269,1.04520210618686,0
2013,1,21,0.071,0.099854336833783,0.953218458635022,0
2013,1,22,0.071,0.0508529290075365,0.888485704478263,0
2013,1,23,0.072,0.0417212170411295,0.875333522446177,0
2013,1,24,0.066,0.0340875665808841,0.909042605578327,0
2013,1,25,0.067,0.12071743286007,0.968887461051099,0.2
2013,1,26,0.068,0.1302538999251,1.04421787793347,0
2013,1,27,0.059,0.155515291189697,1.12522025665674,0
2013,1,28,0.069,0.110341030266738,1.20244774863701,0.2
2013,1,29,0.056,0.0767248709041934,1.26753757383043,0
2013,1,30,0.056,0.0803818652009454,1.3134052873257,0
2013,1,31,0.057,0.0587555428856841,1.33625247880794,0
2013,2,1,0.058,0.0825368953977732,1.3349308499801,0
2013,2,2,0.092,0.08470219686264,1.31242400191251,0
2013,2,3,0.222,0.0752981566366155,1.27271952656257,6
2013,2,4,0.308,0.0629762920281907,1.2225830407051,4.4
2013,2,5,0.171,0.0557924302043464,1.17159970489507,1
2013,2,6,0.064,0.021924587435626,1.13578898927066,0
2013,2,7,0.059,-0.0141588964733745,1.15582673884406,0
2013,2,8,0.056,0.0146668115735404,1.23779619311071,0
2013,2,9,0.054,0.0397714765552064,1.3451093231961,0
2013,2,10,0.053,0.0292911116879906,1.44892416124729,0
2013,2,11,0.052,0.0288201720127368,1.52294087188269,0
2013,2,12,0.052,0.0137830982916758,1.54936595749713,0
2013,2,13,0.051,0.0198416451789372,1.52464021443801,0
2013,2,14,0.051,0.0105651169607939,1.45615250764716,0
2013,2,15,0.047,0.0100943391869663,1.35784881255208,0
2013,2,16,0.049,0.00939658635288976,1.24441406801325,0
2013,2,17,0.047,0.00230919722554934,1.1363850327047,0
2013,2,18,0.046,0.0132738428891268,1.0329341078085,0
2013,2,19,0.047,0.00755066420363937,0.938027297660187,0
2013,2,20,0.045,0.071232587196158,0.869413414662981,0
2013,2,21,0.044,0.109495069007306,0.846081550933773,0
2013,2,22,0.044,0.103253957998761,0.874225473824897,0
2013,2,23,0.044,0.0816378607612867,0.943863165326942,0
2013,2,24,0.043,0.0547778112869899,1.03986642245878,0
2013,2,25,0.041,0.0457624559556495,1.14710487342255,0
2013,2,26,0.047,0.0813981321545341,1.25121551870965,0.4
2013,2,27,0.048,0.125630897106922,1.33797003051727,0.2
2013,2,28,0.042,0.11476132016266,1.39607637004173,0
2013,3,1,0.041,0.128038411824504,1.41876889953256,0
2013,3,2,0.04,0.0798576199415542,1.40616888252699,0
2013,3,3,0.04,0.0820628400673094,1.36248547759204,0
2013,3,4,0.042,0.0914257656965936,1.30452309340721,0
2013,3,5,0.039,0.106793099234511,1.24560450763892,0.2
2013,3,6,0.075,0.0855313873191785,1.18713726194866,0
2013,3,7,0.04,0.108326461546514,1.15592523340411,0
2013,3,8,0.036,0.13977561181023,1.17325881576347,0
2013,3,9,0.035,0.0983536752704079,1.23576919878149,0
2013,3,10,0.035,0.101994684097269,1.3210117330178,0
2013,3,11,0.036,0.112375646562741,1.40031964058074,0
2013,3,12,0.12,0.0625178560596056,1.45024663807729,0
2013,3,13,0.109,0.0404725121179543,1.45900607696654,0
2013,3,14,0.062,0.0653237463466876,1.42624090655766,0
2013,3,15,0.058,0.101250001774192,1.36027656113384,0
2013,3,16,0.058,0.0479062944928759,1.2729958942178,0
2013,3,17,0.299,0.113066188763861,1.24808401394563,4.8
2013,3,18,0.079,0.11770987756844,1.15584670848017,0
2013,3,19,0.07,0.0849128537328065,1.05761263314604,0.2
2013,3,20,0.063,0.0429839406964871,0.964668894455913,0.4
2013,3,21,0.141,0.0455508710864282,0.892489959445455,1.2
2013,3,22,0.075,0.0365464408832576,0.860917478080234,0.8
2013,3,23,0.083,0.0350728114441397,0.882992909325561,2
2013,3,24,0.095,0.0419025610156049,0.953539280280507,0.2
2013,3,25,0.074,0.042452641584992,1.05622055211522,0
2013,3,26,0.058,-0.0100995519956595,1.17297362712033,0
2013,3,27,0.056,-0.0406574392696408,1.2851040684221,0
2013,3,28,0.056,-0.0658417800701656,1.37871448962162,0
2013,3,29,0.058,0.00726433465327792,1.44714318877392,0
2013,3,30,0.093,0.067996018010581,1.47321971625746,0.2
2013,3,31,0.119,0.0740712144487599,1.45406066797026,4.4
2013,4,1,0.079,0.0381831821406569,1.36400163637556,0.2
2013,4,2,0.057,0.0519214652062754,1.39665841496182,0
2013,4,3,0.055,0.114432264566441,1.31830396113345,0
2013,4,4,0.098,0.103160484497917,1.24507006577594,3
2013,4,5,0.067,0.136394081337174,1.20331403462439,0
2013,4,6,0.054,0.13816754724417,1.2034713062758,0
2013,4,7,0.08,0.0961822686225942,1.23588402798441,1.6
2013,4,8,0.069,0.059858656456,1.28120810111654,0.2
2013,4,9,0.052,0.02781070847758,1.3197782736828,0
2013,4,10,0.087,0.0282607457215291,1.3376530391459,4
2013,4,11,0.103,-0.0218189858000304,1.34100411852294,0
2013,4,12,0.086,-0.0366788821610378,1.32992090666902,0
2013,4,13,0.052,-0.0132165815911751,1.28826005282705,0
2013,4,14,0.051,0.083008099504069,1.22507198599304,0
2013,4,15,1.371,0.190655748212075,1.09434047560192,25.6
2013,4,16,1.579,0.294353182801449,1.14963240409087,14.4
2013,4,17,0.118,0.250589158417041,1.07028399588742,0
2013,4,18,0.07,0.117601264150275,0.996244663063479,0
2013,4,19,0.585,0.117276267045854,0.939449824272463,7
2013,4,20,0.231,0.147287046859728,0.915562653386211,0.2
2013,4,21,7.595,0.201667648595112,0.935489798292283,49.2
2013,4,22,0.603,0.229221346664034,0.997556340776963,4
2013,4,23,0.133,0.11263970836933,1.08959575301346,0
2013,4,24,0.094,0.0248952162310798,1.19993109672139,0
2013,4,25,0.079,0.0115958864918566,1.33577130287519,0
2013,4,26,0.08,-0.00159005056845185,1.44926601252081,0
2013,4,27,0.073,-0.0229691545438584,1.52387537294426,0
2013,4,28,0.078,0.0196240630398512,1.54941350717118,0
2013,4,29,0.067,0.0396396313483214,1.52544368806359,0
2013,4,30,0.064,-0.000966262955536479,1.35348184340565,0
2013,5,1,0.07,0.048272649805337,1.46338404755199,0
2013,5,2,0.061,0.100362429142229,1.38299323292149,0
2013,5,3,0.064,0.113589278900136,1.30774524826814,0.2
2013,5,4,2.132,0.142294831606439,1.25352826764039,24
2013,5,5,0.427,0.16938749707264,1.22370015321269,2
2013,5,6,0.331,0.037825185253628,1.21255524464817,5.4
2013,5,7,0.256,0.0191991242283764,1.21094222769124,0
2013,5,8,1.093,-0.0119767551693599,1.21153601710158,11.8
2013,5,9,0.524,0.00681879948585173,1.2526419888498,5
2013,5,10,0.319,0.0620950406674592,1.26922858936249,3
2013,5,11,0.241,0.078473973594142,1.26092478462978,1.4
2013,5,12,0.129,0.0457009778086388,1.23205676244757,0
2013,5,13,0.117,0.00060988430925546,1.18938463764571,0
2013,5,14,0.104,0.0754889538455432,1.13960649276662,0
2013,5,15,0.093,0.11364079303765,0.987748740683116,0
2013,5,16,0.087,0.157776196815695,1.08826509455667,0
2013,5,17,2.904,0.190610654980303,1.04084170900952,26.2
2013,5,18,1.229,0.182671256603131,1.00657940487139,11.2
2013,5,19,0.35,0.156065401907598,0.995042861301629,0.2
2013,5,20,0.185,0.137952613845786,1.01260354762858,0.2
2013,5,21,0.144,0.161565639122128,1.05801616192585,0.4
2013,5,22,0.409,0.201966217434509,1.12449452665755,6.6
2013,5,23,0.23,0.0769680585464469,1.23081343656892,1.6
2013,5,24,0.234,0.0375774350984612,1.3667107157676,1.2
2013,5,25,0.624,0.105003457316907,1.48124146558067,9.2
2013,5,26,0.389,0.101805948960088,1.55828286020251,1.2
2013,5,27,0.164,0.110861264210676,1.5890322073766,0.6
2013,5,28,1.801,0.120795878645055,1.57253775154415,27.6
2013,5,29,0.985,0.0252165625497698,1.35517656713956,2
2013,5,30,0.315,-0.0275974215886414,1.51824836327077,0
2013,5,31,0.219,0.0165391946490576,1.44082327453342,0
2013,6,1,0.179,0.0181557864636961,1.35578550546293,0
2013,6,2,0.155,0.0211382058350389,1.27506169510481,0
2013,6,3,0.14,0.128868809545239,1.20556552789433,0
2013,6,4,3.362,0.243828467098993,1.15053873546601,30.2
2013,6,5,8.809,0.242785702825403,1.11133616633221,27.8
2013,6,6,0.9,0.173112156469089,1.13284986214825,0
2013,6,7,0.388,0.0872903967486514,1.16354415541749,1.4
2013,6,8,0.277,0.133622420552342,1.18209235608604,0.2
2013,6,9,0.464,0.118831183896801,1.18785482495827,5.2
2013,6,10,0.494,0.15833210822083,1.18251887338045,4
2013,6,11,0.269,0.146844400799107,1.16906640110066,0.6
2013,6,12,0.352,0.10778962933598,1.15039622240362,3.6
2013,6,13,0.188,0.106074384220709,1.12800280725979,0
2013,6,14,0.163,0.0540199853381591,0.979061499048721,0
2013,6,15,0.178,0.114133699342541,1.10538481575777,1.8
2013,6,16,0.913,0.149857011925847,1.08738423489126,15.8
2013,6,17,0.299,0.15781052017335,1.07941112616576,0
2013,6,18,0.411,0.160559754478683,1.08475775169934,8.2
2013,6,19,0.882,0.163003594258921,1.10405955082956,6.6
2013,6,20,0.566,0.14103469437559,1.13629858536339,6.8
2013,6,21,0.717,0.129788748818912,1.23585173537729,7
2013,6,22,0.339,0.0300054235501062,1.36236872710043,0.4
2013,6,23,0.467,-0.00823469024725831,1.47651346797407,3.2
2013,6,24,0.25,0.057806157958916,1.5619357649871,0.2
2013,6,25,0.202,0.0648137166454272,1.60547322232401,0
2013,6,26,0.18,0.0439781974078994,1.60089841844078,0
2013,6,27,1.846,0.334587086600103,1.55061858933243,29.6
2013,6,28,1.169,0.159818700751444,1.30971600606704,0
2013,6,29,0.332,0.0575478833353669,1.46503022785895,0
2013,6,30,0.248,0.0224790888647215,1.3584777077924,0
2013,7,1,0.21,-0.0457872142419753,1.24633804319205,0
2013,7,2,0.186,-0.0770462106429923,1.14191968521699,0
2013,7,3,0.517,-0.0185975446714337,1.0552715734015,10.6
2013,7,4,2.02,0.153007141458417,1.00753576833933,14
2013,7,5,0.402,0.103001622427527,1.0317841637649,0
2013,7,6,0.275,0.130212310298646,1.06470645308535,0
2013,7,7,0.231,0.0629161140878436,1.09939623963784,0
2013,7,8,0.201,0.00427940315256636,1.13156843974856,0.4
2013,7,9,0.233,0.080477941987332,1.15811172825247,2
2013,7,10,0.351,0.0654732405172394,1.17798039913932,9
2013,7,11,0.223,0.0987410520265375,1.18881572820523,0.2
2013,7,12,0.193,0.0966568698410413,1.18922968914108,1.4
2013,7,13,0.173,0.11848391230503,1.17969119362907,0.2
2013,7,14,0.341,0.135125725920547,1.03661812631886,7.2
2013,7,15,0.412,0.225053119966147,1.16315694597132,1.4
2013,7,16,0.184,-0.00167742757671752,1.14322486056425,0
2013,7,17,0.158,-0.0381579092394316,1.12442716813092,0
2013,7,18,0.147,-0.0599203047154619,1.11094686952979,0
2013,7,19,0.139,-0.040005677841886,1.11214718259236,0
2013,7,20,0.133,-0.00675385756722813,1.21172778204737,0
2013,7,21,0.127,0.0302402441092247,1.33089632224641,0
2013,7,22,0.123,0.0633529249286326,1.45004250201163,0
2013,7,23,0.121,0.113158990055096,1.54558365794317,0
2013,7,24,0.434,0.14905717681083,1.59707386733246,7.6
2013,7,25,0.381,0.0941387013853709,1.59265150512141,1.4
2013,7,26,0.124,0.0190014775545604,1.5334798065193,0
2013,7,27,0.114,-0.0290977690282339,1.32563913943584,0
2013,7,28,0.108,-0.0305581214883104,1.43204567787347,0
2013,7,29,0.105,-0.0237167093538238,1.30568387569757,0
2013,7,30,0.103,-0.00659352405446967,1.17281224729059,0
2013,7,31,0.101,0.0348661257130145,1.04906663904518,0
2013,8,1,0.303,0.125502281168952,0.945599442439343,7
2013,8,2,9.886,0.324157613399985,0.904608858542073,66.4
2013,8,3,2.257,0.345759005210901,0.926969863332299,3.6
2013,8,4,0.693,0.240905777940605,0.973613926238627,0.6
2013,8,5,0.545,0.139784660075347,1.03322776115134,0
2013,8,6,0.347,0.126827192522601,1.0964197124629,0
2013,8,7,0.299,0.0835681392416487,1.15626453071181,0
2013,8,8,0.269,0.0476389860489992,1.20556437282097,0
2013,8,9,0.32,0.189033213392594,1.23875153984424,2.2
2013,8,10,2.069,0.348111290057461,1.25043733394484,27.2
2013,8,11,2.09,0.217266354184519,1.24026123223551,8
2013,8,12,1.408,0.0835176765533323,1.12824819259247,4.6
2013,8,13,0.739,0.108968840191707,1.21077947458463,1.8
2013,8,14,0.624,0.110464367269961,1.16838158244211,0.6
2013,8,15,0.461,0.0626454588990726,1.1207225113124,0
2013,8,16,0.601,0.161256662856005,1.07642290036123,3.2
2013,8,17,1.152,0.182031610251244,1.09250833898415,11.8
2013,8,18,0.686,0.156830481299062,1.17798287643107,0.6
2013,8,19,0.429,0.161839779394527,1.29423060990707,1.2
2013,8,20,0.522,0.138617874146414,1.41284960062817,3.4
2013,8,21,0.925,0.134512643957133,1.50343747632897,13.8
2013,8,22,0.987,0.103881285586481,1.54396370108635,1.6
2013,8,23,0.466,0.109782903140006,1.52600772828668,0.2
2013,8,24,0.387,0.0657236609370249,1.45434256244707,0
2013,8,25,1.37,0.114581803801732,1.34398619067387,21.4
2013,8,26,0.767,0.0733330687432241,1.24077831483337,1.6
2013,8,27,0.503,0.0415660695816333,1.2139506193658,0
2013,8,28,0.845,0.0430848581951353,1.07974563689797,5.2
2013,8,29,0.627,0.0644356775494763,0.954305526359803,3.6
2013,8,30,0.604,0.188129981893983,0.847214093275556,1.4
2013,8,31,0.413,0.191833494376637,0.818620977976546,0
2013,9,1,0.352,0.224118070931556,0.842680568591445,0
2013,9,2,0.357,0.176402852826325,0.903134469018249,0
2013,9,3,0.298,0.0278403099080264,0.984398648464059,0
2013,9,4,0.781,0.098378583317474,1.0737862338299,7
2013,9,5,3.63,0.227027077235131,1.15914401417364,17.8
2013,9,6,0.889,0.149109672332399,1.22924941768661,0
2013,9,7,0.427,0.0408487916973148,1.27468222593069,0
2013,9,8,0.381,0.0517102084062699,1.28852938735497,2.8
2013,9,9,0.63,0.0243643754903042,1.27020214778994,1.6
2013,9,10,0.315,0.0136958542129528,1.22675010794394,0.2
2013,9,11,0.28,-0.0128182774037287,1.19219145642665,0
2013,9,12,2.259,0.052595731885867,1.16218426634851,24.6
2013,9,13,2.947,0.120285637226276,1.09199905946164,10.6
2013,9,14,0.988,0.148330630919764,1.06526448569058,3.4
2013,9,15,0.57,0.129386710119761,1.08921277468348,0.4
2013,9,16,0.422,0.115769274501669,1.16233178503973,0.8
2013,9,17,0.99,0.291128104662015,1.26164320871594,9.6
2013,9,18,0.457,0.119460868402885,1.3563236969186,0
2013,9,19,0.388,0.0555967439051617,1.41981095268318,1.6
2013,9,20,0.924,0.0383469209443594,1.43613888796021,8.8
2013,9,21,0.62,0.0941929914028476,1.40351422278094,1.8
2013,9,22,10.77,0.0920698634575325,1.34859427980158,26.8
2013,9,23,1.121,0.119770490223342,1.30134555195905,0
2013,9,24,13.512,0.361095204841244,1.21884330565424,51
2013,9,25,8.461,0.519754225270212,1.11428453053967,11
2013,9,26,3.995,0.212604628631907,1.00232597633463,5.8
2013,9,27,1.289,0.139616009635442,0.897977568303654,0
2013,9,28,0.924,0.118098024903931,0.818972650350605,0
2013,9,29,0.739,0.173378355316727,0.784864772283335,0
2013,9,30,0.732,0.21462812595308,0.803776083743369,1
2013,10,1,0.589,0.169670221242114,0.865884205314328,0
2013,10,2,0.527,0.168744823717766,0.955123854210599,0
2013,10,3,0.471,0.152068793317192,1.05603836345614,0
2013,10,4,0.434,0.1005030478149,1.15345656402908,0
2013,10,5,0.405,0.103263863460915,1.23348213410638,0
2013,10,6,0.382,0.122479483733711,1.28389571698528,0
2013,10,7,0.356,0.15288356873921,1.30141876657302,0
2013,10,8,0.343,0.156879973530104,1.33354673701599,0
2013,10,9,0.336,0.0839329397936543,1.3255681102083,0.2
2013,10,10,0.307,0.0728019231339803,1.28205826103055,0.4
2013,10,11,0.657,0.128124042499136,1.21759264623974,7.2
2013,10,12,1.085,0.0577931794145403,1.15425412122563,5.2
2013,10,13,0.305,0.035521784964097,1.1184832675229,0
2013,10,14,0.251,0.0259237420843224,1.12481780913242,0
2013,10,15,0.713,0.0654579239642281,1.1659875944684,5.2
2013,10,16,0.283,-0.00513260068157084,1.2213767264095,0.4
2013,10,17,0.228,-0.0558461782672712,1.27062926871809,0
2013,10,18,0.206,-0.0379419295177517,1.29687744184852,0
2013,10,19,0.187,-0.0602599564771296,1.29218797529481,0
2013,10,20,0.182,-0.049734120310599,1.30177085293431,0
2013,10,21,0.17,-0.0195491197169451,1.29838893807976,0
2013,10,22,0.164,0.00844869373954316,1.25763516987329,0
2013,10,23,0.16,0.0371740770471103,1.18815464161365,0
2013,10,24,0.164,-0.0192131551352186,1.10226696075863,0
2013,10,25,0.32,0.050546915353862,1.01155218683799,2.2
2013,10,26,0.19,0.0680071189117283,0.927175724322423,0
2013,10,27,0.147,0.078270657657468,0.860721316462287,0
2013,10,28,0.145,0.0668325239749897,0.826009290558109,0
2013,10,29,0.152,0.0921327853458551,0.832781182657493,0
2013,10,30,0.137,0.0733407974926202,0.879463860997555,0
2013,10,31,0.987,0.0878772116295861,0.955438616460922,10.2
2013,11,1,0.42,0.0521962732336313,1.04734997046199,1
2013,11,2,0.146,0.0269281760846465,1.14035968976946,0
2013,11,3,0.234,0.00502323836580088,1.22016936173521,1.6
2013,11,4,0.152,0.0342101837463191,1.28631297384924,0
2013,11,5,0.391,0.106385711388199,1.37464948859018,7.8
2013,11,6,0.838,0.153071237550104,1.42195461354857,11
2013,11,7,0.439,0.147144129662182,1.42428992301377,1.2
2013,11,8,1.162,0.146496969460451,1.38787097508344,17.6
2013,11,9,0.226,0.136762184951167,1.32778671694817,0
2013,11,10,0.146,0.125160965969807,1.26345403124698,0
2013,11,11,0.135,0.116430965837545,1.21212845704798,0
2013,11,12,0.129,0.0756679054628935,1.18071406372842,0
2013,11,13,0.128,0.061696105495092,1.16698874228829,0
2013,11,14,0.122,0.0358225354596509,1.16376922598516,0
2013,11,15,0.12,0.0435184884137498,1.16363904839911,0
2013,11,16,0.118,0.0375336023841326,1.16020020647685,0
2013,11,17,0.115,0.00968893867505449,1.19688692613632,0
2013,11,18,0.113,0.0228358725396238,1.22853423445707,0
2013,11,19,0.109,0.0624233038337447,1.23161855071686,0
2013,11,20,0.105,0.133394779269383,1.20832195893537,0
2013,11,21,0.112,0.148798539741822,1.16565633507015,0.2
2013,11,22,0.103,0.102995668883824,1.11242836133788,0
2013,11,23,0.1,0.121819988488052,1.05586183168877,0
2013,11,24,0.101,0.0893902682819736,1.00241991465836,0
2013,11,25,0.102,0.140687934074806,0.958224392803768,1.8
2013,11,26,0.908,0.173806102021161,0.9305793324347,12.4
2013,11,27,0.521,0.216695359597982,0.926252118407932,12.4
2013,11,28,1.235,0.234851813658138,0.947273688014213,7
2013,11,29,0.133,0.11442971673924,0.99193011203278,1
2013,11,30,0.093,0.0490900295097122,1.05484396197667,0.2
2013,12,1,0.092,-0.021225373518613,1.12868820782163,0
2013,12,2,0.082,-0.0207717784237558,1.20392290686442,0
2013,12,3,0.387,0.0508027781890465,1.32072531886743,12.8
2013,12,4,0.996,0.105503756382886,1.42858458784003,23.8
2013,12,5,1.894,0.124497817987351,1.49929003793488,23.8
2013,12,6,0.615,0.0537998421299546,1.52571105539694,0
2013,12,7,0.261,-0.0088461091693206,1.50995028736993,0.8
2013,12,8,0.157,0.0125145956150814,1.45889362622377,0
2013,12,9,0.122,0.0390553350777221,1.38555163515488,0
2013,12,10,0.113,0.0348195495159416,1.30234989574773,0
2013,12,11,0.105,-0.0115913668406211,1.22013181825892,0
2013,12,12,0.1,0.039538951003145,1.14788039767413,0
2013,12,13,0.098,0.0697247497676914,1.09238725352828,0
2013,12,14,0.096,0.0421564110910169,1.0565359078064,0
2013,12,15,0.092,0.0539158672106461,1.07101945248415,0
2013,12,16,0.092,0.0489398199302995,1.11277409383892,0.6
2013,12,17,0.973,0.0710243844728011,1.14657872004577,3.6
2013,12,18,0.125,0.0493570131109833,1.16674061796235,0
2013,12,19,0.091,0.0573622902957922,1.17248340417589,0
2013,12,20,0.088,0.113771964407247,1.16569014704589,0
2013,12,21,0.09,0.0883807608139333,1.15043371897641,0
2013,12,22,0.091,0.0673951405219291,1.12999506996627,0
2013,12,23,0.086,0.0109800677250154,1.10649616170727,0
2013,12,24,0.086,0.019767827590055,1.0817886222344,0
2013,12,25,0.271,0.0386835480375967,1.05926768016502,5.8
2013,12,26,0.123,0.0764722962596078,1.04340346174199,0
2013,12,27,0.083,0.0563804891848306,1.03773222348048,0
2013,12,28,0.529,0.0675143946951375,1.04594785036976,11.4
2013,12,29,11.273,0.122751033842984,1.07293686925814,43.6
2013,12,30,0.178,0.114855507141258,1.12260495671856,0.6
2013,12,31,0.123,0.0527200772829748,1.1994913584468,0
2014,1,1,0.167,0.0396683040900025,1.33963069157007,0.4
2014,1,2,0.108,0.0135542657672605,1.46858372294654,0.8
2014,1,3,0.114,0.0512744478883604,1.56647891273688,0
2014,1,4,0.091,0.05320695344212,1.61690432921323,0
2014,1,5,0.1,0.0356490413201151,1.61332077918183,0.4
2014,1,6,0.106,-0.0369578594054227,1.55785724077479,0
2014,1,7,0.082,0.015951608001985,1.46221632757078,0
2014,1,8,0.082,0.0525546742391965,1.34323893420256,0
2014,1,9,0.132,0.0242768641004167,1.21912446203847,2.8
2014,1,10,0.09,-0.0105279817145552,1.10640462729258,0
2014,1,11,0.079,-0.0166814636494168,1.01842824013493,0
2014,1,12,0.078,0.0497195340615348,0.979341696587007,0
2014,1,13,0.077,0.015790013189025,0.994614495685038,0
2014,1,14,0.075,0.00776759878984923,1.03037043331771,0
2014,1,15,0.074,-0.0152121390240161,1.07560484965736,0
2014,1,16,0.072,-0.0218500738899989,1.12043149644899,0
2014,1,17,0.073,-0.00527673880169588,1.15827751473801,0
2014,1,18,0.071,0.0616601336214089,1.1866707455329,0
2014,1,19,0.069,0.0500560309796914,1.20493280258139,0
2014,1,20,0.2,0.248083809443946,1.2125012733268,6.4
2014,1,21,0.141,0.0991388686457177,1.20816621339676,0.8
2014,1,22,0.079,0.0642684237940725,1.19225245439016,0
2014,1,23,0.073,0.000726805716360523,1.16682953947908,0
2014,1,24,0.083,-0.0433467014755591,1.13668964901507,0
2014,1,25,0.067,-0.000719501142086965,1.10726000195299,0
2014,1,26,0.093,0.0138298339139151,1.08608815808416,1.2
2014,1,27,0.09,0.019811856923905,1.08448611537434,0
2014,1,28,0.064,0.0271344211529863,1.11665500147593,0
2014,1,29,0.07,0.03884128026638,1.21189266347462,0
2014,1,30,0.062,0.110642483839553,1.35688311964316,0
2014,1,31,0.062,0.178489360982161,1.49872649418126,0
2014,2,1,0.136,0.18582124273072,1.60729570262078,0
2014,2,2,0.077,0.115316999307616,1.65969174354249,0
2014,2,3,0.061,0.0141960415151503,1.6469839331619,0
2014,2,4,0.059,-0.0212790528857161,1.57426735206272,0
2014,2,5,0.061,0.0107517133660191,1.45810566999977,0
2014,2,6,0.726,0.161275231184489,1.31916527646749,19.2
2014,2,7,1.251,0.200233676905632,1.17762364104891,21.8
2014,2,8,0.213,0.109171411217457,1.06434613032338,0.8
2014,2,9,0.082,0.145273713676215,0.976881897182847,0
2014,2,10,0.078,0.154125452531279,0.931323782905806,0.6
2014,2,11,0.068,0.15826539394772,0.931681579214302,0.2
2014,2,12,0.067,0.13205315896098,0.968656659219787,0
2014,2,13,0.067,0.0726300735061882,1.02712987711923,0
2014,2,14,0.067,0.0573634520916042,1.09295246289047,0.2
2014,2,15,0.063,0.0503990199855837,1.15626153319874,0
2014,2,16,0.059,0.0325188080266781,1.21109098045726,0
2014,2,17,0.059,0.0608218323851053,1.25230195604776,0
2014,2,18,0.059,0.0884066188185602,1.27548983052518,0
2014,2,19,0.651,0.148877929780164,1.27765786435728,23.4
2014,2,20,0.405,0.114595511641652,1.25896568979284,16.4
2014,2,21,0.365,0.0872975501254059,1.22444791452828,0.2
2014,2,22,0.228,0.0814648906166657,1.18034540794769,7
2014,2,23,0.906,0.121452591495559,1.13440792070356,6.8
2014,2,24,0.098,0.0819198012637512,1.09598254844619,0
2014,2,25,0.08,0.0302322980037104,1.0800216394615,0
2014,2,26,0.074,0.085526463183945,1.1303098509634,0
2014,2,27,0.073,0.0881682330406883,1.23910757069611,0
2014,2,28,0.067,0.0810819564906402,1.3760323562456,0
2014,3,1,0.064,0.0551040839091084,1.50455578015667,0
2014,3,2,0.059,0.0655078477377353,1.59316181316438,0
2014,3,3,0.058,0.08572944347995,1.62161467388625,0.2
2014,3,4,0.073,0.0851245739539703,1.58754058179032,1
2014,3,5,0.068,0.0394935388676081,1.50108980524867,0
2014,3,6,0.055,0.117386304551983,1.42231440515061,0
2014,3,7,0.051,0.0959211095471162,1.31643435594652,0
2014,3,8,0.051,0.127029016109042,1.19127326217871,0
2014,3,9,0.05,0.0985550246903084,1.06699862207524,0
2014,3,10,0.051,0.0955369562968433,0.964890163152352,0
2014,3,11,0.05,0.0611595723312418,0.906133540174709,0
2014,3,12,0.05,0.0750317574675718,0.899014971305792,0
2014,3,13,0.051,0.117548087324823,0.935437955257229,0
2014,3,14,0.057,0.266143031466143,0.999206953508348,3.4
2014,3,15,4.389,0.54913899833316,1.07565312884288,65.2
2014,3,16,1.535,0.150035527069926,1.15330854404052,0.2
2014,3,17,0.189,0.0375312926897784,1.22263732128338,0
2014,3,18,0.121,-0.019309484678173,1.27486289944873,0
2014,3,19,0.101,-0.0296751525422343,1.30275741413452,0
2014,3,20,0.094,-0.0181546638135837,1.30348814340849,0
2014,3,21,0.086,0.0680010783575971,1.27993953227268,0
2014,3,22,0.082,0.0830628062684178,1.27418109680949,0
2014,3,23,0.096,0.0654947037401858,1.23126901731347,2
2014,3,24,0.556,0.0493794692207568,1.18078678814461,5.4
2014,3,25,0.364,0.0404185676279682,1.14196497883802,0.2
2014,3,26,0.091,0.00778526575711491,1.13937946039775,0.4
2014,3,27,0.074,-0.00279087938412736,1.18705004716567,0
2014,3,28,0.072,0.039279907780531,1.27558695505089,0
2014,3,29,0.069,0.0299120777859865,1.37757812644132,0
2014,3,30,0.067,-0.0301427712397111,1.46295276314067,0
2014,3,31,0.068,-0.0699187435209887,1.50926948561128,0
2014,4,1,0.065,-0.0238249695654353,1.50650715354763,0
2014,4,2,0.065,0.0273498684358588,1.46807294839183,0
2014,4,3,0.064,0.0789804515446897,1.39797353520281,0.6
2014,4,4,0.077,0.11461131164114,1.26693474126843,1.2
2014,4,5,0.064,0.112344412014949,1.29594577025178,0
2014,4,6,0.062,0.168269258114784,1.17983543270923,0
2014,4,7,0.061,0.174728184052521,1.06614550936804,0
2014,4,8,0.06,0.1575861009142,0.972061699109739,0
2014,4,9,0.06,0.151934477641221,0.914324735570321,0
2014,4,10,0.062,0.164637805795546,0.902050780193783,0
2014,4,11,0.061,0.137057237052594,0.930979046346695,0
2014,4,12,0.06,0.0751994976247794,0.989360773892926,0
2014,4,13,0.059,0.0105106312761101,1.06438329084446,0
2014,4,14,0.155,0.0334773176043408,1.15639268383705,6
2014,4,15,0.398,0.0585991694645447,1.25225029974919,15.8
2014,4,16,0.876,0.156387603102023,1.32630990782622,14
2014,4,17,4.18,0.322103751966505,1.3701594366274,31.4
2014,4,18,0.251,0.149673623064817,1.38023722458514,0
2014,4,19,0.128,0.0695535214682372,1.35851813512497,0.2
2014,4,20,0.171,0.00401481894926192,1.24246947067939,3.6
2014,4,21,0.112,-0.01110046686123,1.31482643572416,0.2
2014,4,22,0.09,0.013812900870164,1.26489438250972,0.2
2014,4,23,0.088,-0.025278480821243,1.22881728065893,0
2014,4,24,0.081,-0.0243397273077606,1.22250548457294,0
2014,4,25,0.079,-0.0132567981842628,1.24765445337418,0
2014,4,26,0.078,-0.00626297224657835,1.29156081867267,0
2014,4,27,0.075,0.00530908262820606,1.33658647499665,0
2014,4,28,0.243,-0.0257996601288555,1.36760456743941,5.6
2014,4,29,0.093,0.00112358582851968,1.41373179735255,0.4
2014,4,30,0.082,0.0341412170662838,1.42609301888703,0.2
2014,5,1,0.074,0.0727863511580169,1.3977627117474,0
2014,5,2,0.072,0.103719266101439,1.33612073718334,0
2014,5,3,0.071,0.118181567596162,1.25285411646718,0
2014,5,4,0.07,0.0861332904429737,1.07507025073666,0
2014,5,5,0.087,0.0641803204810663,1.16148754502623,1.4
2014,5,6,0.091,0.0238430573019501,1.07414893906083,0.2
2014,5,7,0.07,0.00906833407857088,1.0019034377774,0
2014,5,8,0.072,0.0346138090167637,0.954278372154894,0.2
2014,5,9,0.086,0.0455833675126429,0.938254534261698,0.6
2014,5,10,1.917,0.0853692794493173,0.954307179728611,13.4
2014,5,11,0.142,0.0351292607303852,0.997251812959059,1.4
2014,5,12,0.08,-0.032686329909339,1.06023623922016,0.2
2014,5,13,0.073,-0.0511904811591881,1.17401528339656,0
2014,5,14,0.093,-0.0611211485477452,1.28113673098264,0.6
2014,5,15,0.08,-0.0224107556960786,1.36843118228946,0.4
2014,5,16,0.087,0.00196239233786821,1.42641278633427,0
2014,5,17,0.069,-0.0308323745195569,1.45024477675314,0
2014,5,18,0.069,0.0342495336453241,1.44191244133945,0
2014,5,19,0.069,0.00751849342526545,1.27228665924783,0
2014,5,20,0.069,-0.0298959853307741,1.40997819457374,0
2014,5,21,0.07,-0.0364176996465817,1.36751208480806,0
2014,5,22,0.121,-0.0312276084948957,1.32709651549112,0.8
2014,5,23,0.068,-0.0513202253004494,1.29550149859346,0
2014,5,24,0.066,-0.060795993083667,1.27350548207686,0
2014,5,25,0.23,-0.0331628144621878,1.25783101499559,4.8
2014,5,26,0.08,-0.0311099372541903,1.24597827390295,0.2
2014,5,27,0.067,-0.0563054351361283,1.28826307517535,0
2014,5,28,0.065,0.0155723542731905,1.32133883597321,0
2014,5,29,0.062,0.0614841647663402,1.32817862944853,0
2014,5,30,0.13,0.11661343489116,1.30861938269515,4.4
2014,5,31,0.075,0.159875479686457,1.26801443457708,0
2014,6,1,0.062,0.153159150900987,1.21395945930214,0
2014,6,2,0.083,0.16146908571184,1.15474255348556,1.2
2014,6,3,0.619,0.110124526339376,0.982110357927372,7.4
2014,6,4,0.184,0.0746623764610916,1.09793842564267,1.8
2014,6,5,0.075,0.0555726465395197,1.04864626970633,0.2
2014,6,6,0.079,0.0145228785885836,1.01218953764757,0.4
2014,6,7,0.067,0.013540103710598,0.992845621407518,0
2014,6,8,0.634,0.0378247289502927,0.992974407559676,9.4
2014,6,9,1.491,0.0652593218176432,1.01272357285082,34.4
2014,6,10,42.973,0.374038651627978,1.0578513867375,135.6
2014,6,11,19.504,0.197156642210951,1.17169819236501,3.4
2014,6,12,1.372,0.209853249011067,1.28729286612021,6.4
2014,6,13,1.11,0.230166828665665,1.39149202899642,4.4
2014,6,14,0.55,0.0767465652643839,1.47193166055842,0
2014,6,15,0.41,0.0129230809171845,1.52103028054723,0.2
2014,6,16,1.046,0.0648738239787918,1.53389134249572,10
2014,6,17,1.014,0.0658506449394645,1.33279929208029,1.4
2014,6,18,0.457,0.042207169340972,1.5122574274855,0.8
2014,6,19,0.456,0.0440118252276818,1.46243533982267,2
2014,6,20,0.34,0.0274555129962581,1.39350540360552,0.2
2014,6,21,0.274,-0.0197698758635794,1.31504132695143,0
2014,6,22,0.25,-0.0405839806061898,1.23709062481003,0
2014,6,23,0.235,-0.0401005195455559,1.16941829739897,0
2014,6,24,0.225,0.0334637614990256,1.15312500731656,0
2014,6,25,6.461,0.0850941082061345,1.184466519277,31
2014,6,26,9.364,0.137364424649091,1.21143391769609,0.4
2014,6,27,1.497,0.118403241970776,1.2274974626685,8.6
2014,6,28,0.691,0.0539091011693218,1.22943367175162,0
2014,6,29,0.393,0.0979479174542681,1.21737564894325,0
2014,6,30,1.385,0.124633011865196,1.19453298068589,10.2
2014,7,1,0.933,0.16910366082691,1.16525707592588,8.2
2014,7,2,1.02,0.0918796929095205,1.1329884256876,11
2014,7,3,0.867,0.119734416014947,0.98131908192699,3.2
2014,7,4,0.699,0.137758936587406,1.09948766837432,2.8
2014,7,5,0.45,0.0406690738359774,1.06719003535398,0.2
2014,7,6,0.375,0.0684951897644962,1.03910744188592,0.2
2014,7,7,0.35,0.0205742092177678,1.01997242238855,0.6
2014,7,8,8.043,0.404095530345045,1.01418058480109,50
2014,7,9,38.998,0.590649892538262,1.04217268234921,65.8
2014,7,10,45.543,0.425919125556641,1.15236700352778,107.4
2014,7,11,20.577,0.173148625444363,1.27921443844204,47.2
2014,7,12,37.206,0.147626833064606,1.40665357328266,31.8
2014,7,13,5.004,0.128338589871634,1.5156272545534,0
2014,7,14,2.69,0.106135654524072,1.58740175796267,0
2014,7,15,1.887,0.099224863164223,1.60975390197144,0
2014,7,16,1.477,0.0870648999044201,1.57825750402616,0
2014,7,17,1.267,0.148324908244013,1.36474607548723,0.4
2014,7,18,1.093,0.189525158769682,1.49961655951403,0
2014,7,19,33.951,0.351520880705757,1.38846624081948,80
2014,7,20,42.432,0.523276802305002,1.26341172198163,37.6
2014,7,21,4.339,0.208287298251572,1.14380274491495,4
2014,7,22,2.009,0.187579543617513,1.04568748085746,1.6
2014,7,23,1.36,0.122412283561626,1.04562338537427,0
2014,7,24,1.12,0.137490624217294,1.07137442801584,0.6
2014,7,25,1.08,0.107856836135134,1.10801561675919,3.2
2014,7,26,1.06,0.106773239332415,1.14411164098289,1.8
2014,7,27,0.841,0.108973890450227,1.1712920574455,1.8
2014,7,28,0.712,0.273480221747098,1.18654069561568,0
2014,7,29,0.641,0.146668794951516,1.18967538308842,0.2
2014,7,30,0.753,0.0501575826475562,1.18234378021578,1.4
2014,7,31,0.573,-0.034431370114095,1.16469929268318,0
2014,8,1,0.537,-0.0162835176948755,1.04120331013264,0
2014,8,2,0.552,-0.0771796887191385,1.13658844517107,1.6
2014,8,3,1.998,-0.0227917853241054,1.0991092349325,13
2014,8,4,0.638,0.0328748920395264,1.05743396261579,2
2014,8,5,0.56,0.0293505271854801,1.01861011648835,0.2
2014,8,6,0.506,0.0124928263466283,0.991687591237212,0.8
2014,8,7,0.431,0.0287646071320069,1.02156189271294,0
2014,8,8,0.454,-0.00848833309619401,1.13113793120118,1.8
2014,8,9,0.438,0.00506862703560174,1.27229822998994,0.2
2014,8,10,0.334,-0.00506105800238998,1.4201771627033,0
2014,8,11,0.326,0.0421757658781814,1.54403496264988,0
2014,8,12,0.358,0.0719690644898503,1.61711161882196,1.8
2014,8,13,0.412,0.0286524185570343,1.62464901209196,1.8
2014,8,14,0.524,0.00259679495335963,1.56619696194933,7.4
2014,8,15,0.377,0.0645143486039155,1.40762368612931,1
2014,8,16,0.284,0.0502437203888015,1.45475693632313,0.2
2014,8,17,0.273,0.106073594547497,1.31252766928599,0.2
2014,8,18,0.252,0.0906665442155172,1.16241968574438,0
2014,8,19,9.348,0.106277073561865,1.02484122537157,44.2
2014,8,20,5.804,0.194635667324602,0.945911333172035,13.8
2014,8,21,1.255,0.218681841646608,0.940802963607035,3.8
2014,8,22,0.599,0.131531357739169,0.971987638425253,0
2014,8,23,0.42,0.0292762519311031,1.02269690175269,0
2014,8,24,0.343,0.0570674697490815,1.07723405300195,0
2014,8,25,0.261,0.0164811069487261,1.12503639233854,0
2014,8,26,0.202,0.0371345333574269,1.16112409278588,0
2014,8,27,0.201,0.0511783656495954,1.18347682770608,0.4
2014,8,28,0.171,0.0576986736644922,1.18998845240704,1.8
2014,8,29,0.132,0.0805571801317173,1.17829091498302,0.8
2014,8,30,1.535,0.197165496167704,1.14752556063993,39.4
2014,8,31,7.108,0.251763548003682,1.08124254083181,56
2014,9,1,5.94,0.265953142754186,1.10132340371368,31
2014,9,2,0.587,0.211428384530286,1.04745213906449,0.4
2014,9,3,0.263,0.153286094773172,0.995719983292741,0
2014,9,4,11.498,0.192312573542359,0.964759986608316,13.6
2014,9,5,3.133,0.222747979843898,1.01975772062497,29.8
2014,9,6,2.61,0.258583368503031,1.13076470580658,14.6
2014,9,7,1.21,0.215579399840336,1.27524600015912,0
2014,9,8,0.328,0.056417469749269,1.41921327272294,0
2014,9,9,0.256,0.0618725511768647,1.52734058106294,0.6
2014,9,10,0.272,0.0569818300520284,1.57589362910851,0.6
2014,9,11,0.208,0.105235433522586,1.55594723148954,0.4
2014,9,12,2.114,0.131386513993658,1.47419747552538,17.6
2014,9,13,2.478,0.161399400484706,1.4129089396897,6.4
2014,9,14,0.6,0.0290256558925404,1.30959537694008,3.8
2014,9,15,0.411,0.0766842564953092,1.20215748878084,2.4
2014,9,16,0.434,0.096166812847172,1.05361306366713,2
2014,9,17,0.3,0.0895045469730293,0.938741195722455,0.2
2014,9,18,0.255,0.11011814749393,0.876659833194478,0
2014,9,19,0.669,0.164272641596074,0.867377416825012,14.6
2014,9,20,0.398,0.177614720316329,0.899460720484053,6.2
2014,9,21,0.731,0.21773217940212,0.954940383386825,5.4
2014,9,22,0.568,0.157856887626447,1.01800871683917,5.4
2014,9,23,0.367,0.130243747125069,1.07814753853676,0
2014,9,24,0.3,0.0526342433317262,1.12897453293624,0
2014,9,25,0.285,0.0845979760247704,1.16499537927722,0
2014,9,26,0.278,0.0735384615635402,1.18052724074131,0
2014,9,27,0.331,0.10318846942628,1.17551868858187,2.2
2014,9,28,0.434,0.137023933875663,1.1759132010354,2
2014,9,29,1.041,0.399096532178481,1.15013909682574,13.4
2014,9,30,0.485,0.214381152138787,1.10499750079352,1.4
2014,10,1,0.328,0.217374630168624,1.05376897460792,0
2014,10,2,0.31,0.147554565930566,1.01485833457436,0.4
2014,10,3,0.352,0.13520346108294,1.01217911875965,3
2014,10,4,0.402,0.0525862137342158,1.06230847407311,5.4
2014,10,5,0.318,0.0597302058627407,1.15901481480996,0
2014,10,6,0.353,0.0348571100968216,1.27584314043076,0.4
2014,10,7,0.32,-0.0163638647762629,1.38106439450619,0
2014,10,8,0.32,0.0464609085965577,1.44856910046993,0
2014,10,9,0.433,0.113812111477493,1.46339562176921,5.6
2014,10,10,0.684,0.224388703864055,1.45123602520603,10.8
2014,10,11,0.741,0.20020560812086,1.44417206833971,7.2
2014,10,12,0.423,0.13904678734382,1.38232459498616,0
2014,10,13,0.384,0.123621527399087,1.27964390138957,0
2014,10,14,0.377,0.109825271822374,1.15575122169666,0
2014,10,15,0.381,0.0306256588951033,1.03196370799858,0
2014,10,16,0.379,0.0470427987537531,0.928807712197202,0
2014,10,17,0.389,0.0519034588487307,0.863738398100856,0.2
2014,10,18,0.728,0.106838629027318,0.843907802136057,8.2
2014,10,19,1.797,0.105584650950376,0.862984532401939,17.4
2014,10,20,0.493,0.0965381849984187,0.908214108812389,0
2014,10,21,0.429,0.0710571753127194,0.967509638697034,0.6
2014,10,22,0.392,0.0661726773552956,1.03126393179743,0
2014,10,23,1.712,0.0560444413720667,1.09031114879182,14.2
2014,10,24,0.517,0.0609957897762889,1.13644389022949,0.2
2014,10,25,0.375,0.0987031730448127,1.19064675999116,0
2014,10,26,0.338,0.034031088102719,1.2353822392578,0
2014,10,27,0.328,0.094696338485907,1.24927930989746,0
2014,10,28,0.487,0.150789774151562,1.23378258633189,4
2014,10,29,2.798,0.184514599889321,1.19784487547708,30
2014,10,30,1.038,0.104695910499521,1.15479513669677,1.6
2014,10,31,0.469,0.0735152822024998,1.12241966890223,0
2014,11,1,0.41,0.0496687705004275,1.11728542816433,0
2014,11,2,0.367,0.0690804407527088,1.14468381001494,0
2014,11,3,0.626,0.111837344529299,1.19533325218442,3.6
2014,11,4,0.384,0.108579140858501,1.25271432773807,1.8
2014,11,5,0.363,0.0868568395672074,1.29949102331424,0.6
2014,11,6,0.462,0.0352973109685153,1.32284764264231,3
2014,11,7,0.32,0.0442543500795993,1.35417504645103,0
2014,11,8,0.298,0.0590179750946005,1.39241978421042,0
2014,11,9,0.29,0.0703131701550697,1.3834998975848,0
2014,11,10,0.304,0.13456497792435,1.33258127774778,0
2014,11,11,0.283,0.212960400825055,1.25192262518718,0
2014,11,12,0.376,0.0356708375325825,1.15650868602715,2.6
2014,11,13,0.424,0.182619704613187,1.06058513868088,4.8
2014,11,14,0.358,0.0917556048573299,0.97674694476072,1.4
2014,11,15,0.566,0.0576151638153072,0.914501313261006,7
2014,11,16,1.129,0.12610297686921,0.880417010487378,6.2
2014,11,17,0.82,0.127394851517697,0.876024189780359,10.6
2014,11,18,0.328,0.0886786068538944,0.898035720198794,0
2014,11,19,0.281,0.0643204601187439,0.940567607335065,0
2014,11,20,0.272,-0.022166310546435,0.995971199211614,0
2014,11,21,0.269,-0.0305328108443196,1.0560841765104,0
2014,11,22,0.26,-0.0224979168288697,1.12965400120172,0
2014,11,23,0.257,-0.00384343993128078,1.22253159072097,0
2014,11,24,0.272,0.0664302551369256,1.29249651061029,0
2014,11,25,0.251,0.0521080547627575,1.33396001346142,0
2014,11,26,0.246,0.0419475591663585,1.34725724231741,0
2014,11,27,0.243,0.0105953144869002,1.3365095892432,0
2014,11,28,0.39,0.0508820650897299,1.3107550801409,3
2014,11,29,0.246,0.00805180237469982,1.27980544909223,0.2
2014,11,30,0.239,0.00152092446955132,1.25076432421935,0
2014,12,1,0.24,0.0179250478844508,1.22748088007484,0.4
2014,12,2,0.233,0.021997423033536,1.20965091630977,0.2
2014,12,3,0.235,-0.0456255824143919,1.19820242927026,0
2014,12,4,0.23,-0.037711540880613,1.19177305841927,0
2014,12,5,0.223,-0.0384356524809928,1.21722955622448,0
2014,12,6,0.229,-0.0151348743092448,1.27451804276435,0
2014,12,7,0.222,0.022289596822084,1.30702950340186,0
2014,12,8,0.572,0.0585649632009719,1.31087234721635,2.6
2014,12,9,0.342,0.0783742340814353,1.28708846683241,5.4
2014,12,10,0.248,0.136112493060886,1.24234709903613,0.2
2014,12,11,0.362,0.0734204487782519,1.18438552513372,1.4
2014,12,12,2.405,0.124274974502939,1.12163066825765,23.8
2014,12,13,0.932,0.0745840156272997,1.06122806939998,12.4
2014,12,14,14.638,0.291570611721099,1.00841753064551,59.6
2014,12,15,3.7,0.513109619536636,0.967227924651975,26.8
2014,12,16,9.202,0.313586995007652,0.941540830162185,31.8
2014,12,17,29.039,0.331433270013203,0.934087076555566,50.4
2014,12,18,2.773,0.121166413268083,0.947199180387511,0
2014,12,19,1.173,0.0282098019747519,0.982029986072591,0
2014,12,20,1.866,0.0507033324974766,1.03660957207585,14.2
2014,12,21,2.927,0.0839499500891625,1.13019511525441,1
2014,12,22,0.656,0.0590017075139651,1.24768031987256,0
2014,12,23,0.5,0.0441839395275727,1.35350404203412,0
2014,12,24,0.508,0.0380937082887909,1.43625596252569,0.8
2014,12,25,0.386,0.0395996744135638,1.48726876558232,0
2014,12,26,0.329,0.0110175733600408,1.50173797562511,0.2
2014,12,27,0.308,0.024761308120846,1.47991924824825,0.6
2014,12,28,0.296,-0.0156593084012073,1.42738071142214,0
2014,12,29,0.272,-0.0287547724339328,1.35237676710852,0.2
2014,12,30,0.241,-0.00513516579309403,1.26721136432128,0
2014,12,31,0.223,0.021390261748703,1.18548636672604,0
2015,1,1,0.468,0.0513778202071296,1.1212069654033,5
2015,1,2,0.23,0.00435511078844653,1.10141965958461,0
2015,1,3,0.217,0.0159738132985978,1.13900243092779,0
2015,1,4,0.186,0.029332396273376,1.18332793573407,0
2015,1,5,0.174,0.00704143142718783,1.22326907882732,0
2015,1,6,0.167,-0.000117269676167986,1.2497266798511,0
2015,1,7,0.159,0.0290511754975149,1.2573220449212,0
2015,1,8,0.151,0.0465447814539035,1.24658625548762,0
2015,1,9,0.148,0.0408654200790961,1.22078707418157,0
2015,1,10,0.146,0.0462544612546085,1.18598018705752,0
2015,1,11,0.142,0.0608977666626058,1.14616598171124,0
2015,1,12,0.141,0.032450809663009,1.10337090296709,0
2015,1,13,0.142,0.0316824017573611,1.05979891127774,0
2015,1,14,0.135,0.0342385927949796,1.01908964353162,0
2015,1,15,0.131,0.0926875588576046,0.987262949419879,0
2015,1,16,0.128,0.0871922094472039,0.972608423954796,0
2015,1,17,0.168,0.108978175567384,0.985505498652847,2.2
2015,1,18,0.13,0.126655430214174,1.03439680148697,0.2
2015,1,19,0.121,0.135822195029801,1.13641439141575,0
2015,1,20,0.121,0.105302459125408,1.2806704710694,0
2015,1,21,0.12,0.0514294552349099,1.42333084093383,0
2015,1,22,0.423,0.0466428999621862,1.54160370064047,6.2
2015,1,23,0.123,0.0362000605558936,1.61490960437847,0
2015,1,24,0.109,0.0098769731395425,1.63124791867069,0
2015,1,25,0.107,-0.0283282250490922,1.58947953428077,0
2015,1,26,0.106,0.0353735166375477,1.49944640219135,0
2015,1,27,0.107,0.120083501712197,1.37834412741834,0
2015,1,28,0.106,0.19137002960203,1.2474366239816,0
2015,1,29,0.433,0.207004322933863,1.1274732471464,8.8
2015,1,30,0.62,0.139900649908148,1.06537013079022,6.4
2015,1,31,0.138,0.103544768367284,1.04553663518706,0.6
2015,2,1,0.125,0.132740820349193,1.06348298535243,2.2
2015,2,2,0.242,0.1320162738602,1.10679115342205,2.2
2015,2,3,0.172,0.0917356622722201,1.15868573955862,0
2015,2,4,0.908,0.117959386091087,1.20405320804805,17.6
2015,2,5,1.177,0.0754213027530333,1.23362679127435,8
2015,2,6,0.109,0.0339113228822296,1.24528436515507,0.6
2015,2,7,0.096,0.0140447282506007,1.2414496462979,0
2015,2,8,0.099,0.0338108321714754,1.22566454370236,0
2015,2,9,0.092,0.0224177289600873,1.19915078977839,0
2015,2,10,0.261,0.0208681148381211,1.16186080943755,6.8
2015,2,11,0.099,0.0652308011636478,1.11594163690812,0.2
2015,2,12,0.092,0.0757841243768911,1.06654813962541,1.4
2015,2,13,0.085,0.0758667586483615,1.02188232172107,0
2015,2,14,0.083,0.0618706223018293,0.993346265713554,0
2015,2,15,0.08,0.0397371555946724,0.995815576178597,0
2015,2,16,0.079,0.0474161688200638,1.04519146110624,0
2015,2,17,0.079,0.0522344814386873,1.16763098336045,0
2015,2,18,0.078,0.0462414858800722,1.32847624886565,0
2015,2,19,0.075,0.0532943790586577,1.48693647851671,0
2015,2,20,0.073,0.0364151849075072,1.60976955382085,0
2015,2,21,0.105,0.0102156279314933,1.67292238104724,0.8
2015,2,22,0.148,0.0291064984911891,1.66632229650262,0
2015,2,23,0.102,0.0516887738539376,1.59459899643551,2.2
2015,2,24,0.224,0.0937764243795978,1.48071229368363,3
2015,2,25,0.081,0.0990782767443052,1.3753722692006,0.2
2015,2,26,0.112,0.121375869973026,1.24839084318449,1.8
2015,2,27,0.61,0.132614780136689,1.12680003181623,0
2015,2,28,0.096,0.131400232379032,1.03910772132394,0
2015,3,1,0.067,0.10010980018542,1.00144332341926,0
2015,3,2,0.064,0.124713391040554,1.01206346720406,0
2015,3,3,0.065,0.148306249868633,1.05488865886312,0
2015,3,4,0.065,0.146209400898275,1.1099553576742,0
2015,3,5,0.063,0.166481750172816,1.16120222008285,0
2015,3,6,0.074,0.145432649235186,1.20006541266507,0.4
2015,3,7,0.071,0.128421408332535,1.22394210443277,0.2
2015,3,8,0.061,0.0105362717828137,1.23340850812444,0.2
2015,3,9,0.059,-0.011243966822609,1.22903797765289,0
2015,3,10,0.059,0.00666990513936061,1.20871751776705,0
2015,3,11,0.059,0.0430580315123859,1.17305466708082,0
2015,3,12,0.059,0.0838912998178898,1.13444813198612,0.2
2015,3,13,0.057,0.0952506375856617,1.08353229166387,0
2015,3,14,0.056,0.0876759002244734,1.03452901135878,0
2015,3,15,1.24,0.464184740567823,1.00640462313506,27.6
2015,3,16,2.682,0.589341663918913,1.02253166820677,19
2015,3,17,0.288,0.315047935091829,1.09798851011777,4.8
2015,3,18,0.134,0.177343868893208,1.22551651147986,0
2015,3,19,0.091,0.132192367438379,1.37593383318228,0.6
2015,3,20,0.086,0.128367742489719,1.51295963181609,0.6
2015,3,21,0.307,0.0817930559263949,1.60497583106887,3.2
2015,3,22,0.087,0.0815200779507008,1.63416152545998,0
2015,3,23,0.085,0.102214644896551,1.59809364665142,0
2015,3,24,0.363,0.111592220110395,1.50757160921582,6.2
2015,3,25,0.109,0.164099968118355,1.50114706780804,0
2015,3,26,0.16,0.108649311348902,1.38106015561398,2
2015,3,27,0.159,0.130162491902118,1.24345301787481,0.2
2015,3,28,0.081,0.160633375479347,1.11633953585603,0
2015,3,29,0.079,0.175628220356159,1.02511524297029,0
2015,3,30,0.078,0.157814962947697,0.98309874291759,0.2
2015,3,31,0.076,0.110462164087788,0.986081954414706,0
2015,4,1,0.073,0.0433528099603178,1.01907638800799,0
2015,4,2,0.13,-6.70513873415324e-05,1.06508544575849,1.8
2015,4,3,0.071,-0.00947916904985857,1.11223828227409,0
2015,4,4,0.072,-0.000999852184176531,1.15656713369407,0
2015,4,5,0.07,-0.0126099622097218,1.20763105286665,0
2015,4,6,0.069,-0.00660275468885341,1.23976377956819,0
2015,4,7,0.072,0.0177940707911088,1.2480761548549,0
2015,4,8,0.069,0.00270695152617173,1.23199886942224,0
2015,4,9,0.07,0.0220496103229662,1.1581434389717,0
2015,4,10,0.371,0.0685354335640125,1.19528643821701,5.6
2015,4,11,0.219,0.114265960301808,1.14855692818287,0.8
2015,4,12,0.07,0.105163945107045,1.10689494504295,0
2015,4,13,0.245,0.137674065463368,1.08952425770692,4.8
2015,4,14,0.244,0.0799819500658083,1.11342425199044,6.8
2015,4,15,0.114,0.0572248820736796,1.18317591105961,0.6
2015,4,16,0.076,0.0621769105945835,1.28414922089107,0
2015,4,17,0.071,0.0550593967403479,1.39071677906596,0
2015,4,18,0.39,0.105848577419988,1.47644869865153,7.4
2015,4,19,0.103,0.141921490051662,1.54858259492608,0
2015,4,20,0.653,0.0946097333613878,1.57573314459034,6.6
2015,4,21,0.112,0.0556659983449581,1.54400664686281,0
2015,4,22,0.075,0.0429808363203297,1.46163968342152,0
2015,4,23,0.166,0.089564784656085,1.27153983145533,0
2015,4,24,0.173,0.163929935929532,1.34793706870163,1.8
2015,4,25,0.087,0.135381733154923,1.2246719322987,0
2015,4,26,0.069,0.144379235782703,1.11380464444983,0
2015,4,27,1.386,0.156589936186819,1.0318478552336,17.2
2015,4,28,0.221,0.132629365958602,0.986557611033992,1.6
2015,4,29,0.146,0.0524284128072807,0.975675618129159,2.6
2015,4,30,0.091,0.0488037607692389,0.990218859710604,0.8
2015,5,1,0.078,-0.0246841701358619,1.0208340015223,0
2015,5,2,0.075,-0.0190131494950785,1.0818296952019,0
2015,5,3,0.073,-0.0303410471702665,1.1575713582802,0
2015,5,4,0.073,-0.0526879232902022,1.22131969211049,0
2015,5,5,0.071,-0.0467943795450909,1.26569092383572,0
2015,5,6,0.071,-0.0106140707436877,1.28586237343829,0
2015,5,7,0.323,0.0323149572579584,1.28154129774556,6.2
2015,5,8,0.716,0.0898959016799501,1.258845969895,18
2015,5,9,0.255,0.101614791980456,1.13116896876064,1.6
2015,5,10,0.11,0.102136612865541,1.22853529995294,0
2015,5,11,0.091,0.118088240046772,1.20435043021043,0
2015,5,12,0.581,0.125955341108631,1.19847883639829,7.8
2015,5,13,0.138,0.107351123922524,1.21708029101524,0
2015,5,14,1.305,0.136146231154679,1.25594431955806,17
2015,5,15,0.988,0.117582840534628,1.30375810416907,12.6
2015,5,16,0.549,0.0695080364373684,1.34841408372052,0.6
2015,5,17,0.15,0.00524648129017891,1.42944577773161,0.2
2015,5,18,0.137,0.019387405505954,1.48583434690867,0
2015,5,19,0.131,0.119163021951995,1.49724621600409,2
2015,5,20,0.129,0.104937619177683,1.46449728518971,0
2015,5,21,0.091,0.085882495606584,1.39681003631461,0
2015,5,22,0.244,0.129792838096976,1.18278352175233,6.2
2015,5,23,1.636,0.285210524393049,1.30803413962186,26.4
2015,5,24,0.506,0.149865441025323,1.21321788594985,6
2015,5,25,0.432,0.056215936302888,1.12502346452334,5.2
2015,5,26,0.221,0.00487851731298061,1.05304404466077,0.4
2015,5,27,0.334,0.0508445237582273,1.00211094502805,2.4
2015,5,28,0.51,0.0654814402330234,0.974028878776229,4.4
2015,5,29,0.183,0.0714917332303594,0.967759305090689,0.4
2015,5,30,0.181,0.10468361338742,0.981212415107513,1
2015,5,31,2.156,0.14154059634172,1.05616418031394,26.8
2015,6,1,1.196,0.115133274540953,1.14046784530983,10.2
2015,6,2,1.486,0.143273016411134,1.21832457162552,14.8
2015,6,3,0.444,0.114666436705156,1.28170324935102,4.4
2015,6,4,0.487,0.0452776937063653,1.32538421677933,4
2015,6,5,0.297,0.0482721578075422,1.34795998617588,0.4
2015,6,6,0.226,0.0534120804013045,1.3519624667124,0
2015,6,7,0.193,0.0671117506760084,1.19131220894376,0.2
2015,6,8,0.174,0.0928398336366112,1.34309611492996,0
2015,6,9,0.159,0.0423028407451047,1.32785722913249,0
2015,6,10,0.149,-0.0519879386641076,1.31020392191226,0
2015,6,11,0.188,-0.0724437764063073,1.29256775320809,0.4
2015,6,12,0.151,-0.0718705967517503,1.27517117543679,0.6
2015,6,13,0.166,-0.0884843373583368,1.25957149107701,0
2015,6,14,0.124,-0.060362390079252,1.28603265188592,0
2015,6,15,0.136,0.0139750552694291,1.34411442112894,0.6
2015,6,16,0.178,0.0169233831013893,1.38240720317457,0
2015,6,17,0.111,0.0272355387312899,1.39388517037815,0
2015,6,18,0.109,0.0409364117357727,1.37735880113086,0
2015,6,19,0.111,0.0872123465964934,1.33657832933234,0
2015,6,20,4.852,0.134434521767471,1.27843585508009,29.4
2015,6,21,0.579,0.110540411956657,1.07932184440737,1
2015,6,22,0.219,0.125889949805524,1.21070281138171,0
2015,6,23,0.17,0.127598304920181,1.14141636596562,0
2015,6,24,0.143,0.111590850880958,0.920532813638569,0
2015,6,25,0.13,0.0680481818291225,1.0215460634937,0
2015,6,26,0.125,0.0122478796860285,0.979356020838661,0.2
2015,6,27,0.141,0.0248019366649714,0.953538516421995,0.6
2015,6,28,0.208,0.00569198324250697,0.946912227679714,2
2015,6,29,0.148,-0.0146180445540617,1.01472523994225,0.6
2015,6,30,0.129,-0.0232924811517305,1.10760083697127,0.8
2015,7,1,0.138,-0.0406772192153404,1.20629661834309,0.6
2015,7,2,0.107,0.0365826773334321,1.30111067648511,0
2015,7,3,0.107,0.06836936407732,1.38226806493992,0
2015,7,4,4.581,0.152466994640421,1.44069215397668,39.2
2015,7,5,2.249,0.0915372619057129,1.46970508301014,1.4
2015,7,6,0.314,-0.0135946301877734,1.29081965204914,0
2015,7,7,0.389,0.0331785923563201,1.46678342021168,4.2
2015,7,8,0.355,0.0901390686131831,1.43316926871101,2.6
2015,7,9,0.274,0.0556754897918961,1.37489336545848,0.2
2015,7,10,0.169,0.0524760945214262,1.3006429118631,0
2015,7,11,0.151,0.00646136705721934,1.22360700416096,0
2015,7,12,0.142,0.029273151287396,1.16155765897692,0
2015,7,13,0.156,0.0118902340847655,1.19233037511451,0.8
2015,7,14,0.135,0.0656088612308845,1.23274020168289,0.2
2015,7,15,1.238,0.0954165036500916,1.27097903992672,14.4
2015,7,16,0.246,0.054609777397691,1.29740256685888,0.2
2015,7,17,0.158,0.0481792638616136,1.30387099876148,0
2015,7,18,1.409,0.130721274504416,1.28789884459701,12.2
2015,7,19,0.289,0.0543020121466544,1.25279512560634,2.2
2015,7,20,0.198,0.00396245898206926,1.20396266988436,0
2015,7,21,0.217,-0.0203015021347628,1.04904411949898,1
2015,7,22,0.153,0.0283034333910888,1.14825303862834,0
2015,7,23,0.144,0.00949685294145186,1.09004705531695,0
2015,7,24,0.137,-0.00680106606627306,1.03236753068659,0
2015,7,25,0.149,0.0100518426970961,0.978398383425137,0.4
2015,7,26,0.996,-0.00312370440381649,0.934424208075384,9.8
2015,7,27,0.238,0.117727960807721,0.908426158557213,1.6
2015,7,28,0.611,0.145607625805622,0.967416140504601,8
2015,7,29,0.36,0.0520966475855502,1.07283223809219,5
2015,7,30,0.348,0.0477140849397528,1.20045379020347,0
2015,7,31,0.195,0.0539935470950699,1.33341899496758,0
2015,8,1,0.178,0.0893266568368187,1.45094079779824,0
2015,8,2,0.163,0.0659628077475969,1.53324569162201,0
2015,8,3,0.151,0.0353703565196128,1.56550089581635,0
2015,8,4,0.143,0.00776353209560443,1.54273659762638,0.2
2015,8,5,0.94,0.065884512398126,1.37907029123754,24.2
2015,8,6,3.746,0.102739793827543,1.47023312154849,17.2
2015,8,7,0.356,0.114228810951929,1.36203929222152,0.4
2015,8,8,0.365,0.0730786794220211,1.23835870247442,4.2
2015,8,9,0.235,0.109969695365842,1.12023435381158,0.4
2015,8,10,0.207,0.190046910899609,1.0733878930362,0
2015,8,11,0.191,0.193117400488099,1.08699163383492,0
2015,8,12,0.175,0.129655686470667,1.12639005138794,0
2015,8,13,0.177,0.111835532708411,1.17460875938741,0
2015,8,14,0.938,0.179999274913531,1.21561274113448,11.2
2015,8,15,0.371,0.174526727220118,1.23758846548947,6.4
2015,8,16,0.285,0.148797214098352,1.23665595505011,3.2
2015,8,17,0.304,0.0776640304619558,1.21563244385935,2.6
2015,8,18,1.495,0.0292405603838317,1.18031540206018,18.6
2015,8,19,0.367,-0.0519770919031641,1.13492890438032,3.6
2015,8,20,0.3,-0.101327616127039,1.04544015665336,1.2
2015,8,21,0.252,-0.0617356782075382,1.08126697402094,0
2015,8,22,0.399,-0.0261997107111724,1.02098621225153,6.8
2015,8,23,0.454,-0.00485744316631065,0.958563112633427,4.4
2015,8,24,0.218,-0.0262942085145939,0.903081831956197,0
2015,8,25,0.331,-0.0168984018801537,0.871853087759502,4.6
2015,8,26,0.306,0.0366346038649634,0.93937464607729,0.4
2015,8,27,0.218,-0.00887087100824335,1.05936560849268,0
2015,8,28,0.182,-0.00989056040352965,1.21228277784795,0
2015,8,29,0.177,0.0183925450672262,1.36933269114644,0.4
2015,8,30,0.286,0.0439429051783511,1.49969683174885,1.6
2015,8,31,1.271,0.0903340141625057,1.57815529642368,16.3
2015,9,1,5.832,0.129350798660196,1.5899682741105,20.9
2015,9,2,0.556,0.125058595869183,1.53492202138421,3.7
2015,9,3,0.504,-0.0248664786568977,1.44830398450257,0.2
2015,9,4,0.902,0.024521872516658,1.42643130735391,13.5
2015,9,5,23.188,0.199616152803944,1.28628504942418,47.1
2015,9,6,0.676,0.100849482870754,1.13834132024665,3
2015,9,7,0.448,0.102238039041075,1.03330730600305,7.8
2015,9,8,0.351,0.0811887942035707,0.992907502166711,0
2015,9,9,0.301,0.0506059430182059,1.001067050043,0
2015,9,10,0.891,0.121691738138534,1.04112785238675,8.6
2015,9,11,0.478,0.0596032603654542,1.0922581978404,3
2015,9,12,0.49,0.107343599299449,1.1366143201664,5.8
2015,9,13,0.316,0.0590465013486545,1.16366626445065,0
2015,9,14,0.287,0.0296210207036087,1.17094097464653,0.2
2015,9,15,0.258,-0.030181533028059,1.16137004173464,0
2015,9,16,0.241,0.00486067855901395,1.13813169833588,0
2015,9,17,0.218,-0.00532556800630446,1.1110916256015,0
2015,9,18,1.117,0.0503191601574644,1.0821510776243,12.2
2015,9,19,1.053,0.0735122587285393,1.03537204224724,18.2
2015,9,20,1.132,0.156210095085963,0.993951362505332,8.1
2015,9,21,0.589,0.309938595299975,0.931549325252631,2.2
2015,9,22,0.365,0.243205948832826,0.881627507831595,0.6
2015,9,23,0.366,0.238543722214027,0.889790362192449,0.4
2015,9,24,2.32,0.214561758136478,0.959529449438526,14.1
2015,9,25,0.922,0.223207710535037,1.08403803534454,3.1
2015,9,26,0.45,0.162306965568651,1.23701545294817,0
2015,9,27,0.351,0.0990211576248488,1.38467414730176,1.6
2015,9,28,0.463,0.0294264452416806,1.49530674868409,3.2
2015,9,29,0.327,0.0196334500149786,1.54688247472098,0
2015,9,30,0.252,-0.025588522964441,1.53157589799689,0
2015,10,1,0.227,-0.00814019514160291,1.52660875455929,0
2015,10,2,1.644,-0.0450427484324585,1.47113689107885,20.9
2015,10,3,0.907,0.0649380187792377,1.3633834705475,4.2
2015,10,4,0.322,0.0784413532443915,1.22809370816087,0
2015,10,5,0.257,0.127971809968194,1.09711096819603,0
2015,10,6,0.217,0.0491644385103458,0.999382521961986,0
2015,10,7,0.193,0.0215459432173479,0.951139960832477,0
2015,10,8,0.182,0.0175733031434149,0.948721328445257,0
2015,10,9,0.173,0.0553322963209651,0.976403405288385,0
2015,10,10,0.166,0.0193343630335405,1.01587128379516,0
2015,10,11,0.161,0.0175207792825669,1.05294408703975,0
2015,10,12,0.155,-0.0162127986573883,1.08045453981532,0
2015,10,13,0.149,-0.00250060687043718,1.09591682933016,0.1
2015,10,14,0.157,0.0363897217342481,1.11435734337706,0.5
2015,10,15,0.14,0.00611254472431866,1.13848438687654,0
2015,10,16,0.136,-0.0420521177521844,1.14156170502781,0
2015,10,17,0.133,-0.0468259549117067,1.12188873006516,0
2015,10,18,0.13,-0.0532464383058028,1.0824308975105,0
2015,10,19,0.15,-0.0254316335481501,1.03145980758975,0
2015,10,20,0.122,-0.00247928966341671,0.983436235686112,0
2015,10,21,0.137,0.016152048946263,0.957860902237404,0
2015,10,22,0.131,0.0339220291402738,0.973218303221444,0
2015,10,23,0.114,0.0566418062206434,1.03686906446414,0
2015,10,24,0.396,0.0992944089852517,1.13855094259019,7.5
2015,10,25,0.172,0.126125254214548,1.25481143609712,0.2
2015,10,26,0.111,0.0959513219338861,1.35907956697682,0
2015,10,27,0.106,0.0922112722364479,1.42943934925033,0
2015,10,28,0.107,0.0956810212342234,1.45270573667027,0
2015,10,29,0.798,0.342427052226629,1.51576547626407,27.9
2015,10,30,0.427,0.237008193942849,1.51517051985165,8.2
2015,10,31,0.22,0.166853854309118,1.45518455873155,0
2015,11,1,0.127,0.0918453266106176,1.35179678314991,0
2015,11,2,0.112,0.143531351295688,1.22854326065147,0
2015,11,3,0.108,0.133699126834859,1.10979842551726,0
2015,11,4,0.131,0.167739153369162,1.01582231969037,0.9
2015,11,5,0.109,0.187791929829464,0.956729259105787,0.3
2015,11,6,0.099,0.201259233747247,0.931435936705561,0
2015,11,7,0.096,0.226319534896407,0.932219595963015,0
2015,11,8,0.094,0.238206951073711,0.948983757822849,0
2015,11,9,0.091,0.163656744645207,0.974205892300992,0
2015,11,10,0.154,0.119588771809126,1.00187140257045,2.6
2015,11,11,0.115,0.128704408954903,1.04876692998833,0
2015,11,12,0.248,0.173698404975837,1.108721855243,4.6
2015,11,13,0.333,0.181986847837322,1.15273053925474,0
2015,11,14,0.086,0.129386029146358,1.17615787905676,0
2015,11,15,0.084,0.151130513740364,1.17765799750936,0
2015,11,16,0.625,0.198995081621873,1.16070235273386,14.4
2015,11,17,0.141,0.16127524945778,1.13398315204196,0
2015,11,18,0.089,0.184727951019501,1.10963386225667,0
2015,11,19,0.309,0.17997687290598,1.09954784091039,4.8
2015,11,20,0.17,0.134259874210837,1.1113988274818,0.4
2015,11,21,0.095,0.116262676848978,1.14471837673522,0.8
2015,11,22,0.593,0.180750705260089,1.1926653364556,10
2015,11,23,0.098,0.100553529248758,1.24525463291953,0
2015,11,24,0.1,0.133604247760208,1.29268521239387,1.8
2015,11,25,0.096,0.104835376215316,1.32432274843295,0.2
2015,11,26,0.084,0.112130762777526,1.41470154635995,0
2015,11,27,0.084,0.134095625084542,1.46511400022465,0
2015,11,28,0.279,0.16141046115378,1.46713687633556,0.8
2015,11,29,0.125,0.153895705778068,1.42440347815433,1.8
2015,11,30,0.09,0.0836898073731545,1.34910009776653,0
2015,12,1,0.086,0.13029476609451,1.25600769825633,0
2015,12,2,0.08,0.156032378852625,1.15981306184232,0
2015,12,3,0.078,0.132757381213158,1.07246263995136,0
2015,12,4,0.549,0.116443881739669,1.00064128052508,1
2015,12,5,0.149,0.0724125719764317,0.948411573964741,0
2015,12,6,0.078,0.0846447661293308,0.917417527857112,0
2015,12,7,0.08,0.0782910276554325,0.907596265246434,0.2
2015,12,8,0.08,0.0812990376555522,0.917485429876021,0.2
2015,12,9,0.074,0.0710199044475235,0.944216683074213,0
2015,12,10,0.074,0.0716400892388307,1.01723081159909,0
2015,12,11,0.101,0.108931988072957,1.09653888994284,0.2
2015,12,12,0.086,0.122144952705408,1.16797600865545,0
2015,12,13,0.124,0.136974328736968,1.22507443200268,1
2015,12,14,0.077,0.0933178419952176,1.26399483169224,0
2015,12,15,0.074,0.101780533009218,1.28495706398616,0
2015,12,16,0.076,0.110436220498672,1.29091572543995,0.2
2015,12,17,0.094,0.138992107286009,1.28582560113115,0.8
2015,12,18,0.321,0.199086941051742,1.27309821488054,3.6
2015,12,19,0.071,0.178697864722493,1.25512557990947,0
2015,12,20,0.069,0.092914410261866,1.23414890394749,0
2015,12,21,0.067,0.0537056868611538,1.21401788726203,0
2015,12,22,0.066,0.134527685221569,1.20175245361928,0
2015,12,23,0.067,0.190143434913248,1.20228978604126,0
2015,12,24,0.189,0.170804042726448,1.26900048392403,6.6
2015,12,25,0.074,0.162849918399617,1.34060816977715,0
2015,12,26,0.066,0.112340067234273,1.3905421600347,0
2015,12,27,0.065,0.144669627327167,1.41023365607741,0
2015,12,28,0.064,0.16045271348624,1.39706301135053,0
2015,12,29,0.064,0.248195775985805,1.35524564320731,0
2015,12,30,0.063,0.213196302689892,1.29187246421747,0
2015,12,31,0.063,0.193785586986725,1.2163558105212,0
2016,1,1,2.193,0.261098676065954,1.13705208609067,49.2
2016,1,2,1.574,0.164216609893996,1.06089349542336,25.6
2016,1,3,1.684,0.18446953592199,0.993254697621564,15.8
2016,1,4,0.452,0.150938049943623,0.939001752387658,1
2016,1,5,0.207,0.168782783222773,0.903878495444835,0.8
2016,1,6,0.116,0.122887710068967,0.893989320359987,0
2016,1,7,0.098,0.0800737795163952,0.91414354209715,0
2016,1,8,0.879,0.125723610457383,0.986254677823316,12.4
2016,1,9,0.215,0.146994545518944,1.08730936729482,0.4
2016,1,10,0.104,0.0763889663925243,1.19389916671934,0
2016,1,11,0.09,0.0629676412407389,1.29500234576814,0
2016,1,12,0.205,0.0985085708340119,1.37920206416867,2.8
2016,1,13,0.096,0.12455631991074,1.43723496469069,0
2016,1,14,0.083,0.0666333566813391,1.4627302057849,0
2016,1,15,0.079,0.0431242230437119,1.4539712382531,0
2016,1,16,0.077,0.042975886758688,1.41258203874033,0
2016,1,17,0.076,0.0734592568411794,1.34649436524899,0.2
2016,1,18,0.823,0.121716171257862,1.26685007446974,14.2
2016,1,19,0.518,0.117854850256703,1.18987960384244,0.2
2016,1,20,0.085,0.109355065851519,1.1333305161957,0
2016,1,21,0.2,0.138789131576901,1.15072897302279,4.2
2016,1,22,0.32,0.126034438524685,1.2004529285533,0.4
2016,1,23,0.085,0.135824011125666,1.26252667267911,0
2016,1,24,0.08,0.117701109083606,1.32000035301137,0
2016,1,25,0.076,0.133371368224694,1.35785355847531,0
2016,1,26,0.075,0.16159993537395,1.36736268426882,0
2016,1,27,0.115,0.182374569985117,1.34757748036777,1.2
2016,1,28,0.083,0.143349061380847,1.30351156323974,0
2016,1,29,0.075,0.0766639257271235,1.24378546239486,0
2016,1,30,3.279,0.0700214379299922,1.17619110942019,14.2
2016,1,31,0.219,0.0802695538969067,1.10573997864911,1.6
2016,2,1,0.184,0.0705867580210724,1.03607333458278,0.4
2016,2,2,0.074,0.0765833659386397,0.971523273026395,0
2016,2,3,0.072,0.0813453068113865,0.920179048437966,0
2016,2,4,0.071,0.0987213337869296,0.894076709367358,0
2016,2,5,0.717,0.182461400208719,0.906758608314369,14.6
2016,2,6,0.634,0.212240333764455,0.974939589456859,0.6
2016,2,7,0.974,0.253329652968412,1.09690400849262,24.4
2016,2,8,0.202,0.203565360041658,1.23753730540639,0
2016,2,9,0.109,0.201233865103529,1.3762287132404,0
2016,2,10,0.09,0.154611783419715,1.49099521601322,0
2016,2,11,0.171,0.12259765953849,1.56376969473872,1.4
2016,2,12,0.08,0.0820831696826252,1.58329986191745,0
2016,2,13,0.079,0.0519055329836318,1.5490657657786,0
2016,2,14,0.135,0.116711522144251,1.46893861737705,1
2016,2,15,0.183,0.13778275263202,1.35934426108556,8.6
2016,2,16,0.09,0.116804208199619,1.25820911867206,0
2016,2,17,1.117,0.174136277646165,1.17268543491852,14.4
2016,2,18,5.88,0.103295225664553,1.11867471929407,58.2
2016,2,19,10.56,0.098841051213413,1.11081176543502,20.4
2016,2,20,0.512,0.108943520739296,1.14422520140482,0
2016,2,21,0.283,0.0458500036834251,1.20089034920283,0
2016,2,22,0.209,0.036308041398321,1.25895595909708,0.2
2016,2,23,0.172,0.00978727368868815,1.30047176878036,0
2016,2,24,0.146,-0.0027257769025506,1.3159054998379,0
2016,2,25,0.13,0.00051270523410607,1.30480876376849,0
2016,2,26,0.119,-0.00349046525864072,1.27239939759171,0
2016,2,27,0.48,-0.00364004007759022,1.22663943164052,7.4
2016,2,28,0.434,-0.00384500453797387,1.17221993597309,5.2
2016,2,29,0.176,-0.00586557178489522,1.11169119084591,0.6
2016,3,1,2.401,0.0654113290157785,1.04694338586718,43.6
2016,3,2,1.05,0.186441009862018,0.983201505071774,3.8
2016,3,3,0.308,0.123123367454487,0.930154841666342,0
2016,3,4,0.211,0.0757127435955912,0.901722428657564,0
2016,3,5,0.173,0.0505702920534007,0.917120279689486,0
2016,3,6,0.153,0.0717297427393551,1.00297221859274,0
2016,3,7,0.145,0.0444828366136629,1.13695732941943,0
2016,3,8,0.132,0.0367090324478421,1.29355205640124,0
2016,3,9,0.133,0.0148194648201161,1.44281565883329,0.2
2016,3,10,0.12,0.0125027188652194,1.55680898746623,0
2016,3,11,0.116,0.0557554539648373,1.61578056863954,0
2016,3,12,0.151,0.0861742514917649,1.61108551963188,0.6
2016,3,13,0.111,0.0727697820021822,1.54781745939971,0
2016,3,14,0.104,0.0930415704356076,1.51343951330107,0
2016,3,15,0.102,0.108973077382863,1.41365159867607,0
2016,3,16,5.644,0.105310527903756,1.29226660736964,37.6
2016,3,17,0.575,0.135756616503016,1.18121979245625,0
2016,3,18,0.185,0.186292350528252,1.10953454458667,0.8
2016,3,19,0.196,0.220673019636765,1.08807252820578,4.4
2016,3,20,0.174,0.16920576021268,1.10828630748696,3.8
2016,3,21,0.196,0.124768453886406,1.15068352295299,1.6
2016,3,22,0.352,0.177006242130984,1.19464740256345,2.2
2016,3,23,4.323,0.20969115569143,1.2257284912857,44.8
2016,3,24,2.875,0.125793329751496,1.23677974470113,6.6
2016,3,25,0.804,0.103571797712266,1.22890839713859,0
2016,3,26,0.428,0.061583844621987,1.21893492816922,0
2016,3,27,0.292,0.0560017384658029,1.19151907437497,0
2016,3,28,0.222,0.0634663470835541,1.13393332833678,0
2016,3,29,0.177,0.0445527734387932,1.14752548560643,0
2016,3,30,0.147,0.0166122080236233,1.09005229813356,0
2016,3,31,0.123,0.0194593907541756,1.02747184308384,0
2016,4,1,0.501,0.061448220277092,0.975685869615181,8.8
2016,4,2,0.771,0.12620781955104,0.955626412748449,4.2
2016,4,3,0.212,0.0827303040572975,0.986386923219952,0.2
2016,4,4,0.122,0.0712719310678107,1.07282302134327,0.4
2016,4,5,0.103,0.106129896414946,1.20010521926332,0.6
2016,4,6,0.104,0.0718781943688973,1.34162117947188,0
2016,4,7,0.091,0.076386262067254,1.46720117071216,0
2016,4,8,0.089,0.0584357312016421,1.56915440610874,0
2016,4,9,0.089,0.0756066348736839,1.62310019172457,0
2016,4,10,1.968,0.0992725454326544,1.61138452454685,22.6
2016,4,11,0.251,0.109940775761818,1.47825889207503,0.2
2016,4,12,0.109,0.0821229303824229,1.53910755370249,0
2016,4,13,0.1,0.082172424023389,1.42522790033768,0.2
2016,4,14,0.823,0.139971763632946,1.29790117977336,6.6
2016,4,15,0.122,0.0939067133745262,1.18673852828544,0
2016,4,16,0.299,0.0912232291748556,1.11258887131339,6
2016,4,17,1.224,0.141316087107429,1.0799355796477,22.8
2016,4,18,0.52,0.0996987752091574,1.07960434747241,0
2016,4,19,0.226,0.0510734352865003,1.09728149928654,0.2
2016,4,20,0.157,-0.0031700095763596,1.119045896194,0
2016,4,21,0.127,-0.0257096755438848,1.15861867071607,0
2016,4,22,0.113,-0.0622176167100723,1.19528202576653,0
2016,4,23,0.109,-0.0446815261178646,1.21449678047373,0
2016,4,24,0.104,-0.0154517438086765,1.21661384705765,0
2016,4,25,0.1,-0.0353492418935959,1.20134065092587,0
2016,4,26,0.098,-0.0218223144533845,1.16940071912641,0
2016,4,27,0.093,-0.0538216400558371,1.05760469538161,0
2016,4,28,0.092,-0.0617951057010822,1.12550826065441,0
2016,4,29,0.089,-0.0808664950648034,1.08052041497567,0
2016,4,30,0.088,-0.0681106560944827,1.04960826877063,0
2016,5,1,0.226,-0.0560983717383146,1.04847797712325,4.7
2016,5,2,0.163,-0.0391360699380497,1.08650417911943,1.2
2016,5,3,0.089,-0.029449417007581,1.16051861943979,0
2016,5,4,0.086,-0.0481219240763262,1.25608688095548,0
2016,5,5,0.084,-0.0673528152219713,1.35391737263378,0
2016,5,6,1.234,-0.0618059596295968,1.48407844313541,1.7
2016,5,7,0.219,-0.0621715373420131,1.57595025811857,0
2016,5,8,0.104,-0.0241772748141038,1.61244000715128,0
2016,5,9,0.087,0.0441379804217594,1.58902154470945,1.2
2016,5,10,0.08,0.0846030285013732,1.51557010185184,0
2016,5,11,0.087,0.146381834274386,1.29502342806635,0
2016,5,12,0.088,0.138510424613948,1.41093150981161,0
2016,5,13,0.077,0.0724970836981209,1.29772439746702,0
2016,5,14,0.077,0.0122019592821778,1.19675346378313,0
2016,5,15,0.076,0.035587086352764,1.11982291399964,0
2016,5,16,0.074,0.0293464075431861,1.0697567679711,0
2016,5,17,0.074,0.0180844951281297,1.04306157111796,0
2016,5,18,0.452,0.00228378322600653,1.03338163094961,8.2
2016,5,19,0.089,0.0316189293990579,1.05958318719405,1.1
2016,5,20,0.09,0.059745990626586,1.11147093096459,0.4
2016,5,21,0.841,0.1725897486937,1.15560628387597,22.9
2016,5,22,0.836,0.12936379731709,1.18889209401617,8.5
2016,5,23,0.317,0.146249861797992,1.20846472445798,5.4
2016,5,24,0.493,0.063025735152213,1.21267904424484,9.4
2016,5,25,0.334,0.0203919554300904,1.20208884058363,4.8
2016,5,26,0.238,5.80474568552258e-05,1.18252028967471,0.4
2016,5,27,0.115,-0.0233685565184534,1.04845178837199,0
2016,5,28,2.69,-0.0237139494118281,1.16301353543004,18.9
2016,5,29,0.387,-0.00666051819382019,1.15361718594129,3.4
2016,5,30,0.34,-0.00257821953138593,1.16099491547853,1.6
2016,5,31,0.357,-0.0409077880980013,1.18595557938231,6.1
2016,6,1,2.057,-0.0345913527252779,1.22391858264048,17.5
2016,6,2,2.327,0.105378367281308,1.26773301657498,8
2016,6,3,0.348,-0.0747494226799403,1.35084848939912,0
2016,6,4,0.222,-0.0795587606747574,1.45269136235725,0
2016,6,5,0.168,-0.0734954432835142,1.52273670507415,0
2016,6,6,0.142,0.0127756112260202,1.54951136842252,0
2016,6,7,0.145,0.0455682781280415,1.53158753932584,0.2
2016,6,8,0.117,0.077763337873491,1.47468052706477,0.6
2016,6,9,0.921,0.150071685873566,1.24465876723632,26.9
2016,6,10,0.436,0.106910247165633,1.39135882161199,0.4
2016,6,11,0.256,0.047683303064016,1.29610831805319,0
2016,6,12,0.196,-0.0189497311120734,1.20132989337142,0.8
2016,6,13,0.191,-0.0848348501815093,1.11675538301079,0
2016,6,14,0.138,-0.147401764936112,1.04695701533455,0
2016,6,15,0.122,-0.0930334108432129,0.994778999471294,0
2016,6,16,0.112,-0.0282996101167763,0.961955132501796,0
2016,6,17,0.113,-0.0471624909629734,0.993025003522475,0
2016,6,18,0.103,-0.0525335914065752,1.04859514188942,0
2016,6,19,0.098,-0.065814416595292,1.10744386157733,0
2016,6,20,0.104,-0.0690776842079139,1.16347634247365,0.8
2016,6,21,0.107,-0.0307274532139685,1.21170636541346,0.2
2016,6,22,1.26,0.0339622003590847,1.24733013414313,20.1
2016,6,23,0.671,0.0492566275101081,1.26911771952695,3.2
2016,6,24,0.288,-0.00552558404006298,1.27791571029563,0.4
2016,6,25,2.07,0.148662557861676,1.12589630683569,24
2016,6,26,1.096,0.0831265819244056,1.2771680925398,1.9
2016,6,27,0.557,-0.0236586403818941,1.26992296944606,2.9
2016,6,28,0.307,-0.0275422013067401,1.25829890242553,0.4
2016,6,29,1.754,0.067245218385876,1.24354441614429,18.5
2016,6,30,0.889,0.116417728539492,1.22799037017237,8
2016,7,1,0.892,0.168783571697918,1.21985752061824,0
2016,7,2,0.355,0.0539329833927102,1.29778989106997,0
2016,7,3,0.278,0.0397955024899779,1.37431077391233,0
2016,7,4,0.272,0.0704816255353171,1.43482627503854,0.2
2016,7,5,0.215,0.0358858585419031,1.46799230679484,0
2016,7,6,0.184,0.0378421659369144,1.46626964057699,0
2016,7,7,10.559,0.284391785053915,1.42981071657224,44.6
2016,7,8,4.606,0.253154396983149,1.21866267379214,10.4
2016,7,9,4.202,0.413218933149677,1.36452502428154,23.6
2016,7,10,1.052,0.364537615390166,1.28049032570077,5.2
2016,7,11,0.789,0.242515186554739,1.18827800380731,0.2
2016,7,12,0.548,0.12603031721481,1.09713881105768,0
2016,7,13,0.492,0.0376123293343245,1.01369682097913,2.6
2016,7,14,2.574,0.0435749612629122,0.943959104845574,18
2016,7,15,0.902,0.0342272596724738,0.89375472049987,11.2
2016,7,16,0.808,0.035902641545158,0.91523221010219,1.7
2016,7,17,0.585,-0.00366603822547007,0.979055074431757,1.5
2016,7,18,0.52,0.0708541245775558,1.06000221737829,3
2016,7,19,0.431,0.0865658879359565,1.14858083249229,0.2
2016,7,20,0.421,0.0302197842883771,1.23508337560856,1
2016,7,21,0.35,0.0166450656143062,1.30961828716111,0
2016,7,22,0.385,0.083445707237048,1.36326648489841,3.7
2016,7,23,1.009,0.0702513678689289,1.3898117158446,7.9
2016,7,24,2.735,-0.00472301773791983,1.23829288341845,20
2016,7,25,0.591,-0.0456854445964097,1.38685332038866,0.2
2016,7,26,0.606,-0.033619844032502,1.35584309371384,3.4
2016,7,27,0.378,-0.0434913266190746,1.3024340270115,0
2016,7,28,0.519,0.0205841641649565,1.23564522349989,1.9
2016,7,29,0.377,-0.0275941031574722,1.16893681891453,3.2
2016,7,30,0.463,0.0220919129717885,1.16243096657149,2.6
2016,7,31,0.517,0.0184655752919007,1.21352986969344,3.6
2016,8,1,0.618,0.0458952414084339,1.27970629547048,3.8
2016,8,2,0.59,0.0687547266454716,1.34284613540496,1.3
2016,8,3,0.512,0.0698491395696423,1.385372732031,5.3
2016,8,4,1.645,0.106094905590374,1.39559628184762,17.7
2016,8,5,0.639,0.117449446904252,1.37033634054635,1
2016,8,6,0.564,0.134337215655031,1.31475932055727,3.2
2016,8,7,0.416,0.105694195225966,1.23855522596984,0.2
2016,8,8,0.357,0.0531993301787663,1.10936193786357,0.9
2016,8,9,0.803,0.0623583474893283,1.15141402863716,15.7
2016,8,10,3.831,0.181197312754385,1.06181229571975,22.2
2016,8,11,1.28,0.0780011776806061,0.975577815273824,6.6
2016,8,12,0.649,0.0130609388238793,0.897661290954822,1.1
2016,8,13,0.494,0.016099371725947,0.836044292069122,0
2016,8,14,0.42,0.0138534975672263,0.846757548469021,0
2016,8,15,0.377,0.032561163883322,0.919664955840434,0
2016,8,16,0.349,0.0179530851041818,1.02549996751757,0
2016,8,17,0.326,0.0290273421891064,1.14873971439709,0
2016,8,18,0.31,0.0131015768371623,1.2719889153242,0
2016,8,19,0.295,0.00696309143002161,1.37685896819209,0
2016,8,20,0.501,0.00143966546197904,1.44703861978997,2.7
2016,8,21,0.402,-0.0287768666926218,1.47143183626371,1.8
2016,8,22,0.292,-0.0355977010121569,1.44709546984194,0
2016,8,23,0.266,-0.0198007808204552,1.34765795616203,0
2016,8,24,0.494,0.0108098076434187,1.38059595060748,7.8
2016,8,25,2.801,0.110563567195675,1.28433339032413,36.6
2016,8,26,1.444,0.112193469839361,1.17631101147342,0.5
2016,8,27,0.487,0.0289651269769331,1.10055481644879,0
2016,8,28,0.358,0.0241994624764841,1.09661737462481,0
2016,8,29,1.726,0.220068982333111,1.13405886064755,20.5
2016,8,30,0.563,0.140049015970086,1.19436985351528,0
2016,8,31,0.387,0.0633678976631136,1.25502182291078,0
2016,9,1,0.328,-0.00590593811743778,1.29604125591703,0
2016,9,2,0.299,-0.0104826788051358,1.30641039605128,0
2016,9,3,0.326,-0.0433080976119897,1.28424636685175,0
2016,9,4,0.64,-0.0168091335491087,1.23562616703725,5.9
2016,9,5,0.466,0.00964679840228366,1.16907704702861,0
2016,9,6,0.273,-0.0406021408246253,1.11565466595352,0.2
2016,9,7,0.245,-0.0749756937816392,1.04984715916541,0.2
2016,9,8,0.438,0.0921971870944709,1.01423349894753,5.6
2016,9,9,0.272,0.110378040212899,0.933422966260316,0
2016,9,10,0.223,0.135009453297718,0.856380009319277,0
2016,9,11,0.21,0.122028874941486,0.797396441610536,0
2016,9,12,0.199,0.0740832513168203,0.817114574506037,0
2016,9,13,0.191,0.0331780637952814,0.895312651572462,0
2016,9,14,0.184,-0.00659385075369012,1.01795433559815,0
2016,9,15,0.198,0.0345848633300062,1.16209452817121,1.2
2016,9,16,0.178,0.0438094149401775,1.30328433828708,0
2016,9,17,1.203,0.0711166126698595,1.41669305808309,16.7
2016,9,18,0.409,0.065538722993981,1.48303311889717,0
2016,9,19,0.315,0.0799480624747921,1.49163620775982,0
2016,9,20,0.534,0.247407550862322,1.46502009724067,10.5
2016,9,21,4.38,0.271407615806491,1.43532936115162,23
2016,9,22,0.84,0.293188373462753,1.35645305456873,1
2016,9,23,0.529,0.207748422416642,1.24944787843506,4.5
2016,9,24,0.538,0.175756706900957,1.14526008817001,6.3
2016,9,25,2.578,0.284430541306366,1.07584922462815,10.9
2016,9,26,0.931,0.337185556412161,1.05591884235977,0
2016,9,27,0.449,0.338185604940469,1.07726830098256,0
2016,9,28,2.786,0.32864341062623,1.12013006702084,30.2
2016,9,29,1.243,0.24994197249908,1.16345624030348,0.2
2016,9,30,0.471,0.15011117906221,1.19136226775191,0
2016,10,1,0.381,0.0870895800949525,1.19589111165875,0.2
2016,10,2,4.679,0.0944170656147389,1.17648807673807,17.1
2016,10,3,0.753,0.110582231891749,1.17502552248661,5.9
2016,10,4,0.456,0.137812530729427,1.15547519266404,2.4
2016,10,5,0.578,0.111207056840067,1.1158956480346,3.2
2016,10,6,0.617,0.0849233611913245,1.06105539269019,8.5
2016,10,7,1.069,0.120226025285987,0.994877534133235,11.2
2016,10,8,0.49,0.0643016394912883,0.924674129869739,0
2016,10,9,6.373,0.136388167634266,0.863986175910522,15.8
2016,10,10,1.262,0.179563365181988,0.833347270899178,1.6
2016,10,11,0.506,0.164455520601656,0.852877044887836,0
2016,10,12,0.51,0.205325191155863,0.927990974100488,2.5
2016,10,13,0.358,0.132510969653197,1.0458198649198,0
2016,10,14,0.662,0.102183361761253,1.18264480797035,3.7
2016,10,15,0.803,0.0831403404336308,1.31246198461251,11.1
2016,10,16,0.451,0.0743369490935744,1.41108995232302,0.2
2016,10,17,0.316,0.0388049906298156,1.46167016065462,0
2016,10,18,0.281,0.0992594250399992,1.50888517678039,0.4
2016,10,19,0.266,0.135951514160829,1.52964853128648,0
2016,10,20,0.255,0.0813193358730344,1.48727042694622,0
2016,10,21,0.254,0.124869141960436,1.39512915253967,0.6
2016,10,22,0.241,0.111152106231538,1.27882816532885,0
2016,10,23,0.219,0.136730599348721,1.16869107056824,0
2016,10,24,0.207,0.178152310148668,1.08874196534861,0
2016,10,25,0.286,0.235351467825994,1.04778854694761,1.6
2016,10,26,0.246,0.180893015120045,1.03938498403375,0.2
2016,10,27,0.205,0.0766643280744431,1.05045617119164,0
2016,10,28,0.185,0.0195705559107074,1.06736631728901,0
2016,10,29,0.182,0.0161860525827087,1.07910239939834,0.2
2016,10,30,0.164,0.0513766700519549,1.09068235881173,0
2016,10,31,0.464,0.0614795348574051,1.12831883946684,3.4
2016,11,1,0.195,0.0948482011851393,1.1441895471064,0
2016,11,2,0.171,0.0950973523496947,1.14026121774085,0.6
2016,11,3,0.151,0.100993442171453,1.1198427116333,0
2016,11,4,0.22,0.0755337907198987,1.08517170278609,2
2016,11,5,0.164,0.0339167654937502,1.03991780573535,0
2016,11,6,0.215,0.0779136248017048,0.991058103674549,1.6
2016,11,7,12.95,0.134449736135761,0.951723132228032,59.9
2016,11,8,0.73,0.0952857716020996,0.936595299613287,0.2
2016,11,9,0.309,0.0757113614680534,0.95745859878955,0
2016,11,10,0.235,0.0681973233323809,1.0155998734015,0
2016,11,11,0.199,0.144729272992097,1.101623750605,0
2016,11,12,0.666,0.195975467646635,1.20004266090406,8.5
2016,11,13,0.212,0.116396450073819,1.29355958073531,0
2016,11,14,0.171,0.0692330234118641,1.36558121724954,0
2016,11,15,0.18,0.171234136598611,1.45278172232458,1.4
2016,11,16,0.255,0.192228295063416,1.53116449340371,0
2016,11,17,0.209,0.19663028273152,1.55039987037842,3.6
2016,11,18,0.258,0.147227092725131,1.5131472013125,1
2016,11,19,0.151,0.0560897641469502,1.43211081262232,0
2016,11,20,0.143,0.0966023048539757,1.32792018236048,0
2016,11,21,0.129,0.0518011036173804,1.22185009582499,0
2016,11,22,0.126,0.0110114235397106,1.13030979013059,2
2016,11,23,0.126,0.0172402556995828,1.06096841114228,0
2016,11,24,0.125,0.00893155159062453,1.01470214351958,0
2016,11,25,0.276,0.0452771463994481,0.988781537307402,3.8
2016,11,26,0.267,0.0375882979867225,0.977756819005305,0.2
2016,11,27,0.148,0.0269606875690729,0.978436885342668,1.6
2016,11,28,0.168,-0.00282562512683826,1.03147572095026,0.4
2016,11,29,0.116,-0.00842040544704103,1.0764623174253,0
2016,11,30,0.112,0.0323101561901862,1.11051026777667,2.8
2016,12,1,0.11,0.0377654862882213,1.13257614317975,56.2
2016,12,2,0.111,0.0834823191752652,1.14226606013749,0
2016,12,3,0.106,0.0695534954238981,1.1393029907185,0
2016,12,4,0.103,0.0340204008526364,1.12606634685885,0
2016,12,5,0.154,0.00666809062851215,1.10829569748485,2.4
2016,12,6,0.201,0.0174339676055656,1.09369940880465,0
2016,12,7,0.094,-0.0138535565702683,1.08957659161499,0
2016,12,8,0.428,0.0276791494992064,1.099492171822,6.6
2016,12,9,0.107,0.057593800104119,1.12283141255817,0.2
2016,12,10,0.306,0.0771934910257757,1.1571923948847,4.6
2016,12,11,0.171,0.00553072628152118,1.2007021876788,0
2016,12,12,0.095,0.0085425670553374,1.25078276752058,0.2
2016,12,13,0.09,0.0288646248901216,1.32299988636255,0
2016,12,14,0.087,0.0413407033083519,1.43419502248575,0
2016,12,15,0.085,0.0498933650243563,1.51120254942634,0.2
2016,12,16,0.098,0.0107800229275565,1.54253990808346,0
2016,12,17,0.079,0.0016725829146047,1.52582567415721,0
2016,12,18,0.08,-0.0563478108523399,1.46772483277613,0
2016,12,19,0.537,0.00756365055194452,1.3805041250886,1.4
2016,12,20,0.142,0.0111407839637818,1.2783594047904,0
2016,12,21,0.102,-0.0148795646301665,1.17531892891402,0
2016,12,22,0.15,0.00749227514640571,1.08051928539396,4
2016,12,23,0.134,0.0782999812413987,1.00136473574943,1.4
2016,12,24,0.111,0.0073885667809952,0.942737751720804,0.4
2016,12,25,0.074,-0.00511460968509025,0.907916552423715,0
2016,12,26,0.072,0.0397294501371236,0.916037586846432,0
2016,12,27,0.07,0.033610504410261,0.966016230021308,0
2016,12,28,0.068,0.0359325160575887,1.02468101427938,0
2016,12,29,0.086,0.0433853259776751,1.08591480739304,0
2016,12,30,0.069,0.0844409913873132,1.14357870015342,0
2016,12,31,0.067,0.0540092671772643,1.19276080661665,0
2017,1,1,0.068,-0.00250262029246495,1.22933903499096,0
2017,1,2,0.066,-0.00931665476029764,1.25140867354247,0
2017,1,3,0.064,-0.058743141418143,1.25955967627417,0
2017,1,4,0.087,-0.0180350735265067,1.25649684162622,0.6
2017,1,5,0.062,-0.00344693093307935,1.24410741205112,0
2017,1,6,0.061,-0.0601633794918299,1.22485044557012,0
2017,1,7,0.061,-0.00738378513325966,1.2014803091293,0
2017,1,8,0.061,-0.0101103955877586,1.18091445180698,0
2017,1,9,0.061,-0.00268746298739897,1.17468331246739,0
2017,1,10,0.06,-0.0268895012841022,1.19301992637223,0
2017,1,11,0.06,0.0347186307005631,1.29016316776862,0
2017,1,12,0.059,0.0408221317747661,1.38988124977887,0
2017,1,13,0.059,0.0436417956075723,1.47167725638,0
2017,1,14,0.059,0.07919190740233,1.5183417762169,0
2017,1,15,0.064,0.0588404171281403,1.5198907736103,0.2
2017,1,16,0.06,-0.00688316703491165,1.47815904879256,0
2017,1,17,0.057,-0.0306326197147864,1.40205921426894,0
2017,1,18,0.057,-0.0216731328825102,1.30402291244816,0
2017,1,19,0.19,0.0269771506281689,1.1974107993889,3.2
2017,1,20,0.105,0.0344319496210153,1.09224485576329,1.8
2017,1,21,0.112,-0.0353117194332365,0.996691605412924,5.2
2017,1,22,0.988,-0.014650763389605,0.918446835861134,11
2017,1,23,0.069,-0.0414495585404466,0.866188505778268,0.2
2017,1,24,0.061,-0.0746920649477633,0.863969602981286,0
2017,1,25,0.059,-0.058444434867558,0.912391946041315,0
2017,1,26,0.059,-0.0468902770838487,0.987738872669334,0
2017,1,27,0.058,-0.0761286142240598,1.07878377361108,0
2017,1,28,0.057,-0.0770268148668496,1.17434869313697,0
2017,1,29,0.057,-0.117929071669246,1.26300371036712,0
2017,1,30,0.057,-0.106060315936279,1.3348276980779,0
2017,1,31,0.056,-0.126446234863218,1.38162369815016,0
2017,2,1,0.057,-0.0853870521878803,1.39889414037251,0
2017,2,2,0.056,-0.115714702136219,1.38686095624126,0
2017,2,3,0.057,-0.0858577094928648,1.34856345408835,0
2017,2,4,0.056,-0.0991203161279459,1.29084771781194,0
2017,2,5,0.056,-0.0743538220107072,1.22369628266365,0
2017,2,6,0.056,-0.0115001753590063,1.1624664325318,0
2017,2,7,0.056,0.0109504351173662,1.1388666817435,0
2017,2,8,0.062,0.0628846015169355,1.17781687960596,2
2017,2,9,1.446,0.163538141156696,1.25327452559744,26.6
2017,2,10,0.063,0.159813420099393,1.34392308460931,0
2017,2,11,0.045,0.134530849711679,1.423351452261,0
2017,2,12,0.046,0.10665510472958,1.47037112900357,0.8
2017,2,13,0.044,0.0426886431919076,1.47509532975472,0
2017,2,14,0.042,0.00945051108119133,1.43843714604157,0.4
2017,2,15,0.313,0.0188355280787182,1.36907473388386,15.2
2017,2,16,0.604,0.0715043514944702,1.2797701011699,19.9
2017,2,17,0.603,0.0492398205864972,1.18150835516018,6.7
2017,2,18,0.075,0.0468638130611951,1.08498458400362,0
2017,2,19,0.053,0.0231568478082369,0.991560412201131,0
2017,2,20,0.133,-0.00719969255768105,0.909037236622605,1.5
2017,2,21,0.05,-0.0288325353665818,0.853303895512988,0
2017,2,22,0.048,0.0159987719752788,0.8450279724792,0
2017,2,23,0.048,0.00677867506517049,0.889802842514785,0
2017,2,24,0.049,-0.010249218986815,0.977483619148548,0.2
2017,2,25,0.47,-0.0207767495543472,1.09166479890498,1.2
2017,2,26,0.261,-0.0163192158741592,1.21504029815227,0
2017,2,27,0.046,-0.0647889930868122,1.32988549861249,0
2017,2,28,0.044,-0.097774027599983,1.41975957224284,0
2017,3,1,0.044,-0.114060540104539,1.47252748227053,0
2017,3,2,0.044,-0.0373724840220926,1.48166080301271,0
2017,3,3,0.046,-0.00181956287875717,1.44901081827398,0
2017,3,4,0.047,-0.0245192240034846,1.39140052528036,0
2017,3,5,0.045,0.0286991579624567,1.33158079802313,0
2017,3,6,0.044,0.0477396121767828,1.25440800584932,0.2
2017,3,7,0.305,0.138339136070488,1.18565762399361,4.4
2017,3,8,0.785,0.331739873610809,1.15415292928112,31.1
2017,3,9,2.767,0.475036765458344,1.17184471599399,27
2017,3,10,35.437,0.258220405748594,1.2277363108034,89.2
2017,3,11,12.282,0.233177959843143,1.29777789113038,3.1
2017,3,12,1.175,0.219529647658836,1.35685708618437,9.6
2017,3,13,0.292,0.0637472054755688,1.38760552893946,0
2017,3,14,0.182,-0.0118320980418212,1.38293645055305,0
2017,3,15,0.139,0.0392449503383376,1.34630327899787,0
2017,3,16,0.108,0.0736622695309277,1.28554386018434,0
2017,3,17,0.096,0.149420243187359,1.21090936825508,0
2017,3,18,0.087,0.0952704927844292,1.19598593786625,0
2017,3,19,0.078,0.0364958555433512,1.11329214720316,0
2017,3,20,0.077,-0.0244277902074954,1.02596232946874,0
2017,3,21,0.071,0.0380062838045913,0.944856064173414,0
2017,3,22,0.068,0.0538496400246824,0.886320903292282,0
2017,3,23,0.065,0.044045591000077,0.871151126288453,0
2017,3,24,0.065,0.0740090994856017,0.911713328660693,0
2017,3,25,0.061,0.0961550801510056,1.00155361146853,0
2017,3,26,4.445,0.106112603452441,1.12251690611752,42.8
2017,3,27,6.595,0.169680096493913,1.25307664498417,19
2017,3,28,0.282,0.152753232343064,1.37165206157362,0
2017,3,29,0.673,0.137538203324597,1.46216397361483,9.7
2017,3,30,0.303,0.0430866224287239,1.52109094287771,0
2017,3,31,0.143,0.0620943720307876,1.52817809398849,0
2017,4,1,0.119,0.0597455597282777,1.44839317464432,0
2017,4,2,0.126,0.0736253942626566,1.4840026562322,0.4
2017,4,3,0.136,0.110498910579387,1.40139166981344,1.7
2017,4,4,5.453,0.160243365469839,1.30446021261922,58.1
2017,4,5,7.684,0.248693623688756,1.22303063118486,34.7
2017,4,6,1.243,0.137584854466704,1.17962417747317,0
2017,4,7,0.457,0.0491837857224107,1.17697040239321,0.2
2017,4,8,0.326,0.0479266732779002,1.20260485387726,0.8
2017,4,9,0.387,0.0842763898547751,1.2372068597595,3.2
2017,4,10,0.289,0.0942520226943477,1.26458001220447,1.7
2017,4,11,0.204,0.113242981252397,1.28426504391197,0.8
2017,4,12,2.41,0.151827875163439,1.29773356794894,39
2017,4,13,7.04,0.235030116207563,1.28175495911383,27.7
2017,4,14,0.902,0.0920570578612283,1.24186066332853,0
2017,4,15,0.653,0.0268118338016778,1.18572322171183,0
2017,4,16,0.462,0.0366331725597648,1.06717212344598,0
2017,4,17,0.341,0.0107265469814344,1.11964803665793,0
2017,4,18,0.294,0.00877313916686751,1.05013386664864,0
2017,4,19,0.249,-0.043294211623909,0.986199136754011,0
2017,4,20,0.315,-0.0214691008203491,0.942792915961045,1.9
2017,4,21,0.547,0.0078594170742069,0.936131035133694,10.7
2017,4,22,0.433,-0.0154498533152986,0.97557461903747,1.8
2017,4,23,0.256,0.0655568463731417,1.05622476699299,0.2
2017,4,24,0.234,0.10980964879981,1.16306543387088,0.9
2017,4,25,0.184,0.10763075714832,1.28622691860634,0
2017,4,26,0.162,0.0860745992297631,1.42447522973224,0
2017,4,27,0.149,0.0559662544713497,1.52969052505723,0
2017,4,28,0.138,0.0707572827018392,1.58515190611745,0
2017,4,29,0.466,0.121319386690323,1.5839827124372,6.6
2017,4,30,0.312,0.182211767221071,1.41868304460589,4
2017,5,1,0.216,0.158099991756097,1.5314642466388,0
2017,5,2,0.144,0.0821369600109993,1.44425896323759,0
2017,5,3,0.126,0.0671128783662736,1.34697002984635,0
2017,5,4,0.201,0.0934857604739385,1.26274670788686,0.6
2017,5,5,0.115,0.0388410910910153,1.20397212157247,0
2017,5,6,0.109,0.0437110894871453,1.17117851260675,0
2017,5,7,0.105,0.0376689661705403,1.15762462528124,0
2017,5,8,0.103,-0.00475383489618486,1.15439336858322,0
2017,5,9,0.1,-0.0109370401327604,1.18830462322018,0
2017,5,10,0.138,0.00357126528812368,1.22217842719172,0.6
2017,5,11,0.896,0.076662632326322,1.23456061488061,11.1
2017,5,12,4.289,0.214444621224752,1.22681551204211,26.3
2017,5,13,0.513,0.167861414706364,1.20325516077744,0
2017,5,14,0.236,0.0559405631581602,1.16864339197863,0
2017,5,15,0.172,0.058661673602618,1.12677993524373,0
2017,5,16,0.79,0.0656108578068089,0.990373448978514,11
2017,5,17,7.432,0.0702052730960701,1.08269483165048,25.3
2017,5,18,0.83,0.0273576674321967,1.04408205996275,2.1
2017,5,19,0.422,-0.035667776787592,1.02196829273907,0
2017,5,20,0.385,-0.0624572219562286,1.02589368745417,2.8
2017,5,21,0.251,-0.0104817643386916,1.05937089816014,0
2017,5,22,0.197,-0.0163985450346302,1.11816630566644,0
2017,5,23,0.171,0.0449738168218161,1.1929353673529,0
2017,5,24,0.156,0.0896121269008672,1.31834446675812,0
2017,5,25,0.145,0.0919963867822462,1.44834918731056,0
2017,5,26,0.644,0.166486845639882,1.54628057587042,10.8
2017,5,27,0.415,0.223933904685673,1.59796935077379,0.2
2017,5,28,0.206,0.174210288105324,1.59815121906103,0.8
2017,5,29,0.18,0.124541250488936,1.55249679503389,0.4
2017,5,30,0.171,0.0825592900615055,1.32685389653532,0.7
2017,5,31,0.182,0.14068950763543,1.4735818944772,1
2017,6,1,0.128,0.150625502531963,1.37911558844366,0
2017,6,2,6.536,0.269332467226996,1.28516560246586,55.9
2017,6,3,25.347,0.246385216234352,1.20186289992962,33.7
2017,6,4,2.196,0.202707047525674,1.13448866543252,0
2017,6,5,0.852,0.137520941128966,1.08505468761985,0
2017,6,6,0.592,0.111194774088486,1.07234408234647,0.4
2017,6,7,0.467,0.0354414520847344,1.10918026938877,0.4
2017,6,8,0.4,0.0373069654996958,1.14020805845428,0.2
2017,6,9,0.351,0.0882552510720618,1.16198828299534,0
2017,6,10,0.312,0.143397469161612,1.17372578604353,0
2017,6,11,0.295,0.154777818632383,1.17656080155693,0.2
2017,6,12,0.266,0.0552883612556485,1.17125934807799,0
2017,6,13,0.252,0.0578337720749251,1.15891023782551,0
2017,6,14,0.245,-0.0226998245546027,1.01459982251673,0.6
2017,6,15,0.225,0.0424172982285866,1.14197543146772,0
2017,6,16,0.205,0.0430151680072561,1.12555947946207,0
2017,6,17,0.195,0.0872023073628239,1.1155365878216,0
2017,6,18,0.199,0.0467241577491908,1.11633505995845,0.4
2017,6,19,0.644,0.025791802882045,1.12937372630006,8.1
2017,6,20,0.433,0.13004272144934,1.15326287648666,3.1
2017,6,21,0.445,0.221490345708657,1.1937670231283,5.5
2017,6,22,27.244,0.310421918812826,1.31219317951828,51.4
2017,6,23,2.286,0.374110273930037,1.4269068627667,1.4
2017,6,24,1.276,0.344136305281228,1.51991135172864,6.6
2017,6,25,0.713,0.1922234757735,1.57685316404391,0.8
2017,6,26,0.523,0.155281893396066,1.58877839743336,0
2017,6,27,0.429,0.151292884583322,1.55376068503847,0
2017,6,28,0.371,0.10322505418642,1.32427804507504,0
2017,6,29,0.332,0.0890437907544093,1.47986099312862,0
2017,6,30,0.304,0.0465634974371061,1.38024723184781,0
2017,7,1,1.349,0.056841520060736,1.26975245336398,11
2017,7,2,0.867,0.0906821892819265,1.16184127478501,3.5
2017,7,3,0.547,0.101643603965801,1.06689724609106,5.1
2017,7,4,0.432,0.0673033106008569,0.991640483032048,1.2
2017,7,5,0.322,0.04029949112271,0.981077643830986,0
2017,7,6,0.837,0.134847186913445,1.01262611279196,9.9
2017,7,7,0.634,0.190713965719946,1.05348776690337,2.6
2017,7,8,0.602,0.149985883761767,1.09734530446383,4.1
2017,7,9,1.066,0.18688237578001,1.13997146965167,12.1
2017,7,10,0.749,0.121231106798632,1.17698032321847,2.7
2017,7,11,0.472,0.060296197325681,1.20501034628889,0.8
2017,7,12,0.671,0.082961472032514,1.2208705963266,8.8
2017,7,13,0.539,0.0836815509636331,1.22366045976373,2.8
2017,7,14,0.555,0.0929096025961913,1.08392338423581,1.3
2017,7,15,0.356,0.0844881524873964,1.21507391496881,0
2017,7,16,0.301,0.023851143224991,1.19844227655585,0
2017,7,17,0.268,0.0172581295009664,1.17749121833299,0
2017,7,18,0.247,0.0035003293884579,1.15593764635181,0
2017,7,19,0.239,0.088744356509878,1.13896321324563,0
2017,7,20,2.027,0.341440977883742,1.17380356250463,15.3
2017,7,21,0.641,0.266516976755814,1.26931604162513,4.1
2017,7,22,0.542,0.233436617446487,1.37552483988565,3.7
2017,7,23,0.404,0.19120980583976,1.47184071223804,0.9
2017,7,24,0.315,0.131141877066926,1.53657391363368,0.4
2017,7,25,0.402,0.167010049524081,1.55445804503501,2.5
2017,7,26,0.287,0.109021467451305,1.52095241146141,0.8
2017,7,27,0.911,0.112256814427226,1.32370078760435,9.7
2017,7,28,0.635,0.140055738002873,1.44359612209361,5.3
2017,7,29,0.367,0.0587188652679551,1.33602087939572,0
2017,7,30,0.274,0.0115813793353221,1.21483277711282,0
2017,7,31,0.242,-0.0106271530697457,1.09383539006726,0
2017,8,1,0.223,-0.00215766503511516,0.984068349277873,0
2017,8,2,2.231,0.0439813039338875,0.89405114772898,20.3
2017,8,3,7.319,0.27758414219722,0.880812884873387,36.2
2017,8,4,2.58,0.161655426766098,0.916211286220622,0.4
2017,8,5,0.787,0.0888235491761622,0.975906090369882,0.2
2017,8,6,0.532,0.0303924164931372,1.04925279099452,0.4
2017,8,7,0.54,0.000511252432425779,1.12631526379478,1.2
2017,8,8,0.463,-0.00714548695097084,1.19809590972401,2.4
2017,8,9,2.717,0.0653136828390914,1.25553487086474,16.8
2017,8,10,0.792,0.0712751841513815,1.2909601969849,4.2
2017,8,11,0.677,0.0175847405005753,1.3001893992141,5.2
2017,8,12,0.493,-0.0296443170506568,1.18704551990701,0
2017,8,13,1.254,0.0167683573851429,1.2833194196968,14.4
2017,8,14,1.236,0.0616232123645111,1.24496371170245,1.4
2017,8,15,0.448,0.0424647077973128,1.19178035545171,0.2
2017,8,16,0.37,0.0229119223772536,1.13373439839574,0
2017,8,17,0.335,0.0779080989185936,1.09174791416132,0
2017,8,18,0.543,0.212267436964958,1.13420861855375,2.4
2017,8,19,1.581,0.315728742082583,1.21649897561383,14.4
2017,8,20,0.505,0.249602803116091,1.31804810520297,0.2
2017,8,21,0.341,0.173337785029068,1.41079782136346,0.2
2017,8,22,0.291,0.0816069404445281,1.4696446858414,0.4
2017,8,23,0.272,-0.00408226495498298,1.47992969592757,0
2017,8,24,0.267,-0.0107569404701275,1.44016897543346,0.4
2017,8,25,0.246,-0.0479052688152473,1.3594813961602,0.2
2017,8,26,0.247,-0.0775282468257128,1.25626964517099,0
2017,8,27,1.074,0.00556700772613472,1.25272184029867,16.6
2017,8,28,1.334,0.043377233408227,1.13466053307885,11
2017,8,29,0.575,0.039054426684334,1.01686055942966,0.2
2017,8,30,4.184,0.0691769194510481,0.907716272180202,22.8
2017,8,31,1.268,0.0849823476580949,0.814755564889671,6.8
2017,9,1,0.554,0.136989295206619,0.802284379478344,0.8
2017,9,2,3.511,0.212206334855524,0.842158749839863,20.6
2017,9,3,1.384,0.208888079863013,0.918988195874551,0
2017,9,4,0.613,0.127795442565964,1.0170249561515,0
2017,9,5,0.463,0.043834609884016,1.1221309945351,0
2017,9,6,0.824,0.0533133804043275,1.21951550560114,9.8
2017,9,7,0.46,0.0574664925221424,1.29548122832433,0.6
2017,9,8,0.377,0.00107523772438034,1.33905789087145,0.6
2017,9,9,0.662,0.0780085355877176,1.34481620116627,9.2
2017,9,10,0.606,0.0976580841877166,1.31346761047846,8
2017,9,11,0.941,0.0336500532985706,1.28046327744269,8
2017,9,12,0.566,0.0586217478388125,1.25263261510585,2.8
2017,9,13,0.424,0.0403947400304148,1.17351215336279,0
2017,9,14,0.349,0.0275298958322396,1.10995419886398,0
2017,9,15,0.725,0.0182752159978008,1.08558417586617,3.8
2017,9,16,0.643,0.0432752018772629,1.11154716907561,1
2017,9,17,0.462,0.0193201315443297,1.17814398396618,5.8
2017,9,18,1.934,0.00541368190618896,1.25975461449924,19.6
2017,9,19,1.894,0.0790626406820831,1.32890792463477,8
2017,9,20,0.598,0.0137890829426148,1.36582970474661,0
2017,9,21,0.486,0.0534653021907434,1.36126959886393,1.6
2017,9,22,0.736,0.0715329422912927,1.31744582798983,7.2
2017,9,23,0.384,-0.0312044122367749,1.28886405156268,0.2
2017,9,24,0.304,-0.0499059692554826,1.23477564786332,0
2017,9,25,0.273,-0.106900788900069,1.15350894083634,0
2017,9,26,0.45,-0.0949964127853011,1.05641208708111,4.4
2017,9,27,0.72,0.00221254112033509,0.955762426951815,6
2017,9,28,0.26,0.012958707145303,0.864336566731951,0.2
2017,9,29,0.239,-0.0247776005794177,0.799186751871779,0.4
2017,9,30,0.741,0.106947490311325,0.780299119787092,4.6
2017,10,1,0.806,0.12616080240336,0.815969835554122,9.6
2017,10,2,0.771,-0.00793000252297216,0.895734227313562,8.8
2017,10,3,0.315,-0.0956728024096728,1.00253997884445,0.2
2017,10,4,0.241,-0.113012790086015,1.11833671153258,0
2017,10,5,0.21,-0.120066758950035,1.22555434225128,0
2017,10,6,0.189,-0.107100228542007,1.30773143907892,0
2017,10,7,0.211,-0.0323043246415449,1.35260927298764,2.4
2017,10,8,0.911,0.0325918237188279,1.37728821850863,9.2
2017,10,9,0.263,0.0872995703652257,1.39938421374067,0
2017,10,10,0.201,0.0702190707024208,1.37481325415785,0
2017,10,11,0.187,0.0409611450468281,1.31153491770805,0.2
2017,10,12,0.167,-0.0820441170169977,1.22958417243014,0
2017,10,13,0.145,-0.058999624640544,1.15683903254372,0
2017,10,14,0.138,0.00421264008258238,1.11802694061295,0
2017,10,15,0.184,-0.0184318532512942,1.1200088147031,0
2017,10,16,0.126,-0.0632339006677944,1.15064066001951,0
2017,10,17,0.123,-0.0791070661239791,1.19063833707969,0
2017,10,18,0.117,-0.0418799083987946,1.22235291431972,0
2017,10,19,0.114,-0.00292342352173636,1.23356852729497,0
2017,10,20,0.108,0.03767556842404,1.23512662941695,0
2017,10,21,0.11,0.0139550157126782,1.25747366588128,0
2017,10,22,0.112,0.00912798986797969,1.24395627992363,0
2017,10,23,0.515,0.0313651026385664,1.20001201459262,9
2017,10,24,0.128,0.00892982475994353,1.13453590853548,0
2017,10,25,0.097,-0.0416923594946119,1.057649467255,0
2017,10,26,0.096,0.00214150461379226,0.97856824316689,0
2017,10,27,0.09,0.00584045082831119,0.906049930350437,0
2017,10,28,0.088,0.0215294673521912,0.852767940423121,0
2017,10,29,0.097,0.0399548787401456,0.833512831902124,0
2017,10,30,0.266,0.0405268162085409,0.857589734284112,2.2
2017,10,31,0.209,0.043168697319879,0.921498627243234,0.6
2017,11,1,0.108,0.00498766470506373,1.01347040507774,1
2017,11,2,0.097,-0.0209256312739147,1.11718321540772,0.2
2017,11,3,0.126,-0.0113443224856495,1.21624515793977,1.6
2017,11,4,0.122,0.0121682972942669,1.29525523325841,1.4
2017,11,5,2.014,0.0395610383361271,1.37200782049221,26.2
2017,11,6,0.167,0.0498030138338776,1.45262335321814,0
2017,11,7,0.127,0.0787923152128289,1.48264102069695,0
2017,11,8,0.592,0.0791523190574799,1.46188156366166,12.6
2017,11,9,0.159,0.0640207925538729,1.40197306712189,0
2017,11,10,0.126,0.0970796777510889,1.32151259246832,0
2017,11,11,0.374,0.250526886628457,1.24273664005406,3.4
2017,11,12,0.119,0.211859651341222,1.18084658055642,0
2017,11,13,0.123,0.121934359763471,1.14057327577173,0
2017,11,14,0.222,0.102626893525413,1.11882026960794,3.2
2017,11,15,0.161,0.0222712864264529,1.10973805973927,0
2017,11,16,0.104,0.0487812789310647,1.10550734215738,0.4
2017,11,17,0.27,0.134001705134128,1.12147313853896,3.6
2017,11,18,1.463,0.346548578647201,1.1678150318249,35.4
2017,11,19,1.605,0.260330652954053,1.19046743885378,7
2017,11,20,0.267,0.179433682938944,1.18894805627767,0
2017,11,21,0.208,0.119844459398322,1.16672804954311,0.6
2017,11,22,0.164,0.0797115455995567,1.13018306619419,0
2017,11,23,0.148,0.0350563680636184,1.08615144444579,0
2017,11,24,0.141,0.0064545232531219,1.03955230593936,0
2017,11,25,0.125,0.043722973908733,0.995746529160791,0
2017,11,26,0.121,0.0267200689124574,0.962482250147323,0
2017,11,27,0.118,0.0466162166512544,0.947969395726962,0
2017,11,28,0.186,0.0440458552975107,0.95827861743507,0
2017,11,29,0.487,0.040904517416259,0.993611050649886,0
2017,11,30,0.143,0.0898913049858832,1.05031733463583,0
2017,12,1,0.112,0.0901574788058181,1.12188502028964,0
2017,12,2,0.108,0.0832933307472439,1.20004860729102,0
2017,12,3,0.106,0.150392519495732,1.27776512498819,0
2017,12,4,0.102,0.200429068784053,1.40595737897149,0
2017,12,5,0.099,0.236217509037076,1.499781693065,0
2017,12,6,0.097,0.20382861055977,1.54751145968433,0
2017,12,7,0.095,0.161482593529621,1.54665116813805,0
2017,12,8,0.093,0.120521642736808,1.50149106796305,0
2017,12,9,0.091,0.139036650233966,1.42544916002625,0
2017,12,10,0.374,0.103095908846951,1.33246261337912,5
2017,12,11,0.452,0.0790420405034093,1.23683140014121,8.1
2017,12,12,0.259,0.10031384416439,1.14960968018144,1.3
2017,12,13,0.096,0.12198308806963,1.07830177288722,0
2017,12,14,0.377,0.1955191706574,1.02808797000064,5.7
2017,12,15,0.093,0.135686479778358,1.00748627591435,0.2
2017,12,16,0.085,0.146803620525066,1.04765128864114,0
2017,12,17,0.084,0.190743866339138,1.08785117338837,0
2017,12,18,0.084,0.165138490099883,1.12055180318915,0
2017,12,19,0.089,0.151190605891052,1.14222860999138,0.3
2017,12,20,0.369,0.169593419669568,1.1528766532583,0.6
2017,12,21,0.079,0.184979525730788,1.1537605395455,0.2
2017,12,22,0.076,0.185445757751331,1.14700434434532,0
2017,12,23,0.083,0.174358180948854,1.13431548987164,0.4
2017,12,24,0.099,0.149568600931505,1.11700470521812,0
2017,12,25,0.081,0.142736570131719,1.09901076654685,0
2017,12,26,0.307,0.134236477317938,1.08414420113237,3.8
2017,12,27,0.083,0.122819300241475,1.07626574340155,0
2017,12,28,0.07,0.100891031097548,1.07818327233578,0
2017,12,29,0.07,0.17295999919812,1.09315571370438,0
2017,12,30,0.071,0.236707979458343,1.12633126383222,0
2017,12,31,0.072,0.272461508520485,1.18182720849869,0
2018,1,1,0.832,0.256012157760021,1.28389600757072,9.4
2018,1,2,0.199,0.273601749035801,1.41583965343578,0.6
2018,1,3,0.091,0.228487199676925,1.52601599502808,0.2
2018,1,4,2.21,0.368375420328424,1.59501798905632,31
2018,1,5,0.758,0.109180970075196,1.61178690108148,9.3
2018,1,6,0.32,0.114835982474477,1.57443576105935,0
2018,1,7,0.112,0.116509611203406,1.49188521902524,0
2018,1,8,0.095,0.0607858425363339,1.38008601161757,0
2018,1,9,0.088,0.0440336111656865,1.25580513232421,0
2018,1,10,0.085,0.0479862911309517,1.13542110721516,0
2018,1,11,0.082,0.047354397469948,1.03221948224742,0
2018,1,12,0.082,0.0782916563087934,0.95585558865686,0
2018,1,13,0.084,0.12481679085656,0.946949621663658,0
2018,1,14,0.125,0.139794704075401,0.970415475292871,1.1
2018,1,15,0.098,0.0945641233882544,1.01295841149721,0.4
2018,1,16,0.092,0.0668253460425297,1.06435999925494,1
2018,1,17,0.087,0.0352892973141294,1.11588282076114,0.8
2018,1,18,0.91,0.0400742539217003,1.16238430666151,21.2
2018,1,19,0.401,0.0421499785993942,1.20016347103994,0.6
2018,1,20,0.11,0.00607505907431705,1.22636398620535,0
2018,1,21,0.098,0.0349539010217139,1.23855979047489,0.2
2018,1,22,0.19,-0.00437371252248475,1.23566592700638,2.1
2018,1,23,2.531,0.0461395354629726,1.21982979456467,27.5
2018,1,24,0.26,0.045349396976178,1.19467450075218,0
2018,1,25,0.101,0.0173627617593586,1.16442008111649,0
2018,1,26,0.09,0.0664847888839177,1.13472577670404,0
2018,1,27,0.086,0.102402781639408,1.11489905057195,0
2018,1,28,0.289,0.185863970678895,1.11878292439252,4.5
2018,1,29,0.152,0.17809060162659,1.16429006626294,0.4
2018,1,30,0.085,0.176778208491346,1.28361212663226,0
2018,1,31,0.081,0.195752594427727,1.41697818224388,0
2018,2,1,0.627,0.206629602472754,1.53378391782741,12.8
2018,2,2,0.434,0.216521129052993,1.60721084215671,0
2018,2,3,0.1,0.178112075091281,1.62196064634131,1
2018,2,4,9.343,0.150321040678765,1.57754570201796,53.4
2018,2,5,0.305,0.125153689625699,1.48502571381626,0.2
2018,2,6,0.136,0.146829429653217,1.36248930715511,0
2018,2,7,0.13,0.149249785731666,1.22896718284002,0
2018,2,8,0.205,0.247708103519492,1.106776572633,4.1
2018,2,9,6.909,0.316827845822158,1.00277835098899,51.8
2018,2,10,11.142,0.207477963788607,0.927778234063046,38.5
2018,2,11,1.813,0.25296779474755,0.896787404784391,13.5
2018,2,12,1.128,0.180770597964584,0.910922544592947,12
2018,2,13,17.116,0.130732527375145,0.959830186237924,29.2
2018,2,14,1.566,0.091872061630907,1.02967941340904,5.2
2018,2,15,0.998,0.0692002437365717,1.10721876470162,0.2
2018,2,16,0.515,0.0471826963724529,1.18265580359066,0
2018,2,17,0.377,0.0409023724310502,1.24806927859954,0
2018,2,18,0.318,0.0357899397765218,1.29537155479329,0
2018,2,19,0.277,0.0583175816874761,1.31914987974848,0
2018,2,20,0.649,0.0558668762802965,1.31754793775952,5.8
2018,2,21,0.323,0.0599810542600328,1.29297081684053,0
2018,2,22,0.254,0.00558303363494494,1.25162344993639,3.1
2018,2,23,0.2,0.0361321981899476,1.20017530811121,0.8
2018,2,24,0.17,0.0652864522036651,1.14800016507599,0
2018,2,25,0.157,0.141799121744667,1.11052684898287,0
2018,2,26,0.151,0.115871647667081,1.1211369250718,0
2018,2,27,0.142,0.121932043074465,1.18462115271643,0
2018,2,28,0.316,0.157157866950776,1.29065972319733,4.3
2018,3,1,0.237,0.264285045765342,1.40950220106597,1.4
2018,3,2,0.528,0.25627360747379,1.50751268493322,3.4
2018,3,3,0.264,0.234274050984598,1.559697369786,2
2018,3,4,1.399,0.225539416460744,1.55579753430847,18.6
2018,3,5,0.334,0.177436698646199,1.4998938073022,0
2018,3,6,0.398,0.163305208024604,1.40539244578964,0.4
2018,3,7,0.295,0.17101227299186,1.34803070780727,1.2
2018,3,8,2.076,0.29857790411316,1.24108740511924,12.6
2018,3,9,0.856,0.221684937923209,1.12208452562327,4.1
2018,3,10,0.404,0.209346193088635,1.00868962568615,1.2
2018,3,11,0.26,0.259675878219989,0.920045783096749,0.6
2018,3,12,16.958,0.392758836301097,0.876244432894801,55.3
2018,3,13,2.994,0.154715791361559,0.88463712672611,0
2018,3,14,0.7,0.0531826570686951,0.935979284293564,0.4
2018,3,15,0.445,0.0252318104792053,1.01476130159195,0
2018,3,16,0.349,0.0670540909335395,1.10669348415762,0
2018,3,17,1.044,0.179107768394762,1.1981811424083,4.5
2018,3,18,0.388,0.173925977277546,1.27715306605644,0.4
2018,3,19,0.319,0.164769262105004,1.3326572110862,5.4
2018,3,20,0.459,0.147149076932876,1.35775685061052,2.2
2018,3,21,0.258,0.0983799244791548,1.35284113009946,0.4
2018,3,22,0.225,0.109915737539754,1.31746502457749,0.2
2018,3,23,0.92,0.0952567999457192,1.32292169614721,14
2018,3,24,4.45,0.0488220874342538,1.27082185977517,29.3
2018,3,25,1.216,0.0679636684102516,1.21219275868244,0.6
2018,3,26,0.454,0.0726157915623484,1.1712223435439,0
2018,3,27,0.312,0.0716477638475967,1.17167556948444,0
2018,3,28,0.415,0.0573108520370778,1.21925429851424,1.4
2018,3,29,2.377,0.0541363263354184,1.2962734611058,11.8
2018,3,30,0.582,0.0321445620097498,1.37517015168491,0.2
2018,3,31,0.269,0.0116269963442512,1.43164251947092,0
2018,4,1,0.227,0.0303218917894321,1.44986671964659,0.4
2018,4,2,0.216,0.030010491955561,1.44030147581906,0
2018,4,3,0.178,0.0848651306065111,1.39976616415971,0
2018,4,4,0.168,0.0713388857362809,1.32416533946844,0
2018,4,5,0.167,0.113667624189431,1.18993050330234,0
2018,4,6,0.153,0.105918511203784,1.22577386604433,0
2018,4,7,0.151,0.0955963626571943,1.11918990882395,0
2018,4,8,0.153,0.0554915165734275,1.01824782580672,0
2018,4,9,0.144,0.0818593533945895,0.93817977005773,0
2018,4,10,0.248,0.148764932535686,0.894856455229107,5.2
2018,4,11,0.559,0.199141880148517,0.89800536356339,15
2018,4,12,0.238,0.103852934780419,0.94328212296008,1.4
2018,4,13,0.19,0.0542309487493502,1.01838965999772,0
2018,4,14,0.132,0.0374932308845235,1.10914692993671,0.4
2018,4,15,0.134,0.0515455819412487,1.21350007656997,0.2
2018,4,16,0.343,0.062817743223502,1.3188362711544,2
2018,4,17,0.126,0.0634971888366609,1.39747151261098,0.6
2018,4,18,0.194,0.0256168033840227,1.43969724781529,1
2018,4,19,0.112,-0.0236568011231193,1.44170723348065,0
2018,4,20,0.107,-0.0129159720748584,1.32184274091443,0
2018,4,21,0.106,-0.00269396311378878,1.40737306155205,0
2018,4,22,0.162,0.00201553869384585,1.34961353107229,1.4
2018,4,23,0.1,-0.0284758575855761,1.28838626573258,0
2018,4,24,0.1,-0.00404434356211669,1.24548802217052,0
2018,4,25,0.1,0.0499485095061074,1.23274454438817,0
2018,4,26,0.1,0.0653406912873304,1.24682479971215,0
2018,4,27,0.098,0.110316602281147,1.27402155211734,0
2018,4,28,3.181,0.21004706282113,1.29987364079292,39.5
2018,4,29,0.686,0.157710052753817,1.34045757250768,1
2018,4,30,0.242,0.170141276801667,1.37350180533305,0.6
2018,5,1,0.201,0.133718579798382,1.37048570286973,0
2018,5,2,0.159,0.127844055056012,1.3336468405225,0.8
2018,5,3,0.167,0.0955722591600501,1.27136836225732,0.6
2018,5,4,0.124,0.0491289385100961,1.19451027288919,0
2018,5,5,0.118,0.00707467844654519,1.02881070327056,0
2018,5,6,0.12,-0.0268310223170849,1.11395083967378,0.4
2018,5,7,0.122,-0.100229110658638,1.03962316823894,0.4
2018,5,8,0.109,-0.103402105460414,0.980686106465078,0
2018,5,9,0.106,-0.097784479112653,0.947371254056309,0
2018,5,10,0.106,-0.0709021245475662,0.946685573833262,0
2018,5,11,0.194,-0.0298488765297603,0.978699816704092,3.6
2018,5,12,0.963,0.00675204617817027,1.03689125562146,17.9
2018,5,13,2.953,0.102375658922838,1.11778812430235,36.4
2018,5,14,5.701,0.0886360126768908,1.24421911569105,8.7
2018,5,15,0.804,0.11351012383761,1.35930042504876,7
2018,5,16,0.394,0.138254664162852,1.44805441799064,0.6
2018,5,17,0.4,0.0768217203778143,1.49982783868188,7.7
2018,5,18,0.255,0.0270677020852688,1.51068646413948,0
2018,5,19,0.192,-0.0123434244875809,1.33870162531615,0
2018,5,20,0.184,0.0561909143726325,1.48467484141947,0.4
2018,5,21,0.156,0.0627233062998882,1.43418104539064,0
2018,5,22,0.15,0.106536556830256,1.37397668778907,0.4
2018,5,23,1.219,0.135144895267606,1.31738704420564,20.4
2018,5,24,0.594,0.0191688566948611,1.27038432674838,2.1
2018,5,25,0.338,0.0661641016459948,1.23419399208555,3.5
2018,5,26,0.352,0.0777988901594289,1.20719492070701,2.8
2018,5,27,0.417,-0.00250517348163193,1.21743600062961,8.4
2018,5,28,0.354,0.0794395198401594,1.2587488830501,1.8
2018,5,29,0.229,0.0445287312598071,1.28043404093484,0
2018,5,30,0.193,0.0708825655417062,1.27934789197427,0
2018,5,31,0.166,0.109622628629304,1.25690602978843,0
2018,6,1,0.703,0.108304347579054,1.21909777137422,5.4
2018,6,2,4.916,0.235168527456544,1.17248920993575,22
2018,6,3,22.582,0.163306794963695,1.00025936193025,43.4
2018,6,4,2.836,0.254044566453042,1.12388611157597,19.4
2018,6,5,1.23,0.224723602857034,1.07830395976913,1
2018,6,6,0.845,0.0518735722057242,1.04051259000009,7.2
2018,6,7,0.863,0.0708644793675225,1.01618307941089,0
2018,6,8,0.498,0.04419043019859,1.00963001546513,0
2018,6,9,0.429,0.0161451215758937,1.02291828951184,0
2018,6,10,0.483,0.1025849321077,1.0550989941498,0.6
2018,6,11,0.358,0.205468394401281,1.127103786139,0.4
2018,6,12,0.382,0.186259545299646,1.25138414477387,0.4
2018,6,13,0.321,0.130738489349686,1.37177028290934,0
2018,6,14,0.284,0.0841670001997712,1.47295449443242,0
2018,6,15,0.221,0.0566048113530189,1.54223052278977,0
2018,6,16,0.211,0.0613765242404165,1.57180168216291,0
2018,6,17,0.195,0.087302648359449,1.55962599783142,0
2018,6,18,0.206,0.132237999828881,1.34504992739842,0.4
2018,6,19,0.2,0.13568898126588,1.51062260703421,0.2
2018,6,20,24.815,0.406888004116384,1.4352002079438,97
2018,6,21,40.026,0.521899486564062,1.34492317454361,84
2018,6,22,6.698,0.170286140120896,1.25234283382798,1.4
2018,6,23,1.571,0.0294217340463767,1.16803044939318,0
2018,6,24,1.052,0.0157944653952853,1.10063352833225,0.4
2018,6,25,1.52,0.0436601708924356,1.12538846421472,13.8
2018,6,26,2.408,0.0390598873737715,1.15417003342718,13.4
2018,6,27,1.659,0.00207383843606679,1.17836954486817,0
2018,6,28,0.866,0.0137139544142362,1.1929337155449,0
2018,6,29,0.72,0.0820773156612447,1.19625318579574,0.2
2018,6,30,0.618,-0.00277450365910092,1.18891672348645,0
2018,7,1,0.667,-0.00263236891738661,1.17394309160107,3.2
2018,7,2,0.881,0.0145158248188508,1.15380050675767,1.2
2018,7,3,0.627,-0.00186732497172515,1.00510364949195,1.2
2018,7,4,0.472,-0.000566551597373843,1.12992342391897,0
2018,7,5,0.43,-0.0221847921126646,1.10386055474418,0
2018,7,6,0.4,0.00249578209648105,1.078655640693,0
2018,7,7,0.381,-0.00788309930911568,1.05882649198237,0
2018,7,8,0.686,0.0313346802593355,1.04853372831211,5.4
2018,7,9,0.801,0.0677342352331505,1.05234320531775,8.6
2018,7,10,0.739,0.0458379821667256,1.117580956071,6
2018,7,11,0.463,0.0549529510567717,1.23593676139789,0
2018,7,12,0.359,0.0597992416344941,1.36421161900661,0
2018,7,13,0.333,0.0642089714974603,1.48328110698447,0.2
2018,7,14,0.774,0.225864544656653,1.5728484242277,14.2
2018,7,15,28.954,0.266775020139934,1.61556857095849,56.6
2018,7,16,1.323,0.165397686463596,1.60294384916479,0.8
2018,7,17,0.733,0.0739741494245516,1.39293320716008,0
2018,7,18,0.564,0.0671583291951889,1.53781929657856,0
2018,7,19,0.608,0.0616276132794764,1.43286670503907,2
2018,7,20,0.487,0.0580740950647112,1.306295579252,0.4
2018,7,21,0.41,0.050576596908569,1.17726708021443,0
2018,7,22,0.741,0.076827702947488,1.06238730709638,7.4
2018,7,23,0.407,0.0869803232600668,1.00363069228902,0
2018,7,24,0.354,0.11148942855381,1.01520448232965,0.2
2018,7,25,0.33,0.109781508182909,1.04659519654614,0.2
2018,7,26,0.315,0.0734511719491203,1.08694113833847,0
2018,7,27,0.397,0.102244533641953,1.12625363866206,1.2
2018,7,28,0.308,0.0362175812420025,1.15847495083111,0.2
2018,7,29,0.391,0.0592686851779511,1.18090379674248,1.4
2018,7,30,0.348,0.0369043833574572,1.19243561638233,0.2
2018,7,31,0.279,0.046802065013271,1.19184405064516,0
2018,8,1,0.295,0.0337052999645135,1.17777484311776,0
2018,8,2,0.256,-0.0373284912807581,1.06144554385156,0
2018,8,3,0.382,0.0363892267506585,1.15080410792572,2.2
2018,8,4,0.259,0.0530474778010006,1.1148450151961,0
2018,8,5,0.226,0.0588238064795947,1.0760437918937,0
2018,8,6,0.218,0.129695764321592,1.04189971015441,0
2018,8,7,0.214,0.153225455614977,1.02125522393614,0
2018,8,8,0.76,0.169230733666907,1.09602795858353,6.4
2018,8,9,0.44,0.110034525946794,1.2128544173288,0
2018,8,10,0.234,0.0628896061452602,1.35107902609578,0
2018,8,11,0.312,0.0679538626193301,1.4817739681383,2.8
2018,8,12,0.235,0.114641082127267,1.57487890272095,0.8
2018,8,13,0.901,0.178591697905822,1.6093204161023,8.8
2018,8,14,0.949,0.108546958322455,1.57857627317427,3
2018,8,15,0.6,0.0470161938727667,1.4205776690005,6
2018,8,16,0.291,0.0272735584963471,1.48955634350468,0
2018,8,17,0.98,0.0552604536858157,1.36162886250828,5.8
2018,8,18,0.301,0.0746161698651235,1.21602028681869,0.8
2018,8,19,0.244,0.0734517776044561,1.07251330242115,0
2018,8,20,0.309,0.122541565113632,0.947146133662757,1.2
2018,8,21,0.364,0.220208205692279,0.904038169278781,3.6
2018,8,22,1.216,0.0780854142809742,0.912884295427754,15.9
2018,8,23,1.877,0.0729382682629446,0.954379645407335,22.2
2018,8,24,0.421,0.0949204907899527,1.0127144791227,0.2
2018,8,25,0.288,-0.00449041865519839,1.07508282255757,1.1
2018,8,26,0.227,-0.0280797267490553,1.13203264291805,0.2
2018,8,27,0.193,-0.0259679608406422,1.17814340904415,0
2018,8,28,0.179,0.0096605219564776,1.20836084707212,0.2
2018,8,29,2.064,0.0199127678655306,1.21799207071908,16.6
2018,8,30,0.339,0.110654058743269,1.2042889183782,0
2018,8,31,0.437,0.13083710324166,1.14051639735951,2.5
2018,9,1,0.218,0.160984628924922,1.16957801079926,0.2
2018,9,2,0.295,0.146434584616181,1.11984981312627,2.1
2018,9,3,0.253,0.0913733867743929,1.06438963384267,1.5
2018,9,4,0.347,0.082810881244791,1.01275567660279,3.5
2018,9,5,0.181,0.132680696102024,1.02190767990449,0.5
2018,9,6,0.591,0.146814054708222,1.08853455043182,10
2018,9,7,0.375,0.21909818600219,1.20243862248273,0
2018,9,8,0.165,0.204033649730014,1.33503293316738,0
2018,9,9,0.155,0.141746283731036,1.45137099234833,0
2018,9,10,0.543,0.166828827817273,1.522226308563,6.8
2018,9,11,1.114,0.17962134224793,1.53131306827051,17.1
2018,9,12,0.399,-0.015118455070559,1.47982863220956,0.2
2018,9,13,0.211,-0.0472390096368442,1.41635818870256,0
2018,9,14,0.176,-0.0643715179849764,1.33954361362266,0
2018,9,15,0.166,-0.0100909365852939,1.25021205095425,0
2018,9,16,0.155,0.0493439933598065,1.11039547475448,0
2018,9,17,0.152,0.0686975756767763,0.976890463866386,0
2018,9,18,5.366,0.274353168652623,0.882733981772293,49
2018,9,19,2.893,0.311700557179971,0.837120465355516,15.2
2018,9,20,1.121,0.239024080142103,0.843088038276713,0.8
2018,9,21,5.188,0.191138530765819,0.887974057070002,43.4
2018,9,22,7.268,0.162866360966237,0.954931731390586,18.5
2018,9,23,1.445,0.142800514404117,1.03042508782711,0
2018,9,24,0.691,0.095018762516599,1.10344336742998,1.4
2018,9,25,0.628,0.0102992102138559,1.16531077634199,3.1
2018,9,26,0.472,-0.0431607813538506,1.20698571713736,0.2
2018,9,27,0.386,-0.0157420684460328,1.22244822295622,0.2
2018,9,28,0.334,-0.0245711511785662,1.2229959362045,0
2018,9,29,0.278,-0.0397450230995788,1.22341045608729,0
2018,9,30,0.253,-0.0504272983389009,1.19534476788059,0
2018,10,1,0.233,-0.0175945211026132,1.14714738485534,0
2018,10,2,0.544,-0.00335950130820417,1.09402375820558,6.1
2018,10,3,0.3,0.0171062158494966,1.05751206064408,0
2018,10,4,0.222,0.0496115764122258,1.06170976123172,0.6
2018,10,5,0.203,0.0914398826337577,1.11645315474433,0
2018,10,6,0.178,0.042050432380254,1.20567029854707,0
2018,10,7,0.169,0.0153158904547157,1.30145415085502,0
2018,10,8,0.163,0.0273341484046654,1.3756832852909,0
2018,10,9,0.155,-0.00279234151193752,1.40931714288441,0
2018,10,10,0.148,0.0334635492569801,1.39528380625367,0
2018,10,11,0.605,0.0586408275956598,1.40970214118087,13.5
2018,10,12,0.517,0.0269469024156634,1.37905284972371,4.5
2018,10,13,0.219,0.0113959351748869,1.30428113731842,0.9
2018,10,14,0.151,-0.0969784352399552,1.19940411912891,0
2018,10,15,0.14,-0.0687731312463697,1.08227128712443,0
2018,10,16,0.128,-0.0649606784686311,0.970495840634196,0
2018,10,17,0.123,-0.0480563839292163,0.881354701304886,0
2018,10,18,0.121,-0.0101789789175101,0.830731813687348,0
2018,10,19,0.117,-0.0498096081231759,0.825385340909734,0
2018,10,20,0.111,-0.0533004760372423,0.858900599609227,0
2018,10,21,0.108,-0.049050072243736,0.919129120433335,0
2018,10,22,0.108,-0.0606957461046208,0.993871978547571,0
2018,10,23,0.107,-0.0367841266385984,1.07135237052767,0
2018,10,24,0.101,-0.00490930078762419,1.14055003720022,0
2018,10,25,0.099,0.0292358307948841,1.1909552649822,0
2018,10,26,0.114,0.0888847336626966,1.25074238324774,0.2
2018,10,27,0.602,0.168186236203603,1.29877943108973,6.8
2018,10,28,0.413,0.246904223139068,1.3108807910179,0.2
2018,10,29,0.144,0.200483294156574,1.28987000472383,1.2
2018,10,30,0.268,0.197778982423101,1.24628045617564,2.9
2018,10,31,0.114,0.16368933819104,1.19633022812693,0
2018,11,1,0.194,0.0778998791250096,1.15939177162035,2.6
2018,11,2,0.137,0.0691105653045589,1.14971429903389,0
2018,11,3,0.085,0.0232410899374461,1.16783695933165,0
2018,11,4,0.171,0.0838006853564139,1.20210679347603,2.9
2018,11,5,0.083,0.0239400786653896,1.23752751421408,0
2018,11,6,0.082,0.00194206777847961,1.26105698625326,0
2018,11,7,0.08,0.0141520504159334,1.27238217115019,0
2018,11,8,0.081,0.00574669181420817,1.32806992997302,0
2018,11,9,0.079,0.0274374032770723,1.34375392666336,0.2
2018,11,10,0.31,0.0365761674257721,1.31933161675567,5
2018,11,11,0.076,0.029952728211869,1.26165829978395,0
2018,11,12,0.075,0.0213349637251468,1.18316685318297,0
2018,11,13,0.072,-0.00319651513917352,1.09610407523444,0
2018,11,14,0.071,0.0398545864902127,1.01215964172756,0
2018,11,15,0.072,0.0230138722582681,0.941446054107739,0
2018,11,16,0.07,-0.00204329662568992,0.893011162347628,0
2018,11,17,0.069,-0.00157194752887935,0.873313261814481,0
2018,11,18,0.253,0.0248182428161094,0.883930679923117,2.2
2018,11,19,0.089,0.10827190175001,0.920967958350341,0
2018,11,20,0.286,0.101379684432601,0.977774524805485,5
2018,11,21,0.212,0.0672108016873316,1.04565803899546,3.6
2018,11,22,0.109,0.155127981036613,1.11483689453399,0.4
2018,11,23,0.07,0.147336800679599,1.19640524024129,0
2018,11,24,1.187,0.187112923413567,1.29742297246448,24.2
2018,11,25,0.285,0.222968476538857,1.36960659988662,2.6
2018,11,26,27.654,0.201818547266995,1.40777202532603,80.1
2018,11,27,3.793,0.240604486333732,1.41141613095517,0.2
2018,11,28,0.415,0.153663001901454,1.38676711398132,0
2018,11,29,0.226,0.151340134935324,1.34465363882866,0
2018,11,30,0.233,0.0898579821655747,1.29568352519454,1.7
2018,12,1,0.333,0.188456963456137,1.24852852614415,5.5
2018,12,2,0.143,0.167240796498608,1.20680481425644,0.4
2018,12,3,0.428,0.159386604723141,1.17346997952671,10.1
2018,12,4,0.221,0.0730200924393518,1.15002756983459,1.5
2018,12,5,0.126,-0.0205509924650631,1.14225807700005,0.2
2018,12,6,0.179,-0.0516766540511615,1.20010253859533,1.2
2018,12,7,0.122,-0.0384651694390223,1.24278182060922,0.2
2018,12,8,0.102,-0.0107079739492337,1.26272893524896,0
2018,12,9,0.097,0.0295063918278156,1.25819199843897,0
2018,12,10,0.095,0.056706672895652,1.23184985795926,0
2018,12,11,0.094,0.0753238269387901,1.19005044313832,0
2018,12,12,0.178,0.0388744647474935,1.13980026538897,0.4
2018,12,13,0.133,0.0696103483126438,1.08814128845431,0.4
2018,12,14,0.091,0.0447266017975505,1.03999271789158,0.4
2018,12,15,0.902,-0.0145675325652824,0.999484953673874,7
2018,12,16,0.228,-0.0515959909896714,0.970711089366308,0
2018,12,17,0.095,-0.0466084873557833,0.957454392293319,0
2018,12,18,0.089,0.0172820777296134,0.962305877165596,0
2018,12,19,0.088,0.0556753457337982,0.987881890013954,0
2018,12,20,0.226,0.0857437610417826,1.03486876325611,2.8
2018,12,21,0.101,0.0995250838539299,1.10095238952084,0.6
2018,12,22,0.277,0.163673017417723,1.21004618784042,5.2
2018,12,23,0.524,0.167093439296042,1.33507699300906,9.7
2018,12,24,29.264,0.312703420278892,1.44134604292416,82.1
2018,12,25,17.149,0.143899701738204,1.51511896860475,4.4
2018,12,26,0.777,0.0578930502892394,1.54812537423849,0.2
2018,12,27,0.353,0.00657939653344575,1.53712139019166,0
2018,12,28,0.234,0.0161044191411372,1.48618402507284,0
2018,12,29,0.18,-0.0266619735244198,1.40483366679458,0
2018,12,30,0.154,-0.0480798076072315,1.30694920840273,0
2018,12,31,0.138,-0.0210495608958372,1.20664414785051,0
2019,1,1,0.127,0.0152634991448322,1.1192065946675,0
2019,1,2,0.12,0.0229751200867603,1.05934687701217,0
2019,1,3,0.113,0.0321772306973913,1.07846466335793,0
2019,1,4,0.111,0.047797839234907,1.11421470615866,0
2019,1,5,0.104,0.0452199174347114,1.15508129465283,0
2019,1,6,0.102,0.0111526526119645,1.19066978859028,0
2019,1,7,0.1,0.00948123688261915,1.21355109278837,0
2019,1,8,0.096,0.00149066642616247,1.22065973189876,0
2019,1,9,0.091,0.0252527677549463,1.21319471344771,0
2019,1,10,0.09,-0.0235082550508257,1.19512506315693,0
2019,1,11,0.088,-0.0429216218368786,1.16987318289654,0
2019,1,12,0.086,-0.0534937819459119,1.1391997223702,0
2019,1,13,0.415,-0.038993795852523,1.10438576774531,1.6
2019,1,14,0.291,0.00147083340679988,1.06831929818484,2.4
2019,1,15,0.103,0.0517251393897262,1.03569008225105,1.2
2019,1,16,0.093,0.033228407398511,1.01328849440157,1
2019,1,17,0.083,0.0960765532520793,1.01027227565799,0
2019,1,18,0.078,0.127843630349265,1.03723090108952,0
2019,1,19,0.077,0.132360915283394,1.10132277309795,0
2019,1,20,0.074,0.063802537006481,1.22638190853756,0
2019,1,21,0.073,0.0246211381672929,1.37522439540607,0
2019,1,22,0.071,0.0325826297121992,1.5113594450732,0
2019,1,23,0.069,0.0360033024486042,1.60962044020458,0
2019,1,24,0.068,0.0477253183802377,1.65157824177756,1.6
2019,1,25,0.069,0.0260514496626225,1.63104221541925,0
2019,1,26,0.066,0.00421344492190223,1.5540137990173,0
2019,1,27,0.064,0.0103387004287034,1.43641846318751,0
2019,1,28,0.066,-0.00925493989093962,1.29959739165997,0
2019,1,29,0.064,0.046081273796323,1.16434647121639,0
2019,1,30,0.063,0.0144531069046727,1.07176576507915,0
2019,1,31,0.062,0.0395677023926788,1.02113668276691,0
2019,2,1,0.063,0.0338638395862848,1.01235964819799,0
2019,2,2,0.214,0.0349048757935728,1.03859429091196,0
2019,2,3,0.754,0.0542801879881027,1.08599027501837,8.8
2019,2,4,0.253,0.0330879037596925,1.13816830877442,2.8
2019,2,5,0.074,-0.0265374239876379,1.18369047397097,0
2019,2,6,0.06,-0.038992572465832,1.21540806979186,0
2019,2,7,0.247,0.0711255183987558,1.23280223941341,7.9
2019,2,8,0.111,0.0692902369921844,1.23700106476592,0.4
2019,2,9,0.597,0.111943907060178,1.22795954006785,17.6
2019,2,10,0.108,0.151660343995093,1.20531405692923,0
2019,2,11,0.064,0.107420768815871,1.17018227024355,0
2019,2,12,0.06,0.0852992085484325,1.12663217636298,0
2019,2,13,0.058,0.0719037568917109,1.08182514490947,0
2019,2,14,0.057,0.0767978188390175,1.04444126079521,0
2019,2,15,0.056,0.10807545826105,1.02603073949918,0
2019,2,16,0.054,0.103163588498289,1.04341241503382,0
2019,2,17,0.054,0.0915645752208865,1.11986110287833,0
2019,2,18,0.057,0.11876300456128,1.25968581779102,0
2019,2,19,0.055,0.105674970469109,1.41739269577851,0
2019,2,20,0.055,0.106754532651873,1.55677708379148,0
2019,2,21,0.055,0.0651180247459724,1.64686691900496,0
2019,2,22,0.648,0.0277378738109235,1.66940863078238,16.7
2019,2,23,0.418,0.0478977984687565,1.62379867988466,8
2019,2,24,0.067,0.0750628423998949,1.52198855010233,0.2
2019,2,25,0.05,0.150073239444781,1.42452697594949,0
2019,2,26,0.047,0.0991334286532239,1.30340759575713,0.2
2019,2,27,0.047,0.0338329385918335,1.17293213690981,0
2019,2,28,0.046,0.0755217308680114,1.05934997909101,0
2019,3,1,0.048,0.00703361237038935,0.98687048754407,0.2
2019,3,2,0.047,-0.00164341775654486,0.965607818606687,0
2019,3,3,0.044,-0.0369303271851386,0.988764332038193,0
2019,3,4,0.042,-0.0269684786217306,1.03904746353594,0
2019,3,5,0.042,-0.0373883081345803,1.09861079574228,0
2019,3,6,0.041,-0.0443948880793439,1.1548154399512,0
2019,3,7,0.087,-0.0351910363809325,1.20089715036146,1.4
2019,3,8,0.499,-0.043523140789441,1.23340100800724,11.4
2019,3,9,0.136,-0.0783049396869067,1.24983362537087,0
2019,3,10,0.058,-0.0459343985622176,1.24772481408719,0
2019,3,11,0.052,-0.0325920713428198,1.22631053737349,0
2019,3,12,0.051,-0.0380660029359547,1.20066830828496,0
2019,3,13,0.047,-0.000916559338859591,1.16324241176412,0
2019,3,14,0.046,-0.0283921892156498,1.11642225389899,0
2019,3,15,0.045,-0.0283351842945951,1.07455992993483,0
2019,3,16,0.044,-0.0448393175417496,1.05768778717852,0
2019,3,17,0.044,-0.0187163553356431,1.08853269527659,0
2019,3,18,0.047,0.0154280184324178,1.17632148843068,0.2
2019,3,19,0.043,0.0256894086670043,1.30455982279004,0
2019,3,20,0.043,0.00801195189401294,1.43935350110237,0
2019,3,21,0.043,-0.00208316621278026,1.54593842469133,0.2
2019,3,22,0.053,-0.0661175065031216,1.59943558983103,0
2019,3,23,0.041,-0.0643737736697301,1.59031206098926,0
2019,3,24,0.04,-0.0265496452382221,1.52416749329755,0
2019,3,25,0.064,-0.0168892173474464,1.41684821345001,0
2019,3,26,0.05,-0.051314481940971,1.42479651788668,0
2019,3,27,0.045,-0.0946935246274889,1.29713511126547,0
2019,3,28,0.352,-0.0818305957004951,1.16364862525876,5
2019,3,29,0.349,-0.0202697777283894,1.04887540953473,4.4
2019,3,30,0.077,0.0159341856283645,0.973974717710136,1.8
2019,3,31,0.181,0.0219383231084462,0.947905056900102,3
2019,4,1,1.208,0.0109895338888975,0.963717659899875,31.7
2019,4,2,1.645,-0.0312457896869207,1.00683881397817,3.8
2019,4,3,0.426,0.00745426363215618,1.06255663407095,10.6
2019,4,4,0.424,-0.0440940001924075,1.12028486829763,2
2019,4,5,0.087,-0.0585160624621333,1.17467601481553,0
2019,4,6,0.21,-0.0198190716776097,1.2372286081803,0
2019,4,7,0.072,-0.00675715872094651,1.27638221616865,0.2
2019,4,8,0.062,0.00530638268154959,1.28776823996086,0
2019,4,9,0.058,0.00200063569199771,1.27207458522499,0
2019,4,10,0.057,-0.00317850110890161,1.18438980732518,0
2019,4,11,0.137,0.060507194445665,1.23550610983683,3.2
2019,4,12,0.136,0.00416309845727114,1.19001287870454,3.4
2019,4,13,0.101,0.0366599739377691,1.15232203733619,1.2
2019,4,14,0.054,0.0212246478470963,1.14165641884012,0
2019,4,15,0.056,0.0210008506899053,1.17265271392848,0
2019,4,16,0.054,-0.00547610821895672,1.24218915578569,0
2019,4,17,0.054,-0.0309243048268271,1.33084436745857,0
2019,4,18,0.055,-0.0427295569144186,1.41279911119124,0
2019,4,19,0.055,-0.0921750912586887,1.48043605552472,0
2019,4,20,0.055,-0.0782405174354583,1.53083181925455,0
2019,4,21,0.056,-0.0409976613428102,1.5270519462981,0.8
2019,4,22,0.399,-0.0114390848279837,1.47268239330528,5.2
2019,4,23,0.087,0.0245646334916356,1.37957284361642,0.8
2019,4,24,0.08,0.0156226500300509,1.18463114460595,1.4
2019,4,25,0.062,0.0585546495265741,1.26619739499479,0
2019,4,26,0.054,0.0148787079060504,1.15181903966496,0
2019,4,27,0.054,-0.00535521908754455,1.053912765617,0
2019,4,28,0.3,-0.0304580138281496,0.986171776682201,5.6
2019,4,29,0.347,-0.0171294962375524,0.95482237005938,2.4
2019,4,30,0.104,-0.0169630373541209,0.956978495605469,0
2019,5,1,0.065,-0.0535829138559253,0.984789661048335,0
2019,5,2,0.057,-0.0179448624158641,1.02937395018162,0
2019,5,3,0.055,-0.00364470271184891,1.10301479745678,0
2019,5,4,0.054,-0.0227283955352355,1.19297876971911,0
2019,5,5,0.056,-0.0168760684208458,1.26748672205542,0
2019,5,6,0.115,-0.0383032604402449,1.31860836142474,1.6
2019,5,7,0.09,-0.0632519906813795,1.3412687782497,0.2
2019,5,8,0.055,-0.0263047212189398,1.33700341014967,0
2019,5,9,0.056,-0.0104607788707602,1.19773761678276,0
2019,5,10,0.094,-0.0151111818681646,1.31287211868918,1.6
2019,5,11,0.062,-0.0393794369752329,1.28048470185123,0
2019,5,12,0.443,-0.0356969461712022,1.25396492491811,10.2
2019,5,13,0.278,-0.0834473851423985,1.24460153362263,1.8
2019,5,14,0.065,-0.0813127418713941,1.25493998797119,0
2019,5,15,0.057,-0.085931480434676,1.27895477349675,0
2019,5,16,0.061,-0.0769959044377089,1.30658575656379,0.2
2019,5,17,0.064,-0.0941973108751757,1.35291248051727,0.6
2019,5,18,0.063,-0.104780479787172,1.41856102047695,0
2019,5,19,0.177,-0.0532337287812292,1.4484340186852,1.5
2019,5,20,0.083,-0.0636094190712149,1.43866398795403,0.2
2019,5,21,0.06,-0.0471670965192279,1.39282555803551,0
2019,5,22,0.072,-0.0532257394334068,1.32141660989584,0.2
2019,5,23,0.066,-0.068917816588137,1.10874972350994,0.4
2019,5,24,0.07,-0.0630129810665824,1.23682708023379,0
2019,5,25,0.064,-0.0274095263925277,1.15168864989354,0
2019,5,26,0.121,-0.025003931519613,1.07571143612598,4.3
2019,5,27,0.257,-0.0420279765560121,1.01649750509229,3.5
2019,5,28,0.151,-0.00426653918309527,0.979100764293114,2.9
2019,5,29,0.088,-0.0345118591162646,0.965202092992201,0
2019,5,30,0.074,-0.0697502744250422,0.973671949053998,0.4
2019,5,31,0.251,-0.0232346798184244,1.0013468451797,7.3
2019,6,1,0.342,0.0131824848872004,1.09247512454996,6.3
2019,6,2,0.418,0.0393064686462701,1.190276929504,8.9
2019,6,3,0.115,-0.0361799075930527,1.27929334381891,0.2
2019,6,4,0.08,0.0243889400342938,1.34983497000859,0
2019,6,5,0.15,0.194557653085156,1.39695280426788,4.5
2019,6,6,0.274,0.077813161506914,1.41838542159673,3.7
2019,6,7,0.669,0.0636648875992383,1.25250801206847,21.6
2019,6,8,0.205,-0.019764806656714,1.41665888430691,0.5
2019,6,9,0.126,0.00381251546359529,1.39720793925037,0
2019,6,10,0.085,-0.0763066145532707,1.36676541866428,0
2019,6,11,0.083,-0.0226813480253631,1.33047453637806,0
2019,6,12,0.093,0.0250116609442916,1.29192352026245,0.9
2019,6,13,0.089,0.107014062810459,1.25446054883308,0.4
2019,6,14,0.087,0.0964133887013789,1.2243175877462,0.6
2019,6,15,0.11,0.0320959945907513,1.27631839023456,1.1
2019,6,16,0.094,-0.0312347169829412,1.31772773234968,0.6
2019,6,17,0.098,-0.0846678969414587,1.34008857449694,0.2
2019,6,18,0.073,-0.0636699652355095,1.3397109396288,0
2019,6,19,0.07,-0.0915017252241737,1.31650475716113,0
2019,6,20,0.126,-0.0376606490010447,1.27483042176365,2.3
2019,6,21,0.281,-0.0175552772760299,1.22093850021309,5.3
2019,6,22,0.19,0.00260565410954006,1.02971765128515,0
2019,6,23,0.492,0.0115809701883204,1.16198452074287,6.9
2019,6,24,0.155,-0.0268945802183219,1.10420052728421,3.4
2019,6,25,2.44,-0.0433964037334758,1.05242850593328,23.9
2019,6,26,0.271,-0.136633172878669,1.01029575064594,0.6
2019,6,27,0.145,-0.159257924064703,0.980778974862403,0
2019,6,28,0.136,-0.140877213371655,0.967366879566988,0.9
2019,6,29,0.217,-0.147105633757016,0.973927589531685,6.7
2019,6,30,0.166,-0.0650001839970528,1.06461974576911,0.6
2019,7,1,0.391,-0.0151781232404327,1.17126581160602,7.8
2019,7,2,0.372,-0.00129636540724509,1.28202889414403,6.9
2019,7,3,0.478,-0.00868579676481884,1.38428172296034,3.9
2019,7,4,3.038,0.0262990507587542,1.46627154549973,43.2
2019,7,5,0.865,-0.00795415905034735,1.5165711612514,0
2019,7,6,0.255,-0.0821596755386684,1.52836841909364,0
2019,7,7,0.175,-0.0718927929406801,1.33499162775866,0
2019,7,8,0.168,-0.0137849988150252,1.50070767394114,1.6
2019,7,9,0.149,0.00175807975603859,1.43875826205764,0.6
2019,7,10,0.119,-0.0152035541807785,1.35316959954183,0
2019,7,11,0.104,-0.0208952060129177,1.25735123447954,0.2
2019,7,12,1.721,0.0226247270439364,1.16716372017841,16.5
2019,7,13,0.278,-0.0135732877421177,1.14198565400932,0
2019,7,14,1.434,0.0336443199667655,1.16915729818222,16.4
2019,7,15,0.319,-0.00824321684037232,1.2037307555954,0
2019,7,16,0.352,0.0498946297255103,1.2356284928745,4
2019,7,17,0.198,0.0348859706474896,1.25541754981822,1.1
2019,7,18,0.141,-0.0253909936588301,1.25761830868217,0
2019,7,19,0.514,0.0878690572961358,1.24142469934595,7.9
2019,7,20,0.275,0.0208917668597841,1.21074895031502,0.4
2019,7,21,0.169,0.0202602013001556,1.17074850836105,0
2019,7,22,0.163,-0.0499214979378161,1.02692319658933,0.9
2019,7,23,0.117,-0.0367339052741926,1.12550160558785,0
2019,7,24,0.294,-0.0349249304655558,1.07720176229126,3.8
2019,7,25,0.113,-0.0621946317271002,1.02809814531937,0
2019,7,26,0.298,-0.0666648942555627,0.98297691686147,2.6
2019,7,27,0.153,-0.0145808851823165,0.949007484497838,0.6
2019,7,28,0.124,-0.0622038061772138,0.945157399736537,0.4
2019,7,29,0.471,0.0495719206797374,1.030774169103,7.8
2019,7,30,0.231,0.102254808170232,1.15110082031996,0.2
2019,7,31,0.29,0.0811788170037639,1.29004689069118,5
2019,8,1,0.292,0.0675709152202362,1.42584237370637,2.3
2019,8,2,0.221,-0.0179697694613756,1.53450763294319,1.8
2019,8,3,0.192,-0.093493223683689,1.59469697119352,1.4
2019,8,4,0.674,-0.0957590874925538,1.59511161522243,9.1
2019,8,5,0.299,-0.143840070113303,1.42627238315387,5.8
2019,8,6,0.214,-0.124927256961083,1.53657823890641,0.4
2019,8,7,0.154,-0.12264785920789,1.43153491755879,0
2019,8,8,0.366,-0.0692233573621002,1.29988759542444,2.8
2019,8,9,0.63,0.120100256816671,1.16368767049858,13.4
2019,8,10,0.308,0.13711576226989,1.05558817388725,0.4
2019,8,11,0.483,0.122680019421111,1.04026229982545,5.8
2019,8,12,0.431,0.0993453815231518,1.06046791267245,3.6
2019,8,13,0.232,-0.000791283163111722,1.1023134586829,3.9
2019,8,14,0.273,-0.0289495222366153,1.14905023266577,1.3
2019,8,15,0.164,-0.0361269442651446,1.18618125075071,0.2
2019,8,16,0.134,-0.0631076716826733,1.2058979988777,0
2019,8,17,0.121,-0.00458808247936049,1.20706003556805,0.2
2019,8,18,0.363,0.10213244424831,1.19220177974125,12.1
2019,8,19,0.336,0.0419447277683365,1.16520002622261,0.7
2019,8,20,1.369,0.12130522176241,1.12649068626541,11.9
2019,8,21,0.595,0.0360226748324706,1.04734847842044,2.1
2019,8,22,0.676,0.116527722432911,1.07721063992969,10.5
2019,8,23,0.569,0.11071178984317,1.02043037860386,5.8
2019,8,24,0.348,0.138694750568743,0.963653539490096,1.8
2019,8,25,0.23,0.0332949756226655,0.917188828616317,0.2
2019,8,26,0.187,0.0565032390126369,0.929140236551179,0
2019,8,27,0.166,0.0751558606649112,1.01494675970864,0
2019,8,28,0.155,0.0394149625061992,1.14973076659291,0
2019,8,29,0.144,0.051353439259844,1.30797505790821,0
2019,8,30,0.136,0.0137999146333621,1.45629461662169,0
2019,8,31,0.143,-0.0194161708525189,1.56260667069881,0
2019,9,1,0.125,-0.0325339197742831,1.60536391715096,0
2019,9,2,0.121,0.0720584445651744,1.57729903053841,0
2019,9,3,1.755,0.241388921894709,1.48641166788889,25.8
2019,9,4,0.444,0.229242339141139,1.41426322053529,4.4
2019,9,5,1.558,0.30727787787787,1.35229017847995,17
2019,9,6,1.341,0.204149187927358,1.19942423937554,8
2019,9,7,0.466,0.117173294633924,1.05588157245278,3.8
2019,9,8,0.54,0.101335131390685,0.978992049214155,3.4
2019,9,9,0.813,0.224909947902169,0.954453460186056,10.8
2019,9,10,1.184,0.310654037255499,0.974394884657543,2
2019,9,11,0.376,0.253559194416657,1.02062909899421,0.6
2019,9,12,0.218,0.0834668548602261,1.07306062366312,0
2019,9,13,0.183,0.0215331836014978,1.1178229591861,0
2019,9,14,0.197,0.0418082502367323,1.14750390697408,1.6
2019,9,15,0.184,0.0252905442654454,1.16105535297909,0.2
2019,9,16,0.14,-0.000574537581557788,1.15910269339168,0
2019,9,17,0.128,0.00514359627913574,1.14151670278391,0
2019,9,18,0.139,-0.017975581727649,1.12113146428086,0
2019,9,19,0.113,-0.0309682551097465,1.09704887008585,0
2019,9,20,0.106,-0.0605200688456341,1.05356640132835,0
2019,9,21,0.105,-0.0524639918567678,0.999755224904479,0
2019,9,22,0.1,-0.0100593730966193,0.95081608606644,0
2019,9,23,0.096,-0.000165872954753898,0.928023076716721,0
2019,9,24,0.629,0.0565058875644654,0.954854460451536,8.6
2019,9,25,0.271,0.060337531929551,1.04141218116018,4.6
2019,9,26,0.239,-0.0182024943942044,1.17383392982851,2.2
2019,9,27,0.112,0.0149229498755363,1.32026043569125,0
2019,9,28,0.11,-0.00663180348769221,1.44556842394611,0.2
2019,9,29,0.095,0.0339223544741614,1.52131434925613,0
2019,9,30,0.728,0.102416268184905,1.53330871965664,8.4
2019,10,1,0.207,0.09419006736275,1.52075182668744,4.2
2019,10,2,0.265,0.0166168570650449,1.49411897684273,0.8
2019,10,3,0.105,0.0185423023809566,1.40899549364349,0
2019,10,4,0.094,0.0590045038537119,1.2840913883202,0
2019,10,5,0.087,0.0839244090915867,1.14583324850813,0
2019,10,6,0.087,0.074827994277145,1.02369704733563,0
2019,10,7,0.998,0.0956711870649486,0.941835270334898,10
2019,10,8,0.325,0.0458880956036564,0.909943847099184,0.2
2019,10,9,0.102,0.0337743707441874,0.920254709537911,0
2019,10,10,0.324,0.0261359541731123,0.956128341529655,3.2
2019,10,11,8.398,0.0488690896302251,1.00150902113556,43.7
2019,10,12,0.943,0.0329379210473888,1.04514494788034,0.3
2019,10,13,0.317,0.0351940001374786,1.08143570527229,0
2019,10,14,6.281,0.535598708260869,1.10667890645895,35.5
2019,10,15,2.951,0.396300062198403,1.12518296266276,7.4
2019,10,16,0.654,0.146877291573213,1.15950629566957,0.2
2019,10,17,0.39,0.0365185607644569,1.16893395497321,0
2019,10,18,0.304,0.0695774997347629,1.1521214251369,0
2019,10,19,0.263,0.0476567868771984,1.11447150571303,0.2
2019,10,20,0.223,0.0629758966161256,1.06725842852113,0
2019,10,21,0.206,0.036152952290997,1.02683128681359,0
2019,10,22,0.214,0.0189752845273328,1.01256285884039,1
2019,10,23,0.252,0.0808649212686052,1.03985302694232,3.2
2019,10,24,0.195,0.0411166296633844,1.10995732123213,0.2
2019,10,25,0.164,0.0635401127817672,1.20641997188173,0
2019,10,26,0.153,0.0642732274133535,1.30470150419716,0
2019,10,27,0.146,0.0725195366694873,1.3805857167607,0
2019,10,28,0.138,0.0693899054471674,1.41675409163881,0
2019,10,29,0.248,0.0997622568249474,1.46603888095283,4.6
2019,10,30,0.143,0.0954711204276482,1.49313410378583,0.2
2019,10,31,0.149,0.0540824130743185,1.4607380321291,0
2019,11,1,0.127,0.0720275412286471,1.37988003150524,0
2019,11,2,0.123,0.0070945412101846,1.26818057136565,0
2019,11,3,0.118,0.0253437114075989,1.14846897075775,0
2019,11,4,0.115,0.0220505329101567,1.0405732297565,0
2019,11,5,0.11,0.05900403795989,0.960395657904962,0
2019,11,6,0.107,0.0563070925464833,0.914728115286852,0
2019,11,7,0.107,0.0670533659840093,0.901733275139512,0
2019,11,8,0.102,0.0613404967279867,0.913529957124261,0
2019,11,9,0.43,0.0631807494860879,0.941662890142482,2.8
2019,11,10,0.679,0.150528918060073,0.97924099754456,7.4
2019,11,11,0.786,0.129272487162852,1.0197912991727,10.1
2019,11,12,0.349,0.037636548202252,1.06454257433877,2.4
2019,11,13,0.131,-0.00533199417076546,1.13813474560596,0
2019,11,14,1.028,0.0372511917260296,1.19244428476636,10.2
2019,11,15,0.151,0.0021267945718102,1.22224109494736,0.4
2019,11,16,0.114,-0.0146921789081993,1.22684307541189,0
2019,11,17,0.105,-0.0287404373450575,1.21209579428981,0
2019,11,18,0.121,0.0286164805346467,1.18791508899625,1.8
2019,11,19,0.126,0.0370306963452123,1.16563688675359,0
2019,11,20,0.1,0.0542308346383682,1.15603488881712,0
2019,11,21,0.093,0.0249572247177583,1.16434351959079,0
2019,11,22,0.086,-0.0145996723118327,1.18783568800054,0
2019,11,23,0.084,0.0299333624916798,1.21962456464513,0
2019,11,24,0.082,0.0139550593157138,1.25166597264034,0
2019,11,25,0.093,0.00776563575273936,1.27610895921009,0
2019,11,26,0.075,-0.0205274333528374,1.33998568474592,0
2019,11,27,0.074,-0.00420641510594666,1.40458118555042,0
2019,11,28,0.072,-0.000934581980833959,1.42694821171637,0
2019,11,29,0.074,-0.0170477966917408,1.40674373092544,0
2019,11,30,0.075,-0.0214739547372464,1.35169182568339,0
2019,12,1,0.071,-0.096191640411383,1.27344787335701,0
2019,12,2,0.211,-0.0357416258793666,1.18530285208563,1.8
2019,12,3,0.144,-0.0251423184756353,1.09892866718406,1.5
2019,12,4,0.09,-0.0771500846236377,1.02315270471796,0
2019,12,5,0.069,-0.0502455906756003,0.963746610797805,0
2019,12,6,0.065,-0.0769706590244454,0.924527236206271,0
2019,12,7,0.162,-0.0629800069317542,0.906942432790286,2.3
2019,12,8,0.333,-0.0472287085505232,0.911165001214151,1.9
2019,12,9,0.085,-0.010509027737176,0.935621939065102,0
2019,12,10,0.066,0.0596191034324101,0.975918571890253,0
2019,12,11,0.062,0.103945545647472,1.04917748060902,0
2019,12,12,0.059,0.178973312350939,1.14291760056366,0
2019,12,13,0.058,0.107723138844706,1.22599669005545,0
2019,12,14,0.056,0.0772999505949663,1.2915031248678,0
2019,12,15,0.055,0.0724457283562281,1.33559569593875,0
2019,12,16,0.06,0.0930599602724385,1.35721138611362,1
2019,12,17,1.383,0.106016409350072,1.35839851340496,23.6
2019,12,18,0.265,0.12792825520576,1.34262204659074,4.4
2019,12,19,0.079,-0.0315481845118402,1.31364566716633,0
2019,12,20,0.106,-0.0736033841936863,1.27560595218886,1.4
2019,12,21,0.095,0.0601758289661407,1.23366266153763,1.2
2019,12,22,0.065,0.0999950959749984,1.19606930893021,0
2019,12,23,0.06,0.111094443035562,1.17081400931151,0
2019,12,24,0.086,0.0877576316229762,1.20071701417133,0
2019,12,25,0.059,0.0450541000483831,1.26547203985832,0
2019,12,26,0.058,-0.0318927214450002,1.31863636550176,0
2019,12,27,0.056,-0.0738026611077249,1.35079693270304,0
2019,12,28,0.055,-0.0976654524086209,1.35656499004989,0
2019,12,29,0.053,-0.0745388577855768,1.33514108105388,0
2019,12,30,0.054,-0.0664508335213008,1.29151444379685,0
2019,12,31,0.06,-0.0956619110428225,1.2324149490699,0
2020,1,1,0.05,-0.0556586890752742,1.16572248332804,0
2020,1,2,0.049,-0.0484981046193884,1.09847289241698,0
2020,1,3,0.048,-0.0559966662997456,1.03536979663915,0
2020,1,4,0.047,-0.0809700644994302,0.980640382001344,0
2020,1,5,0.047,-0.0575339719691682,0.939183400422339,0
2020,1,6,0.053,-0.068709847991629,0.916889833907489,0.2
2020,1,7,0.05,-0.0284444504882212,0.920596282230398,0
2020,1,8,0.044,0.0123063044569481,0.955059599305965,0
2020,1,9,0.044,0.00517276922553589,1.03368969935872,0
2020,1,10,0.042,-0.00894009181234545,1.15049593747641,0
2020,1,11,0.041,-0.018071485132378,1.27121944505635,0
2020,1,12,0.041,0.00466724834248411,1.38152844937925,0
2020,1,13,0.045,-0.0316563266411984,1.4670121241872,0
2020,1,14,0.056,0.0378523104579203,1.51687766275058,0
2020,1,15,1.528,-0.0283237183323981,1.52402740394163,20.4
2020,1,16,0.058,-0.0186410380620419,1.48907238519891,0
2020,1,17,0.043,0.00230530595648126,1.4187631171196,0
2020,1,18,0.04,0.0184948385121286,1.32549030396959,0
2020,1,19,0.039,0.0452672135043073,1.2256536703822,0
2020,1,20,0.038,0.00952776269519751,1.13832858215611,0
2020,1,21,0.036,-0.00462363559930856,1.11717254673885,0
2020,1,22,0.035,-0.0349631656941018,1.13947255638977,0
2020,1,23,0.035,-0.0645769036386037,1.18547868639379,0
2020,1,24,0.04,-0.0737506997776114,1.23980322101859,0
2020,1,25,0.039,-0.0830948489801056,1.28677915876284,0
2020,1,26,0.033,-0.105822749516745,1.31441266288579,0
2020,1,27,0.033,-0.109247229294165,1.31730169352131,0
2020,1,28,0.033,-0.110804504277932,1.29621038638982,0
2020,1,29,0.033,-0.124776501309658,1.25704585549088,0
2020,1,30,0.034,-0.120875564695501,1.20682620341356,0
2020,1,31,0.032,-0.175178759931359,1.15041499695441,0
2020,2,1,0.035,-0.133089808500473,1.09072185998657,0
2020,2,2,0.033,-0.134913238398848,1.03040853664494,0
2020,2,3,0.034,-0.0572215198440859,0.975384368826304,0
2020,2,4,0.033,-0.0251601826985526,0.935208007352889,0
2020,2,5,0.036,0.00961005300486117,0.923416882634702,0
2020,2,6,0.032,-0.0219922280515834,0.953998274669642,0
2020,2,7,0.033,0.00958484185047204,1.03893735158742,0
2020,2,8,0.035,0.000901860981024072,1.17774072015699,0
2020,2,9,0.033,-0.0304930929729264,1.33126910836644,0
2020,2,10,0.034,-0.0385381140887886,1.47289957168582,0
2020,2,11,0.031,-0.045851528570475,1.57778622883128,0
2020,2,12,0.031,-0.000472223993051468,1.62781418152458,0
2020,2,13,0.03,-0.0278092722090468,1.61531467167847,0
2020,2,14,0.03,0.00713347780325813,1.54635568019239,0
2020,2,15,0.029,-0.0129517262833336,1.43536683878375,0
2020,2,16,0.055,-0.00217677897323321,1.32351433860391,0
2020,2,17,0.029,0.00196037741036803,1.2181922529407,0
2020,2,18,0.03,-0.0274833432570818,1.13123431458534,0
2020,2,19,0.03,-0.00332163362115856,1.08531466551923,0
2020,2,20,0.03,0.00985712903016522,1.08651984273161,0
2020,2,21,0.03,-0.0457595059132839,1.12451427421813,0
2020,2,22,0.43,-0.0638631439533954,1.17943014166366,11.8
2020,2,23,0.067,-0.117725759755228,1.23138262101673,0
2020,2,24,0.04,-0.0465620727198319,1.26625882590858,0
2020,2,25,0.039,-0.0291950686070961,1.27800840425587,0
2020,2,26,0.035,0.00763652606990406,1.26835765183668,0
2020,2,27,0.041,-0.00112944976724982,1.24263204273875,0.6
2020,2,28,0.035,0.022865441909441,1.20558747346324,0.4
2020,2,29,0.035,-0.0554081908101123,1.15921628727796,0
2020,3,1,0.033,-0.0541810196467829,1.10594513901492,0
2020,3,2,0.045,-0.0192516543261954,1.05072721879162,1.2
2020,3,3,0.081,-0.0106792762226022,0.991734506794618,1.8
2020,3,4,0.041,0.0270527155611864,0.946770777299248,0
2020,3,5,0.221,0.0779142439830638,0.933958195003091,6.6
2020,3,6,0.082,0.0830870378293513,0.977691841138378,0
2020,3,7,0.036,0.113614409798621,1.08235435987516,0.4
2020,3,8,0.036,0.0774558455396159,1.23046340618966,0
2020,3,9,0.035,0.0739682872232927,1.39140440426274,0.6
2020,3,10,0.066,0.0562523788213514,1.53058301175212,2.4
2020,3,11,0.05,0.00148443671005194,1.62027892866862,0.4
2020,3,12,0.486,0.00455457974330464,1.64483915019466,11
2020,3,13,0.171,0.0340827531986529,1.60307681077638,0.6
2020,3,14,0.15,0.111056613499188,1.56822503428182,6.4
2020,3,15,0.044,0.102510707840263,1.48153370437539,0
2020,3,16,0.046,0.107915326739792,1.35850998943572,0
2020,3,17,0.234,0.190136917553259,1.22828263365774,8.8
2020,3,18,0.061,0.140215561152743,1.12305013595955,0
2020,3,19,0.036,0.019526734601404,1.06474248894452,0
2020,3,20,0.044,0.0124023060335983,1.05621794165628,0.6
2020,3,21,0.043,-0.00355988401445995,1.08393331778972,0
2020,3,22,0.036,-0.0449395489608827,1.12805783119437,0
2020,3,23,0.097,-0.020446535112087,1.17054739855937,3.4
2020,3,24,0.078,-0.0574706024055065,1.20003035980498,0.6
2020,3,25,0.044,-0.0661197432545111,1.21323628471272,1
2020,3,26,0.079,-0.0300636829945549,1.21109379450832,1.4
2020,3,27,0.064,0.00090601971669324,1.21265535053072,1.6
2020,3,28,0.041,0.0112518677178701,1.19438107485413,0
2020,3,29,0.035,0.0323130935485005,1.13358369455245,0
2020,3,30,0.18,0.0676628400974293,1.15668741289447,3.6
2020,3,31,0.077,0.0461260685907341,1.1047765322441,0
2020,4,1,0.035,0.0196497797065194,1.05023787593775,0
2020,4,2,0.035,-0.002940781088967,1.01079192232511,0
2020,4,3,0.039,0.010843491129171,1.00783882152486,0
2020,4,4,0.036,0.0353279745549631,1.05734137878477,0
2020,4,5,0.038,0.0474980283119983,1.15822159659455,0
2020,4,6,0.038,0.0336779011194306,1.28987173449989,0
2020,4,7,0.038,0.0665236067941009,1.4223868760156,0
2020,4,8,0.039,0.0501918935071834,1.52941570349407,0
2020,4,9,0.11,0.0312453833901909,1.61001503183969,1.8
2020,4,10,0.094,0.0667453386621883,1.62728877729879,0.2
2020,4,11,0.039,0.0627917906325959,1.57947228962906,0
2020,4,12,0.044,0.0640914034192357,1.41113028056335,0.4
2020,4,13,0.329,0.0191702255114519,1.47948485311326,7.8
2020,4,14,0.05,-0.0459160494335207,1.35122819352651,0.4
2020,4,15,0.05,-0.0909847874258816,1.22353595535999,0
2020,4,16,0.073,-0.0423487720657708,1.12227061890027,0.8
2020,4,17,0.184,0.00280552112732924,1.06192464431632,2.4
2020,4,18,0.143,0.0028714183905536,1.04168436008927,4
2020,4,19,0.045,-0.000848115025642748,1.05012548557406,0.2
2020,4,20,0.056,-0.0205792701068407,1.0733944080254,1.6
2020,4,21,0.413,0.00544170285307732,1.09953605125553,11
2020,4,22,0.12,-0.0203183643477609,1.13943582373761,0
2020,4,23,1.547,0.0365848548381373,1.18623268799769,18.4
2020,4,24,0.306,0.0343560638276224,1.21753473311032,0.8
2020,4,25,0.051,-0.0227333851905693,1.22995184888972,0
2020,4,26,0.039,-0.0263944813002275,1.22087787379793,0
2020,4,27,0.036,-0.0249000503626415,1.19289648621501,0
2020,4,28,0.036,-0.055924066880668,1.07272880900901,0
2020,4,29,0.035,-0.0822803425756585,1.15398713813065,0
2020,4,30,0.036,-0.125704278352097,1.11681102617878,0
2020,5,1,0.036,-0.104254780791706,1.09778079826094,0
2020,5,2,0.036,-0.0725560239304419,1.10985000634596,0
2020,5,3,0.463,-0.0354269775807039,1.15776786689208,16.6
2020,5,4,0.401,0.0248525219421554,1.23324469979037,0.2
2020,5,5,0.448,-0.0150995707529027,1.32004473480522,10.2
2020,5,6,0.218,-0.0253880198580505,1.41985557774977,3.8
2020,5,7,0.068,-0.0417333892470957,1.52646037422508,0
2020,5,8,0.044,-0.0290786861257242,1.58461565859887,0
2020,5,9,0.04,0.00655208069586943,1.58609487180066,0
2020,5,10,0.041,0.0569296559232957,1.53362533986394,0
2020,5,11,0.06,0.0720643670356484,1.30899042361615,0.6
2020,5,12,0.069,0.0914871071283816,1.44171775838932,0.2
2020,5,13,0.219,0.130147939128148,1.33101923726483,7.8
2020,5,14,0.384,0.0659379579844968,1.22238139922874,3.2
2020,5,15,0.099,0.0109113952354836,1.13139532737226,1.2
2020,5,16,0.049,-0.00192263199480258,1.06668236179099,0.4
2020,5,17,0.795,0.0171154318497557,1.02804346243914,11
2020,5,18,0.694,0.0242859578252681,1.01168549809822,1.4
2020,5,19,0.059,-0.0157887964404464,1.01192926819677,0
2020,5,20,0.045,0.0663754748708691,1.04327368782373,0
2020,5,21,0.043,0.132182784100641,1.10771597802801,0
2020,5,22,0.143,0.134507983011019,1.16588433965974,1
2020,5,23,0.047,0.116851465386316,1.21198388395646,0
2020,5,24,0.226,0.16681186273521,1.24106536865639,7
2020,5,25,0.195,0.154965273933258,1.25105899884921,1.4
2020,5,26,0.072,0.126751829442221,1.24538064885184,1.6
2020,5,27,4.21,0.202937494621452,1.09906933250967,32.4
2020,5,28,0.222,0.143652620142184,1.230665895311,0.4
2020,5,29,3.188,0.18491770466231,1.21675037878981,27
2020,5,30,0.295,0.154865599072064,1.21186772200626,0
2020,5,31,4.64,0.304443259035392,1.22000521077705,57
2020,6,1,10.625,0.578304108644488,1.23926337240122,41.8
2020,6,2,0.705,0.168230333577578,1.26490040079413,0.2
2020,6,3,0.717,0.147129329057573,1.29195525463828,5.6
2020,6,4,0.328,0.110306400285688,1.38840924410656,1.4
2020,6,5,0.505,0.166377401103272,1.46508652743283,5.6
2020,6,6,0.338,0.116700980156292,1.50577985597378,0.8
2020,6,7,0.241,0.0794724660717383,1.50575483494088,1.6
2020,6,8,0.153,0.0278420645926882,1.4671940331453,0
2020,6,9,0.133,0.00781421762636403,1.39935085928233,0.2
2020,6,10,0.123,0.013439007555216,1.16501290236802,0
2020,6,11,0.111,-0.000661142768424883,1.31418683753324,0
2020,6,12,0.105,-0.0412070884913225,1.22434571929624,0
2020,6,13,0.098,-0.0660693272481003,1.1395218998774,0
2020,6,14,0.14,-0.063893080396503,1.0661808631096,2.4
2020,6,15,0.089,-0.0504365823655755,1.00832350069299,0
2020,6,16,0.085,0.0137097830547419,0.968854627074748,0
2020,6,17,0.08,0.0323594971667871,0.949010354937356,0
2020,6,18,0.933,0.114942066779672,0.990407034253797,13
2020,6,19,0.179,0.102480952562596,1.06134548661141,0.8
2020,6,20,0.744,0.151748511121359,1.13541141921216,13
2020,6,21,0.874,0.28814846696551,1.20510153022375,11.8
2020,6,22,0.927,0.253508264620127,1.26397791708985,5.2
2020,6,23,1.922,0.190890472251281,1.30761075949393,15.8
2020,6,24,2.572,0.267804372875983,1.3341777322036,38
2020,6,25,27.931,0.190579869988708,1.17702831205904,31.2
2020,6,26,16.79,0.217871352037529,1.3441218173713,38
2020,6,27,3.002,0.202639252165882,1.33969040802233,0.6
2020,6,28,0.596,0.0962725867643308,1.32283564064204,0.2
2020,6,29,0.368,0.0523217167276251,1.29601105440703,2
2020,6,30,0.536,0.11322768397003,1.2626761869353,3.6
2020,7,1,0.576,0.195034034677022,1.22868326555953,3.2
2020,7,2,0.282,0.160230552680504,1.24438638337901,2.6
2020,7,3,0.194,0.0856374724294535,1.30869416486994,0
2020,7,4,0.169,0.0525306097123595,1.36640995510531,0
2020,7,5,4.216,0.223347719387259,1.40664780145152,29
2020,7,6,1.281,0.170478208650946,1.42024854207209,1.8
2020,7,7,0.681,0.0920419104491548,1.4036731301038,5.4
2020,7,8,0.513,-0.0238344700039692,1.35951973978885,10.2
2020,7,9,0.553,-0.0116876706035904,1.29392566428049,4.2
2020,7,10,0.241,-0.0586686340570477,1.09785545228252,0
2020,7,11,0.201,-0.053584909023319,1.21609295612764,0
2020,7,12,0.174,-0.0479977612550613,1.13442722188248,0
2020,7,13,0.155,-0.0278988567512968,1.05574982556126,0
2020,7,14,0.143,-0.0579140091252683,0.985433238683821,0
2020,7,15,14.792,0.13009384244718,0.928898739495639,57.6
2020,7,16,29.294,0.267821278096422,0.892090293789209,23.2
2020,7,17,104.692,0.288218572305406,0.928664450594594,170.6
2020,7,18,66.117,0.265354210882089,1.00756428829109,43.4
2020,7,19,5.647,0.179990623746692,1.10445341909264,7.4
2020,7,20,3.127,0.156327768447683,1.20858212744038,7
2020,7,21,3.262,0.148097709609137,1.30766719326632,7.8
2020,7,22,3.725,0.0734494061181312,1.38924351558865,14
2020,7,23,1.971,-0.0509231791685691,1.44202047859872,0
2020,7,24,1.356,-0.0710904756526043,1.45894813549539,1.6
2020,7,25,1.014,-0.106540333989407,1.29714230566303,0
2020,7,26,0.786,-0.116114301500572,1.43815064137057,0.6
2020,7,27,0.68,-0.0551648367745212,1.38356575634841,0
2020,7,28,0.641,-0.0631164994236955,1.30500930959815,0.2
2020,7,29,0.508,-0.117168318002596,1.21657465777344,0.2
2020,7,30,0.486,-0.0450785571868209,1.14202799026814,0
2020,7,31,0.523,-0.0205854750462486,1.16329361636339,0.8
2020,8,1,0.63,0.0474430820949077,1.20894929836245,3.4
2020,8,2,2.161,0.0746072030054838,1.26449911448302,15.2
2020,8,3,1.397,0.0325270378408689,1.31308961317621,1.2
2020,8,4,0.744,-0.023970311672703,1.34073020939983,0.2
2020,8,5,0.452,-0.055816311702054,1.33918933968393,0
2020,8,6,1.748,-0.0270961301256016,1.30844837312012,8.8
2020,8,7,1.881,-0.0184481881064018,1.2542007080225,10.4
2020,8,8,0.863,-0.0231037840326,1.18527750492987,0.8
2020,8,9,0.56,-0.059011735372213,1.06493987966465,0.2
2020,8,10,0.411,-0.0492531359784518,1.10945909597813,0
2020,8,11,5.375,0.0598444551764119,1.03223092147813,30.4
2020,8,12,1.711,0.148545956566669,0.957119614253566,2.2
2020,8,13,0.795,0.106102271039268,0.890020728452774,0
2020,8,14,1.743,0.0547792443738448,0.840446772388192,8.2
2020,8,15,0.925,0.0935786512737183,0.876236430401899,5.2
2020,8,16,0.615,-0.0172516733616704,0.964817718585303,0
2020,8,17,0.483,0.0406045136465332,1.08813843508729,2.4
2020,8,18,1.289,0.191905472411419,1.22747807784054,13
2020,8,19,9.695,0.261965949272455,1.36037484343854,30
2020,8,20,3.631,0.210970908294002,1.46431367765459,8.4
2020,8,21,1.322,0.102216176773712,1.52197366600091,0.8
2020,8,22,0.872,0.0549367697250067,1.52297465630575,0
2020,8,23,4.571,0.0279181581810208,1.4127081913329,24.2
2020,8,24,3.331,0.104166229542378,1.46939544655059,4.2
2020,8,25,1.751,0.0714154493929664,1.37257405613955,4.2
2020,8,26,1.009,0.00379938116441836,1.25119170793976,0.8
2020,8,27,0.877,-0.0240075706954501,1.12663215236932,3.2
2020,8,28,0.762,-0.027118743751537,1.07966307376561,0
2020,8,29,0.6,-0.05826529708382,1.0819794644126,0
2020,8,30,0.546,-0.118755801709551,1.12043239628618,0
2020,8,31,0.475,-0.0600905286643082,1.17569767765642,0
2020,9,1,0.479,-0.0394130193505817,1.22614221257752,0
2020,9,2,0.447,0.00280067298674935,1.25604563375629,4
2020,9,3,0.387,-0.0269898659898484,1.25840126883543,0.6
2020,9,4,0.298,-0.0866022785011515,1.23413873876241,0
2020,9,5,0.271,-0.0600009031541433,1.18908991660858,0
2020,9,6,0.256,-0.0901040577323986,1.13150126208931,0
2020,9,7,0.671,-0.0869184626670361,1.08508226742088,7.2
2020,9,8,0.33,-0.00920270503499765,1.06591229770993,0
2020,9,9,0.212,-0.113478883274081,0.994886814327812,0
2020,9,10,0.204,-0.0768633957496555,0.921422048581976,0
2020,9,11,0.37,0.0277131490125778,0.852813592977499,1.4
2020,9,12,0.195,0.0312180210845132,0.825844544249842,0
2020,9,13,0.168,-0.0559015266723459,0.862473341771584,0
2020,9,14,0.159,-0.0662506328640123,0.95899523984348,0
2020,9,15,0.156,-0.0512194402768377,1.09853840112969,0
2020,9,16,0.146,-0.0999269047784613,1.25375143012849,0
2020,9,17,0.137,-0.110294390889846,1.39452953299528,0
2020,9,18,0.215,-0.0997742824624495,1.49461691350125,2.8
2020,9,19,0.146,-0.0807383777252655,1.53563573982076,0
2020,9,20,0.154,-0.0655780586651358,1.51202779191255,0
2020,9,21,0.179,-0.106626407033924,1.49555242611401,0.8
2020,9,22,0.139,-0.13770374909004,1.43223723690269,0
2020,9,23,0.139,-0.0808278654134202,1.32532039521828,0
2020,9,24,0.139,-0.0549547679951152,1.20272274610447,0.4
2020,9,25,0.132,-0.060416706749212,1.09810824175278,0
2020,9,26,0.14,-0.0700354616506524,1.03834830222064,0
2020,9,27,0.945,-0.0839087036909268,1.02795000609227,12
2020,9,28,0.163,-0.114558305518514,1.05392196947617,2.6
2020,9,29,0.191,-0.157992330868703,1.09599880669623,1.4
2020,9,30,0.121,-0.14830812255909,1.1348993892757,0
2020,10,1,0.139,-0.167991299190058,1.15754503450557,0
2020,10,2,0.112,-0.14505618889309,1.15974418764154,0
2020,10,3,0.11,-0.174830404551441,1.14241668692991,0
2020,10,4,0.107,-0.194719772424379,1.1392558039053,0
2020,10,5,0.105,-0.123075959529849,1.12956023574217,0
2020,10,6,0.107,-0.0792865301256458,1.10200171831666,0
2020,10,7,0.106,-0.0608679153990435,1.05707854229387,0
2020,10,8,0.889,-0.00100662056354273,0.998852922801007,14.8
2020,10,9,0.566,0.0282120193433063,0.936819429413229,5.4
2020,10,10,0.123,-0.0403022296525664,0.887854336833954,0
2020,10,11,0.12,-0.0759458707411667,0.874064433154517,2.6
2020,10,12,0.428,-0.0465998197672853,0.91296935019022,7.2
2020,10,13,1.52,0.00509462540456651,1.00561094360842,17
2020,10,14,0.252,0.0166674229280339,1.13428197275544,0
2020,10,15,0.199,0.158045032204321,1.27154758109998,2
2020,10,16,0.236,0.12761607830903,1.38887470552036,2.2
2020,10,17,0.132,0.037719695797483,1.4637490061539,0
2020,10,18,0.123,0.0286714979534193,1.49582752866939,0
2020,10,19,0.108,0.0071097602679806,1.54700387367194,0
2020,10,20,0.105,-0.0102831612362415,1.53101469314129,0
2020,10,21,0.44,-0.0414583718023303,1.45529563893922,3.6
2020,10,22,0.142,-0.029039904441871,1.34008291110742,1.2
2020,10,23,0.128,-0.0373349644801735,1.21443448812861,0.8
2020,10,24,0.108,-0.0401950755509338,1.1073570321899,0
2020,10,25,0.096,-0.068532028211035,1.03711930518019,0
2020,10,26,0.123,-0.0796895937616132,1.00631719551025,0
2020,10,27,0.722,-0.0451396972099646,1.00561227293688,9.8
2020,10,28,0.696,-0.0877291520838419,1.02110637024766,6.8
2020,10,29,1.553,-0.0641528693823941,1.0400604989888,4.8
2020,10,30,0.126,-0.0695950803286437,1.05370580188334,0
2020,10,31,0.328,-0.0673959348376982,1.05871197334281,6.2
2020,11,1,0.174,-0.0728083108357692,1.10138020871227,0
2020,11,2,0.133,-0.0342903740193756,1.12678186091411,0
2020,11,3,0.147,-0.0320038426223737,1.13486133797251,0.8
2020,11,4,0.107,0.0161467533037241,1.12490641469674,0.6
2020,11,5,6.662,0.239281054406485,1.09806515482456,48.2
2020,11,6,0.776,0.0758107777410575,1.05878289973286,11.4
2020,11,7,0.504,0.102190895915385,1.01804194383826,6.4
2020,11,8,0.389,0.098931224012308,0.990349086704639,0.2
2020,11,9,0.696,0.0986779483100844,0.989942303867407,14
2020,11,10,1.275,0.144065658765124,1.02465353319555,10.2
2020,11,11,0.237,0.0795737563879905,1.09118452635484,0.6
2020,11,12,0.183,0.0422867199254053,1.17709192226716,0
2020,11,13,0.161,0.0407937930983349,1.26585083471198,0
2020,11,14,0.149,0.0494907166579073,1.3406581028839,0
2020,11,15,0.142,0.0667324143057051,1.39912813289676,0
2020,11,16,0.137,0.0712491114304226,1.49842301447102,0
2020,11,17,0.126,0.0693347098910824,1.54241778576548,0
2020,11,18,0.13,0.0682591546225988,1.52741388376491,0
2020,11,19,0.126,0.0125455919534985,1.46204616258283,0
2020,11,20,0.122,-0.0384007982884589,1.36395067846305,0
2020,11,21,0.12,-0.00233965120324164,1.25456710596984,0
2020,11,22,0.137,0.0401965228324335,1.15225749055562,0.6
2020,11,23,0.119,0.0385162054800946,1.06928399534858,0
2020,11,24,0.319,0.0750142102204585,1.01013789702562,4.4
2020,11,25,0.188,0.131033621849787,0.974091658871842,2
2020,11,26,0.13,0.103250953967869,0.957192818317979,0
2020,11,27,0.116,0.0545784423372915,0.954935016482112,0
2020,11,28,0.111,0.0682819959636851,0.962524328453085,0
2020,11,29,0.094,0.0914909207223236,1.01010148616584,0.2
2020,11,30,0.093,0.195903389347126,1.06627181700685,0
2020,12,1,0.147,0.104736687934298,1.11383303984706,2.4
2020,12,2,0.097,0.0949686943714876,1.14892073682884,0
2020,12,3,0.1,0.0367262961324715,1.16869517853114,0
2020,12,4,0.086,0.0727825039888939,1.17324521132685,0
2020,12,5,0.082,0.0462353789242949,1.16635326459769,0
2020,12,6,0.08,0.0604880785763626,1.15533390678143,0
2020,12,7,0.076,0.0215435446510248,1.14757241434586,0
2020,12,8,0.074,0.0403905530208746,1.14825577078113,0
2020,12,9,0.08,0.0289075213659402,1.15815975596191,1.4
2020,12,10,0.1,0.0987751121208571,1.17591378745782,0
2020,12,11,0.064,0.0317681155368801,1.19998060160354,0
2020,12,12,0.072,-0.00618231341423914,1.23035309660628,0
2020,12,13,0.064,0.0228163149863787,1.26469285129755,0
2020,12,14,0.063,0.0375099657862625,1.37015782981733,0
2020,12,15,0.065,0.0357084091189319,1.45574567959903,0
2020,12,16,0.065,0.062237175644279,1.50244230487734,0
2020,12,17,0.065,0.0460173257866991,1.5052188484433,0
2020,12,18,0.066,0.0352664055994423,1.46604834713291,0
2020,12,19,0.07,0.0101202224921677,1.39514263669476,0
2020,12,20,0.074,0.0638368089189134,1.30452351899061,0
2020,12,21,0.085,0.0271054491613545,1.20703542035437,0
2020,12,22,0.269,-0.000445078375742036,1.11279277257875,3.4
2020,12,23,0.227,0.052583423637353,1.02946086758065,0.2
2020,12,24,0.154,0.0965009411793738,0.962083212310099,1.6
2020,12,25,0.142,0.0764814694503063,0.915719344981247,0
2020,12,26,0.077,0.106657617179421,0.893810644048196,0
2020,12,27,0.117,0.111816926041425,0.897580393495594,0.4
2020,12,28,0.081,0.144569349465135,0.95848438857279,0
2020,12,29,0.08,0.133158463525167,1.03231885307116,0
2020,12,30,0.081,0.144755465274893,1.10929295960396,0
2020,12,31,0.089,0.15075282566116,1.18152216341801,0
2021,1,1,0.085,0.131389035041117,1.24240087049544,0
2021,1,2,0.505,0.0805655773956306,1.287306137504,10.5
2021,1,3,0.167,0.0435381577261567,1.31431856786641,0
2021,1,4,0.054,0.0201608718642812,1.32336329607039,0
2021,1,5,0.05,0.0129326722726948,1.3156810172037,0
2021,1,6,0.044,-0.00613330583583727,1.29312967868131,0
2021,1,7,0.042,0.0380508029255273,1.25902504311462,0
2021,1,8,0.749,0.0658105343511968,1.21928555910356,11.7
2021,1,9,0.149,0.0797627525379543,1.18501631890042,5.4
2021,1,10,0.298,0.0560912911579776,1.16992282501156,2.9
2021,1,11,0.181,0.114056808965954,1.22884676506215,0
2021,1,12,0.045,0.0923072418988149,1.31416014976841,0
2021,1,13,0.052,0.138541827312397,1.39445750685058,0.5
2021,1,14,0.046,0.119997095342932,1.45189998331266,0
2021,1,15,0.039,0.0900029553430164,1.47433423603478,0
2021,1,16,0.037,0.125441499727353,1.45766664377762,0
2021,1,17,0.037,0.12725283936839,1.40596482898642,0
2021,1,18,0.038,0.0356335397012577,1.32923816310142,0
2021,1,19,0.035,0.056581090699898,1.23793975970097,0
2021,1,20,0.078,0.0483669792220196,1.142232650229,0.7
2021,1,21,0.049,0.0519562556066109,1.04997941515121,0
2021,1,22,0.04,0.0520718129954179,0.967772042266928,0
2021,1,23,0.033,0.032229264706071,0.902617452767708,0
2021,1,24,0.04,0.0432195256414161,0.864332680104111,0
2021,1,25,0.036,0.06168601047473,0.862515592085324,0
2021,1,26,0.035,0.110677650189982,0.920836103675985,0
2021,1,27,0.036,0.104712036244364,1.01295345985978,0
2021,1,28,0.039,0.0965140966880422,1.12171775433699,0
2021,1,29,0.041,0.101491927769278,1.23362042316463,0
2021,1,30,0.232,0.134716750926388,1.33477416893718,3
2021,1,31,0.126,0.122972344671334,1.4123359782678,0.2
2021,2,1,0.039,0.112046434210016,1.45731461273486,0
2021,2,2,0.039,0.111757582425568,1.46448181632293,0
2021,2,3,0.04,0.100898950661542,1.43463624841485,0
2021,2,4,0.05,0.0711952849779578,1.37404532241218,0
2021,2,5,0.043,0.0537373107230275,1.2934557052443,0
2021,2,6,0.051,0.0859758234244767,1.20769944518218,0
2021,2,7,0.054,0.107830758564737,1.14934670230825,0.2
2021,2,8,0.045,0.152612844767223,1.14945784119819,0
2021,2,9,0.045,0.133186890376432,1.19088816015089,0
2021,2,10,0.848,0.132156185382906,1.26056912285712,13.6
2021,2,11,0.186,0.0960847042204662,1.33631614547371,3.7
2021,2,12,0.057,0.0351112317316031,1.39571786663863,0
2021,2,13,0.033,0.0339475839732295,1.42339324129918,0
2021,2,14,0.764,0.155075516221191,1.41394857353086,12
2021,2,15,4.97,0.213875369652794,1.37155441125274,45.4
2021,2,16,0.158,0.150538833116009,1.3049317754705,1.5
2021,2,17,0.09,0.147456341785167,1.22438328481132,0
2021,2,18,0.059,0.0874716162258415,1.13847663743267,0
2021,2,19,0.054,-0.0135974470567779,1.05286894389699,0
2021,2,20,0.052,-0.00490180585815803,0.971782370979236,0
2021,2,21,0.046,0.021140178049409,0.902518188643013,0
2021,2,22,0.045,0.0490942778103021,0.857334567674715,0
2021,2,23,0.043,0.0938541351061278,0.858588856427112,0
2021,2,24,0.059,0.0847044516063891,0.916786459856082,1.5
2021,2,25,0.056,0.0768828487634072,1.02149309989938,0
2021,2,26,0.065,0.0565855674202798,1.15386915016325,0.9
2021,2,27,0.143,0.0672983099046947,1.29281006281813,2.9
2021,2,28,0.084,0.0688172419872326,1.41576610834741,0
2021,3,1,0.058,0.0932012055084994,1.50373416504824,0.2
2021,3,2,0.233,0.105453550344572,1.54373838379319,6.1
2021,3,3,0.532,0.105470788732899,1.53176414944559,5
2021,3,4,0.169,0.15755327239068,1.47276798121206,4.1
2021,3,5,0.061,0.1568214452556,1.41591448557679,0.6
2021,3,6,0.057,0.127779697469283,1.33170627310684,0
2021,3,7,0.047,0.069173864030841,1.23919595411197,0
2021,3,8,0.045,0.000115746102239411,1.16925257046631,0
2021,3,9,0.049,-0.0396153277013677,1.14491206159536,0
2021,3,10,0.05,-0.0077129042127706,1.16699704840323,0
2021,3,11,0.116,-0.0186759776535539,1.21932178766866,4.6
2021,3,12,0.058,-0.0644769787556154,1.27798322424895,0
2021,3,13,0.323,-0.0443796853404785,1.32265136717159,8.5
2021,3,14,0.063,-0.0222323375660862,1.34030908515755,0
2021,3,15,0.064,0.0137867086561585,1.32814447783993,1.9
2021,3,16,0.053,0.00204270006181462,1.29018499027656,0
2021,3,17,0.063,-0.0376292273463914,1.23475738199616,0.4
2021,3,18,0.05,-0.0482649753272937,1.170206532487,0.6
2021,3,19,0.05,-0.0174087291047558,1.16027924884028,0.2
2021,3,20,0.045,0.00064834031481098,1.09176752630334,0
2021,3,21,0.052,0.0215097844145477,1.01722539748386,0
2021,3,22,0.056,-0.000596869226938135,0.947793575814031,0
2021,3,23,0.053,0.0625941184258623,0.901916545461126,0
2021,3,24,0.046,0.103951633562587,0.901078281480199,0
2021,3,25,0.047,0.113527698705753,0.957785029849229,0
2021,3,26,0.084,0.0702904498298373,1.06489348936363,1.9
2021,3,27,0.059,0.0332152952737046,1.20124256450819,1.2
2021,3,28,0.057,0.027838291165279,1.34067249383562,1.6
2021,3,29,0.058,0.0362793318032595,1.45800535817208,0.8
2021,3,30,0.055,0.028403951106998,1.54499371801488,0.6
2021,3,31,0.072,0.132260330057664,1.58187483993519,1.3
2021,4,1,0.56,0.144585375115735,1.55921322199543,13.2
2021,4,2,0.145,0.103232409363689,1.44465720342415,0.4
2021,4,3,0.042,0.0287617499043724,1.48441069396959,0
2021,4,4,0.038,-0.0145526338556725,1.37822328483314,0
2021,4,5,0.035,-0.0161225454582776,1.27040640139423,0
2021,4,6,0.034,0.0132463720296858,1.19006812451036,0
2021,4,7,0.035,0.0276196721090178,1.15264110316255,0
2021,4,8,0.037,0.0132624814154343,1.15327979392038,0
2021,4,9,0.034,0.076199417227391,1.1772158619009,0.9
2021,4,10,7.544,0.0979671681802108,1.20687785595084,61.9
2021,4,11,0.596,0.0899148319883534,1.2274151239591,0.2
2021,4,12,0.09,0.0452033677791406,1.23593358466263,0
2021,4,13,0.064,0.0403858154011829,1.24782260458129,0
2021,4,14,0.245,0.0698217298963917,1.23719017027089,7.3
2021,4,15,0.186,0.0918770949569037,1.20869146420204,0
2021,4,16,0.073,0.041723536776757,1.16581364118668,0.4
2021,4,17,0.133,0.0263730436256977,1.05172100795005,2.3
2021,4,18,0.059,-0.0122481899581619,1.11155431231252,0
2021,4,19,0.049,-0.00716653443548088,1.05233039168896,0
2021,4,20,1.596,0.117845017640866,0.999414371950575,18.6
2021,4,21,0.262,0.203161637919608,0.969968682256112,0
2021,4,22,0.102,0.159703169036999,0.980334615048469,1.2
2021,4,23,0.079,0.107490453320492,1.03700416431186,1
2021,4,24,0.061,0.0848440358934694,1.13183492453913,0.2
2021,4,25,0.054,0.0402577396595336,1.24647020200163,0
2021,4,26,0.052,0.00153688865937318,1.38200295467884,0.2
2021,4,27,0.112,0.0441204238855466,1.51179320320484,1.5
2021,4,28,0.088,0.0425486739302487,1.59684423411266,1.6
2021,4,29,0.095,0.0183669325488434,1.62261235569033,0
2021,4,30,0.113,-0.0387557030109773,1.58865700118698,0
2021,5,1,0.064,-0.060517314218612,1.39086964887703,0
2021,5,2,0.051,-0.0901243423016163,1.50724817061674,0
2021,5,3,0.076,-0.0521719047235067,1.40109232918691,0
2021,5,4,0.092,-0.0352286304519707,1.29603834226707,0
2021,5,5,0.104,-0.0781970147829303,1.21255939783401,0
2021,5,6,0.109,-0.103756205173593,1.15778800261733,0
2021,5,7,0.109,-0.0879281311971595,1.12958979418852,0
2021,5,8,0.057,-0.0666661416984056,1.11975080138512,0.2
2021,5,9,0.087,-0.124852788636573,1.11864802155446,2.1
2021,5,10,0.099,-0.0861758510190136,1.14765796315056,0
2021,5,11,0.152,-0.0599815338610712,1.18169283275933,1.2
2021,5,12,0.319,-0.0329494042428142,1.19888907590836,2.7
2021,5,13,0.103,0.0867158236702201,1.20120598790343,0
2021,5,14,0.089,0.172393304811966,1.19012358078089,0
2021,5,15,0.761,0.145232120064237,1.167053820193,11.1
2021,5,16,0.072,0.0834972427588059,1.02454490447648,0
2021,5,17,0.063,0.0869844975809813,1.13469167647214,0
2021,5,18,0.126,0.0106786937303294,1.09910488009447,1.6
2021,5,19,0.09,-0.0760073469965595,1.07138511996032,0.6
2021,5,20,0.092,-0.0612490206786124,1.06273136395845,0.2
2021,5,21,0.102,0.00884926500596617,1.0809478220448,0.6
2021,5,22,0.56,0.167051546197158,1.12590363363091,20.6
2021,5,23,0.341,0.339152365698614,1.19026618962093,8
2021,5,24,0.234,0.301085342791402,1.26564280526822,0
2021,5,25,0.136,0.298751626447031,1.40286258160497,0
2021,5,26,0.094,0.224237859734904,1.51677595792686,0.2
2021,5,27,0.122,0.170933904405668,1.58874636286043,0
2021,5,28,0.096,0.226421741971832,1.60907722115542,2.4
2021,5,29,0.717,0.238884744125816,1.57834465628773,20.6
2021,5,30,0.158,0.157661850222351,1.34292466396546,1.9
2021,5,31,0.23,0.233808634162407,1.50739933812508,4.7
2021,6,1,0.107,0.129099119555907,1.41266348023315,0
2021,6,2,0.083,0.0221261829495787,1.31188937233112,0.2
2021,6,3,0.076,-0.0479597698669909,1.21901915657476,0
2021,6,4,0.07,-0.00791541525240114,1.14153916849351,0
2021,6,5,0.067,-0.00206199973912424,1.08283093216178,0
2021,6,6,2.311,0.139361195574019,1.04230037479509,25.8
2021,6,7,8.951,0.336808051253145,1.03319064317416,79.6
2021,6,8,5.683,0.452804887748942,1.07446048413321,20.6
2021,6,9,2.044,0.16845621972746,1.11285219176411,12
2021,6,10,0.931,NaN,NaN,3.2
2021,6,11,0.709,NaN,NaN,0.8
2021,6,12,0.307,NaN,NaN,0
2021,6,13,0.315,NaN,NaN,2.3
2021,6,14,1.387,0.0251293454519719,1.18657991592212,12.9
2021,6,15,0.569,0.045665591208907,1.03851691359044,5
2021,6,16,0.26,0.0696823130892343,1.17723757288489,0.4
2021,6,17,0.262,0.0446707861146838,1.16871583275285,0.2
2021,6,18,0.19,0.0552088852704682,1.16628658250862,0.2
2021,6,19,2.563,0.138251719842536,1.17210891267398,25.3
2021,6,20,2.695,0.215760405723444,1.18550889878572,4.5
2021,6,21,0.398,0.23049645201427,1.20470437498465,0.2
2021,6,22,0.279,0.133870456760909,1.26484122112263,0
2021,6,23,0.213,0.0305129846958769,1.37518703516152,0
2021,6,24,0.185,-0.0337089848094523,1.47166285492173,0
2021,6,25,0.171,-0.0658406609381894,1.53923652322975,0
2021,6,26,0.162,-0.0959755069718708,1.56628262858059,0
2021,6,27,0.177,-0.139855118425428,1.54903905813844,1.1
2021,6,28,0.207,NaN,NaN,0.7
2021,6,29,0.192,NaN,NaN,4.1
2021,6,30,0.143,NaN,NaN,0
2021,7,1,0.131,NaN,NaN,0
2021,7,2,0.134,-0.0355402087329746,1.01779000699125,0.2
2021,7,3,0.123,-0.0587540594189638,1.09807669168107,0
2021,7,4,0.122,-0.0741017637099546,1.01459831047171,0
2021,7,5,0.12,-0.0431095012684637,0.951353933460273,0
2021,7,6,0.128,-0.0145156314619821,0.94597165463012,1.4
2021,7,7,1.658,0.0755931281235851,0.988194866057414,21.2
2021,7,8,0.215,0.0819242863059491,1.04197002827763,0.6
2021,7,9,0.213,0.0222427762429958,1.10067931191812,0.6
2021,7,10,0.246,0.0346464166269371,1.15856276913607,0.2
2021,7,11,1.409,0.322307270655776,1.20920100962336,24.8
2021,7,12,6.199,0.474709864787826,1.24740171480802,54.6
2021,7,13,2.85,0.214688325546346,1.26987138013658,0
2021,7,14,0.599,0.0526143089663835,1.27634117821866,0
2021,7,15,0.352,-0.00705837646746099,1.12535280745272,0
2021,7,16,0.279,-0.00304453089486367,1.26797783945386,0
2021,7,17,3.384,0.0250795663271626,1.24824129307255,22.8
2021,7,18,1.462,0.060150371967495,1.21989722610989,5.4
2021,7,19,0.513,0.0856704653317564,1.18828206396309,0.6
2021,7,20,0.328,0.0495616837970858,1.16082772649114,0
2021,7,21,0.929,0.0863388359335751,1.22257319432395,9.2
2021,7,22,0.448,0.135588325798538,1.31137214437066,1.2
2021,7,23,0.345,0.0515930552052313,1.40158843910024,2.4
2021,7,24,0.235,0.00469509223088482,1.47296972317762,0.2
2021,7,25,0.217,0.0587471237677146,1.5084859728934,0.4
2021,7,26,12.848,0.131445668450741,1.49997386693035,49.6
2021,7,27,1.98,0.0345321840808097,1.44806773635255,3.6
2021,7,28,0.859,-0.00320305619595773,1.36253206792379,0.2
2021,7,29,0.541,-0.00507774019203255,1.18351015388743,0
2021,7,30,0.447,0.080318448312805,1.25734041797331,0
2021,7,31,0.419,0.177505307440734,1.14509749282934,0.2
2021,8,1,0.349,0.187692929241957,1.03645751068045,0
2021,8,2,0.297,0.146373089030005,0.939935877372455,0.2
2021,8,3,0.694,0.143674063842148,0.863163244717832,8.8
2021,8,4,0.336,0.134653834322771,0.856400919065772,0
2021,8,5,0.267,0.167917834277545,0.905341281580012,1
2021,8,6,0.238,0.238412805555286,0.980948257787175,1
2021,8,7,0.484,0.157035932687324,1.07176675909983,2.8
2021,8,8,0.291,0.0875470297368905,1.16598269033437,2.6
2021,8,9,0.568,0.100237655841261,1.2519136423553,3.2
2021,8,10,0.252,0.0258548848073286,1.31793842859755,1
2021,8,11,0.422,-0.0588131409727404,1.35587752960866,2.9
2021,8,12,0.188,-0.0394718887973751,1.36095377177635,0
2021,8,13,0.579,-0.0896314144060442,1.24134738689698,5.1
2021,8,14,0.261,-5.69284476314991e-06,1.33432545132648,0.6
2021,8,15,0.233,-0.0185999758874558,1.2813499560003,0
2021,8,16,0.18,-0.0232324423732457,1.21190353514268,0.2
2021,8,17,1.782,-0.0211307141392469,1.13835765533058,12.6
2021,8,18,0.403,0.0312694953074639,1.11789278036534,2.7
2021,8,19,0.322,-0.0117641123385746,1.16492251956798,0.2
2021,8,20,0.197,-0.0406899497034725,1.24264518322236,0
2021,8,21,0.541,0.0383885544473255,1.32813742178321,8.3
2021,8,22,0.776,0.0126510602026229,1.39604730077553,2
2021,8,23,0.226,-0.0452261606759452,1.42857298347219,0.2
2021,8,24,0.306,-0.108840808284032,1.41716516312504,1
2021,8,25,0.182,-0.121484884941947,1.36530941025722,0
2021,8,26,0.173,-0.102735478806112,1.28278859319035,0
2021,8,27,0.27,-0.0680360985346986,1.18332835331684,2.8
2021,8,28,12.79,-0.0267905451243302,1.18267984756524,36
2021,8,29,1.595,0.0849391701389741,1.07611038380965,3.7
2021,8,30,0.551,0.129182641661777,0.97185276575958,1
2021,8,31,4.712,0.198510880696748,0.875544138601452,35.5
2021,9,1,9.353,0.323649954908202,0.795460300199981,33.8
2021,9,2,2.666,0.108525710684821,0.794941474471701,0.2
2021,9,3,0.983,0.0678141261014891,0.848171520456567,0.2
2021,9,4,0.658,0.0409607439944044,0.941821075028928,0.4
2021,9,5,0.524,0.00232495371298924,1.05858954391096,0
2021,9,6,0.502,0.057488144707597,1.18073165355756,1
2021,9,7,1.053,0.102269453704821,1.29023022664263,6.2
2021,9,8,1.321,0.0883041172494361,1.37039419924241,10.7
2021,9,9,0.63,0.0335766345752684,1.40891446608385,1.2
2021,9,10,0.413,0.136274911531284,1.40140147549283,1.3
2021,9,11,0.923,0.0665699396779782,1.35691138049434,3.3
2021,9,12,0.379,0.00142566525176147,1.32109068265957,0
2021,9,13,0.299,0.0166435587039708,1.26970836433925,0
2021,9,14,0.773,0.0513305592652171,1.17441653519148,8.8
2021,9,15,0.531,0.0663892358388352,1.11289161276749,5.4
2021,9,16,11.255,0.202153812485447,1.09504261913535,48.1
2021,9,17,2.199,0.274986638410335,1.12505293739639,5.9
2021,9,18,0.984,0.102701474895537,1.18539376173311,0
2021,9,19,0.611,0.0414415063592519,1.25113730727072,0
2021,9,20,0.496,0.0292684940537158,1.29983765761346,0
2021,9,21,0.421,0.0116065835076093,1.31750525426557,0
2021,9,22,1.043,0.0743410464125509,1.29990407728473,9.8
2021,9,23,12.426,0.133319920000478,1.25035793664401,41.4
2021,9,24,1.718,0.089018597739732,1.22049843226062,1
2021,9,25,0.866,0.102734356723095,1.16945788006928,0
2021,9,26,0.696,0.106116261741253,1.09861965134298,0
2021,9,27,0.534,0.147422333290414,1.01639510474711,0.2
2021,9,28,0.722,0.125533981168817,0.930552068301898,1.2
2021,9,29,0.424,0.0224660869810742,0.852334554915641,0
2021,9,30,0.363,-0.0497175250423718,0.799305143781324,0.8
2021,10,1,0.395,0.00229998485617411,0.792615496094775,0
2021,10,2,0.305,0.0296435493326846,0.842304538585817,0
2021,10,3,0.419,0.100771303187586,0.938910352211552,3.4
2021,10,4,2.273,0.159494295406198,1.0627902527303,25.7
2021,10,5,0.904,0.178556060249278,1.19197629091052,0
2021,10,6,0.409,0.176798042897873,1.30540099528516,0
2021,10,7,14.012,0.255850785871801,1.38383374370533,45
2021,10,8,4.305,0.183915233266036,1.41611832639556,1
2021,10,9,0.916,0.121820124715582,1.45175982659396,0
2021,10,10,0.574,0.110158025914991,1.45268388409325,0
2021,10,11,0.458,0.0969810028354152,1.40173728577261,0.6
2021,10,12,1.615,0.14201205817076,1.31500343194244,10.8
2021,10,13,0.463,0.135119202272996,1.21871568509177,1.8
2021,10,14,0.376,0.0873216769843188,1.14305774503363,0
2021,10,15,0.325,0.0616961979572661,1.10700420552315,0
2021,10,16,0.295,0.0656031363829443,1.10860380729636,0
2021,10,17,0.302,0.103843795905221,1.13333531376532,1.6
2021,10,18,3.622,0.0982451403542703,1.16349154430633,18
2021,10,19,0.441,0.0516539749845666,1.18482714246453,0
2021,10,20,0.316,0.0508651048260576,1.18701101667517,0
2021,10,21,0.812,0.178800757550583,1.18451708876237,11.6
2021,10,22,4.849,0.256537363571094,1.1991469413331,29.8
2021,10,23,6.537,0.269502474412842,1.18510235798409,33.8
2021,10,24,8.264,0.297337930271153,1.14795852920721,21.5
2021,10,25,3.631,0.214316312715315,1.09520857932344,1.2
2021,10,26,1.436,0.146397168709564,1.03309679658001,0
2021,10,27,0.955,0.14576528264076,0.967300419667798,0
2021,10,28,1.49,0.214972561729034,0.90705699317903,5.6
2021,10,29,0.745,0.232645464911305,0.866812764661393,0.4
2021,10,30,0.656,0.190934375502136,0.862626104090413,2.2
2021,10,31,0.825,0.195610923362272,0.902634991643966,3
2021,11,1,0.523,0.224342473275035,0.981998982141876,0.2
2021,11,2,0.455,0.311251874366873,1.08602022474181,0.4
2021,11,3,2.068,0.420762114131836,1.19648909595569,20.2
2021,11,4,0.67,0.39159732922153,1.29405794953774,2.6
2021,11,5,0.853,0.443540339353893,1.36317513401047,8.2
2021,11,6,0.568,0.331941865192759,1.458506005999,0.8
2021,11,7,0.427,0.273926084024878,1.5190106550801,0
2021,11,8,0.394,0.253251714005678,1.52155487319561,0
2021,11,9,0.354,0.179872156714828,1.47234946439461,0
2021,11,10,0.32,0.219357862786105,1.38798673956827,0
2021,11,11,0.345,0.212298738988381,1.29219334791686,0
2021,11,12,0.309,0.192348400473592,1.20574404738611,0
2021,11,13,0.607,0.213670768915781,1.14161838820249,7.6
2021,11,14,1.428,0.266347939195355,1.1009138512191,13.2
2021,11,15,0.422,0.224301132138683,1.07972701349281,0.2
2021,11,16,0.309,0.197728065503004,1.0710199755583,0
2021,11,17,0.26,0.0192808341049691,1.0668814993088,0
2021,11,18,0.218,0.011730194969958,1.07978314878993,0
2021,11,19,0.208,0.0174559943365449,1.12114937465386,0
2021,11,20,0.194,0.0494400923706748,1.14269966292085,0
2021,11,21,0.188,0.0771583595235639,1.14573742812557,0
2021,11,22,0.204,0.0870867114523537,1.13347121941481,0.4
2021,11,23,0.198,0.101330074645278,1.11024271884722,0.2
2021,11,24,0.261,0.0723955848332936,1.07918450650441,1.6
2021,11,25,0.257,0.0383722849864538,1.04397128283325,0
2021,11,26,0.167,0.0245119491727552,1.01148771431239,0
2021,11,27,0.156,-0.0030347754861858,0.99046949289443,0
2021,11,28,0.151,-0.0402989066633438,0.989832373484661,0
2021,11,29,0.15,-0.00949605552039001,1.01308853785027,0
2021,11,30,0.147,0.0238088608732072,1.05871959561786,0.8
2021,12,1,0.179,0.0675301294846609,1.12084207822353,0
2021,12,2,0.165,0.0683854113108475,1.19290335728642,0
2021,12,3,0.274,0.0913015170595399,1.26531867779241,5.2
2021,12,4,0.959,0.0872591298032037,1.36837961417345,1.8
2021,12,5,0.164,0.0182022649274394,1.48182984240233,0
2021,12,6,0.142,0.00329580676535768,1.55141687797508,0
2021,12,7,0.12,-0.043004941981108,1.56912487664792,0
2021,12,8,0.119,-0.0824223700436406,1.53784239101688,0
2021,12,9,0.116,-0.0714220799682632,1.46690631829385,0
2021,12,10,0.112,-0.0402091266274467,1.3724550724628,0
2021,12,11,0.109,-0.0146419768035011,1.2702179584771,0
2021,12,12,0.86,-0.0271489552153351,1.17286407494586,7.6
2021,12,13,0.334,-0.00280492723261516,1.09016444681343,6.3
2021,12,14,1.245,0.137476130495561,1.02695455882691,21.7
2021,12,15,0.948,0.183425455643023,0.985636959077072,0.2
2021,12,16,0.15,0.119894725342752,0.964469686070824,1.6
2021,12,17,0.132,0.0243885947574281,1.00622499810216,0.4
2021,12,18,0.117,0.000925602770214917,1.04943239275742,0
2021,12,19,0.111,-0.0277657731953089,1.08775462757948,0
2021,12,20,0.113,-0.00771630957587133,1.11899189851127,0
2021,12,21,0.107,0.0221059568723085,1.14219020712819,0
2021,12,22,0.106,0.0512182581276097,1.15635323583487,0
2021,12,23,0.111,0.0870227423185235,1.16164306618825,0
2021,12,24,0.11,0.0594145661379044,1.15826013022831,0
2021,12,25,0.107,0.0316531971331055,1.14958674773175,0
2021,12,26,0.104,-0.00421851890683977,1.13940496323311,0
2021,12,27,0.104,0.00323053124768191,1.1319238492638,0
2021,12,28,2.039,0.0932888421156639,1.1288627698795,16.5
2021,12,29,0.371,0.117720749304863,1.13206581540893,0.4
2021,12,30,0.092,0.0947773232884515,1.14572154332588,0
2021,12,31,0.086,0.0577347434554605,1.1766945726697,0
2022,1,1,0.084,0.035587634024014,1.23291332186203,0
2022,1,2,0.082,0.0477117714963773,1.36069830350521,0
2022,1,3,0.082,0.0486815449334823,1.47645405056474,0
2022,1,4,0.082,0.0340993668452629,1.56003347348293,0
2022,1,5,0.082,0.0213989491380524,1.59640915694558,0
2022,1,6,0.079,0.006560476090955,1.58028020325788,0
2022,1,7,0.301,0.0235280911208586,1.51662474367595,5.5
2022,1,8,0.212,-0.0638773030222957,1.41828128437798,3.7
2022,1,9,0.185,-0.0244264424899032,1.30126126145451,1.5
2022,1,10,0.183,-0.00541246064401446,1.18157037988132,0
2022,1,11,0.086,-0.0051023619543209,1.07103190021039,0
2022,1,12,0.082,0.000592008169941316,0.97994569644352,0
2022,1,13,0.114,0.0490013090130536,0.916347989274611,1.8
2022,1,14,0.156,0.154786217596251,0.901827730320535,0
2022,1,15,0.078,0.206044855383526,0.934096348770264,0
2022,1,16,0.08,0.236219663749108,0.986244350751075,0
2022,1,17,0.079,0.226778167408418,1.04892577281179,0
2022,1,18,0.078,0.141500848901171,1.11441864710174,0
2022,1,19,0.078,0.0793541172314729,1.17566887221587,0
2022,1,20,0.077,0.0738553562292188,1.22732361038269,0
2022,1,21,0.082,0.0705537125919988,1.26368132056587,0
2022,1,22,0.073,-0.000824935846862829,1.28232917760568,0
2022,1,23,0.076,0.0376416305586433,1.28269140506995,0
2022,1,24,0.138,0.0502199242153538,1.26699732520333,3.2
2022,1,25,0.174,0.0904655445889233,1.23908653072552,3
2022,1,26,0.146,0.137577203551284,1.20347834117988,0
2022,1,27,0.079,0.099329279721647,1.16696002839087,0
2022,1,28,0.067,0.0475531418275301,1.14152609044375,0
2022,1,29,0.065,-0.039034923124923,1.14469628547377,0
2022,1,30,0.064,-0.0178533637820282,1.22712709800407,0
2022,1,31,0.064,0.0358966828346288,1.34286236909228,0.6
2022,2,1,0.151,0.0175957139879166,1.4579801955385,3.2
2022,2,2,0.067,-0.0370108793077135,1.54537722971692,0.2
2022,2,3,0.062,-0.0506569987709597,1.5844242126123,0
2022,2,4,0.062,-0.0418674350928556,1.56817765724892,0
2022,2,5,0.061,-0.0356311248408361,1.50292676714938,0
2022,2,6,7.876,0.0230632856401669,1.4022594477902,57.1
2022,2,7,8.375,0.145428054624189,1.28275740060795,26.7
2022,2,8,0.259,0.128715694055888,1.15878774214039,0.6
2022,2,9,0.18,0.0888104312803104,1.04201851799971,1.2
2022,2,10,0.109,0.0788838485259495,0.944395437931171,0
2022,2,11,0.097,0.084860005697039,0.878966662286454,0
2022,2,12,0.088,0.109242130279137,0.858193882355707,0.4
2022,2,13,0.085,-0.0603419011209393,0.884285912912927,0
2022,2,14,0.076,0.00602395589990679,0.946788115481118,0
2022,2,15,0.075,-0.0160944748545451,1.03216455787112,0
2022,2,16,0.073,0.00814681187043065,1.12688506377812,0
2022,2,17,0.07,0.025870526652825,1.21910045665967,0
2022,2,18,0.073,0.00333610627869185,1.29724805161077,0
2022,2,19,0.069,0.0314801542435086,1.35195628193227,0
2022,2,20,1.554,0.0202154584088452,1.37704972036917,7.8
2022,2,21,0.146,-0.00816178862476336,1.37130073788566,0
2022,2,22,0.069,-0.0255244627912061,1.33880570852763,0
2022,2,23,0.066,0.00210458992048324,1.28577524307077,0
2022,2,24,0.119,0.0324938765192728,1.22149547031936,0.8
2022,2,25,0.079,0.0597627467005757,1.16049794082375,1
2022,2,26,0.065,0.0680316442771678,1.1364292715144,0
2022,2,27,0.065,0.0272355584386486,1.15814355573092,0
2022,2,28,1.004,-0.0115262659067412,1.22872169445178,14.4
2022,3,1,0.086,0.00974668238829257,1.32773904355233,0
2022,3,2,0.068,0.0445860119605592,1.42481756810615,0.8
2022,3,3,0.076,0.114287002909057,1.49256614750936,0.2
2022,3,4,0.062,0.0525130778939549,1.51492544617135,0
2022,3,5,0.063,0.0729974077167399,1.48832584723125,0
2022,3,6,0.062,0.0773400176972137,1.42136608792139,0
2022,3,7,0.073,0.0872725187469967,1.32703230756523,0.6
2022,3,8,0.159,0.0740055200047203,1.26965024133667,1.2
2022,3,9,0.08,0.020752978619037,1.17063636853692,0.2
2022,3,10,0.061,0.0289617123103858,1.06443544962805,0.2
2022,3,11,0.061,0.0654180376412739,0.96432314569833,0
2022,3,12,0.06,0.118721945492467,0.887160410062226,0
2022,3,13,0.06,0.105853631161498,0.853134892048397,0
2022,3,14,0.059,0.120887382956095,0.873246863416918,0
2022,3,15,0.058,0.120381645932578,0.939713473859269,0
2022,3,16,0.058,0.110759192650085,1.03636946867187,0
2022,3,17,0.059,0.128351458978088,1.14647501363582,0
2022,3,18,0.123,0.178282487727352,1.2536647962358,3.3
2022,3,19,0.133,0.193400487013343,1.34241263849457,1.4
2022,3,20,0.699,0.25074960077031,1.40024556773524,16.6
2022,3,21,24.777,0.262631594118855,1.42083799907202,80.6
2022,3,22,2.682,0.245957843461549,1.40615837701882,13.2
2022,3,23,0.549,0.195808715841391,1.35582168008384,1
2022,3,24,0.235,0.132899108089763,1.35983778418998,0
2022,3,25,0.245,0.0963429935770821,1.29171498708808,0.4
2022,3,26,0.15,0.109419523540206,1.22457489429645,0
2022,3,27,0.12,0.0915798924878284,1.18596920640772,0
2022,3,28,0.108,0.169938933356876,1.19293201927016,0
2022,3,29,0.104,0.151117860446211,1.23937527982638,0
2022,3,30,0.099,0.132268054139258,1.30381834942445,0
2022,3,31,0.096,0.055204657406877,1.36173490973873,0
2022,4,1,0.092,0.0215318508495999,1.39494292110611,0
2022,4,2,0.089,0.0100282848201565,1.39380796180066,0
2022,4,3,0.085,-0.0162452094262915,1.36760686638947,0
2022,4,4,0.081,0.0199046326443566,1.32355019673542,0
2022,4,5,0.135,0.0315680604971857,1.25281931924969,1.4
2022,4,6,0.115,0.0544647493902599,1.13328418836577,0.8
2022,4,7,0.128,0.0675598639734276,1.16662959630859,0.8
2022,4,8,0.077,0.00809655349794736,1.07542709696464,0
2022,4,9,0.075,0.0113155437438717,0.989803948582999,0
2022,4,10,0.093,0.0337731098291489,0.922963719406485,1.2
2022,4,11,0.075,0.0199448032357876,0.891695574154586,0
2022,4,12,0.538,0.161700683504343,0.907529132391953,19.3
2022,4,13,0.685,0.299743988157357,0.967996643459156,8.5
2022,4,14,0.111,0.126486180960834,1.05987578785788,0
2022,4,15,0.086,0.0503394570034577,1.1661942227327,0
2022,4,16,0.164,0.0984539989499023,1.2929593075927,1.6
2022,4,17,0.612,0.244742746269306,1.40309296194489,8.7
2022,4,18,9.061,0.361525648620604,1.47836951438007,100.4
2022,4,19,6.013,0.150535136660062,1.50890317189663,24.4
2022,4,20,1.527,0.14686174550069,1.4926797373211,18.2
2022,4,21,0.821,0.0785195173762936,1.35029075111427,6.3
2022,4,22,0.609,0.103150499734454,1.43766233140251,3
2022,4,23,0.361,0.0367453748784807,1.3626816564801,0
2022,4,24,0.32,-0.0679122060805013,1.29200741033437,1
2022,4,25,0.292,-0.0375259414152136,1.24567534762414,2.2
2022,4,26,0.222,-0.0273557019041515,1.22919572928672,0
2022,4,27,0.198,-0.036433514463708,1.23503193069454,0
2022,4,28,0.963,-0.0740000362805131,1.25070967251885,10.1
2022,4,29,0.31,-0.0754513928813239,1.26394330912954,0.8
2022,4,30,0.266,-0.0294068318501557,1.29143647543765,3.6
2022,5,1,0.197,-0.0581778492414575,1.31212891884006,0.2
2022,5,2,0.181,-0.0200700820406376,1.30250806365837,0
2022,5,3,0.234,-0.0144525864127572,1.26673112256974,0.8
2022,5,4,0.344,0.048238058360917,1.21309450158609,4.6
2022,5,5,0.626,0.00651605940218136,1.15014516437709,4.6
2022,5,6,0.214,-0.0744091179531384,0.998988999743251,0.4
2022,5,7,0.173,-0.0687808805283595,1.08536035987378,0
2022,5,8,0.161,-0.0857449967364121,1.02566307546234,0
2022,5,9,0.199,-0.0331005020694916,0.98061591955074,1.6
2022,5,10,0.24,0.0104691489892165,0.961271453249216,0.2
2022,5,11,0.147,0.0147796281356343,0.975275959523946,0
2022,5,12,0.135,0.00423139114805504,1.02194170836467,0
2022,5,13,0.132,0.010924895658835,1.09350677559239,0
2022,5,14,0.129,-0.00111581766159508,1.1965167633387,0
2022,5,15,0.126,0.0176196081383664,1.33198133494007,0
2022,5,16,0.121,-0.0199097425563293,1.44811473274326,0
2022,5,17,0.118,-0.011447409907039,1.52853326890137,0
2022,5,18,0.324,0.0119844614894506,1.56388610634838,8.8
2022,5,19,2.406,-0.00225593613166564,1.55247839784239,21.3
2022,5,20,0.262,-0.0531735979996673,1.35352599306771,2.2
2022,5,21,0.191,-0.16658540846482,1.50371738139807,0
2022,5,22,0.172,-0.129701583082747,1.43291578331302,0.6
2022,5,23,0.186,-0.0964102268712406,1.35716478322721,0.2
2022,5,24,0.14,-0.0863354292601117,1.289367442923,0
2022,5,25,0.131,-0.112356216058269,1.23412358179367,0
2022,5,26,0.129,-0.0451164536709772,1.19236519653718,0
2022,5,27,0.241,-0.0367389247983978,1.16276101208751,6.2
2022,5,28,0.134,-0.0287884147065782,1.17345726162273,0.4
2022,5,29,1.046,0.146254996824573,1.20759668242137,16
2022,5,30,9.003,0.239896545165746,1.22437982486119,29.3
2022,5,31,0.836,0.141700660909258,1.22297428627457,10.9
2022,6,1,12.554,0.12912502814276,1.2061779315043,21.7
2022,6,2,0.925,0.130657902823443,1.17920661761545,7
2022,6,3,0.39,0.0398411745481138,1.14663393654747,2.8
2022,6,4,0.33,0.0139838270722941,0.98806226161555,0.8
2022,6,5,0.826,0.0310658501936408,1.11227321048856,8.8
2022,6,6,0.467,0.0327517541134752,1.07978848424773,2.9
2022,6,7,0.326,0.0474301216406008,1.05464369428744,3.2
2022,6,8,0.347,0.0449172566176399,1.04317833395574,0.4
2022,6,9,0.254,0.0641913621465429,1.04970156249386,0.4
2022,6,10,0.289,0.0115231790873247,1.07485929761247,3.3
2022,6,11,0.391,-0.0325641718172422,1.11610683175255,5.7
2022,6,12,0.313,0.0127323837445601,1.21027426366685,1.8
2022,6,13,0.494,-0.067288568044271,1.34015130248724,7.4
2022,6,14,0.256,-0.171176416410527,1.45767129522078,0.4
2022,6,15,0.198,-0.162609296602201,1.54627924973457,1.4
2022,6,16,0.162,-0.127180173601884,1.59432283621481,0
2022,6,17,0.144,-0.106679685383857,1.59652601225787,0
2022,6,18,0.822,-0.0502174151356594,1.3714344444465,10.9
2022,6,19,0.27,-0.00619957416450512,1.55576183934157,0.2
2022,6,20,3.624,0.212948798097905,1.48096459829806,30.3
2022,6,21,0.794,0.177054643798232,1.38620694392746,3.1
2022,6,22,0.398,-0.0256758127246806,1.28476154363744,0
2022,6,23,0.269,-0.089624968208973,1.18894795582813,0.4
2022,6,24,2.654,-0.0369479764262832,1.10828244063719,25.4
2022,6,25,0.998,0.00244310444889262,1.05137602814511,0
2022,6,26,0.361,-0.0139576614064812,1.07769742322154,0
2022,6,27,0.273,-0.017945880642372,1.10721547904365,0
2022,6,28,0.229,0.0258946693454396,1.13373616056264,1
2022,6,29,1.452,0.170488903324578,1.15364295855433,18
2022,6,30,0.711,0.14117244094218,1.16613107854183,0.6
2022,7,1,0.365,0.0231630400511023,1.17138994999834,2.4
2022,7,2,0.463,-0.0120659357945383,1.16996586798018,0
2022,7,3,0.24,-0.0789501919208881,1.16208002153213,0
2022,7,4,0.204,-0.0998446250717444,1.01546266683623,0
2022,7,5,1.365,-0.0695111101380547,1.14794246811964,21
2022,7,6,2.475,-0.0216288456688598,1.13064077469804,5.9
2022,7,7,2.553,0.00372031613918811,1.11398230664465,20
2022,7,8,4.651,0.0402251187014455,1.10194716724399,22.5
2022,7,9,2.561,0.0272035381263165,1.0980631983154,0.2
2022,7,10,0.881,0.00873773758426721,1.106081146403,0.4
2022,7,11,2.729,0.111941894885387,1.19715257926585,20.6
2022,7,12,9.955,0.222136403346197,1.3196679395764,30
2022,7,13,2.036,0.0140954611229984,1.44203799542965,0.2
2022,7,14,4.799,0.303846655824427,1.54336898342608,31
2022,7,15,2.84,0.101328897115776,1.60459600222335,0.4
2022,7,16,1.069,0.0244068011014951,1.61263714342837,0.2
2022,7,17,0.909,-0.110426634991266,1.56631835756245,2.8
2022,7,18,0.68,-0.123693054666748,1.3423950191698,0.7
2022,7,19,16.557,-0.0698462843098033,1.47532559211029,51
2022,7,20,12.128,0.0318233631553624,1.35554487202751,32.8
2022,7,21,2.36,-0.0237497279270267,1.22562238600419,7.2
2022,7,22,1.21,-0.0187384539404042,1.10257838626075,0
2022,7,23,0.935,0.00878931230825009,0.998822748125616,4.5
2022,7,24,2.267,0.183093381326261,0.95046072597839,32.4
2022,7,25,15.693,0.332161133278862,0.969733924682711,84.6
2022,7,26,9.018,0.20259267937603,1.00831467766897,0.9
2022,7,27,2.126,0.066109524237974,1.05654268855269,0.6
2022,7,28,2.014,0.0542088886636628,1.10597330412506,9.3
2022,7,29,1.114,0.00467782547499118,1.15111343883751,0
2022,7,30,0.876,0.0180807294439664,1.18773653881097,0.2
2022,7,31,0.835,-0.0740760953675059,1.21175137206253,2
2022,8,1,0.699,-0.0925576446634575,1.21977955184913,0.2
2022,8,2,0.597,-0.0814258000231081,1.21050443244331,0
2022,8,3,0.667,-0.0488137029194189,1.08607380139498,0
2022,8,4,0.501,0.0163213831604549,1.18613720998849,0
2022,8,5,0.52,0.0039704099486082,1.15206485252979,0
2022,8,6,0.486,0.0234432995748428,1.11410006474628,0
2022,8,7,1.486,0.0664277711003487,1.08028789741361,20.9
2022,8,8,1.274,0.11263476757826,1.07940458747242,0.2
2022,8,9,0.561,0.157933961254988,1.16782635343816,1.1
2022,8,10,0.504,0.124419422523698,1.28805299754195,0.9
2022,8,11,0.382,0.110887726531661,1.41541523008028,0
2022,8,12,0.341,0.0475089933289978,1.52030688776711,0
2022,8,13,0.316,-0.0535255752287902,1.57763651954524,0.2
2022,8,14,0.294,-0.0840474677722429,1.57454211658338,0
2022,8,15,0.326,-0.0489852058800799,1.5127479245913,2.7
2022,8,16,0.338,-0.0319835197086729,1.35128500057331,0.5
2022,8,17,0.393,0.00873945513413599,1.40577228740436,3.7
2022,8,18,2.493,0.0398272917961371,1.27294133272706,32.6
2022,8,19,1.635,-0.0281978474551028,1.13316405673548,1.4
2022,8,20,2.688,-0.0189981261183455,1.0016804387699,11.8
2022,8,21,0.664,-0.0303268447593662,0.890059070186256,0
2022,8,22,0.578,0.0561996409529598,0.853532506577384,1.1
2022,8,23,0.417,0.0640948974123482,0.873792510432938,0.7
2022,8,24,0.347,0.0540915894789209,0.926435667350283,0
2022,8,25,0.695,0.0717671287559813,0.997350182850149,5.2
2022,8,26,0.36,0.0707411215392433,1.07416630182986,0
2022,8,27,0.329,0.0181915280270337,1.14731919438256,0
2022,8,28,0.26,0.00266100451312079,1.20808265035645,0
2022,8,29,0.249,0.0080967857025076,1.24815593299035,0.2
2022,8,30,0.269,-0.0070867636934735,1.26181195535451,1.3
2022,8,31,0.269,-0.0567133743114094,1.24749062664836,2.4
2022,9,1,0.221,-0.0726785982164253,1.20897540512133,0
2022,9,2,0.228,-0.0521915930115127,1.14959619347827,0
2022,9,3,0.213,-0.0690359638310949,1.15463145494466,0
2022,9,4,0.237,-0.0571725320223921,1.09380120250647,0.2
2022,9,5,3.403,0.136284391731593,1.04572261523208,32.7
2022,9,6,0.778,0.125442421504099,1.07184090718448,2.7
2022,9,7,0.337,0.0538339368976972,1.15032736499267,0
2022,9,8,0.353,0.061831867853626,1.26192145312828,0
2022,9,9,0.222,0.0458216834430438,1.37543766861221,0
2022,9,10,0.197,0.0482006238741532,1.45951668189862,0
2022,9,11,0.777,0.151307212544632,1.49396594464352,12.1
2022,9,12,0.894,0.10134287765357,1.47159765582526,6.7
2022,9,13,0.244,-0.0135223670564402,1.3996965760251,0.7
2022,9,14,0.244,-0.0164724170856532,1.33646324647097,1.6
2022,9,15,0.218,-0.0131678543671396,1.25225389207314,0
2022,9,16,0.18,0.0500046791024129,1.16692583464555,0
2022,9,17,0.159,0.0351541930452044,1.03779757957416,0
2022,9,18,0.153,0.0375981707203544,0.915684166000331,0
2022,9,19,1.388,0.00240731012257944,0.830955427713326,13.5
2022,9,20,0.739,0.0408204805782851,0.796021097135795,5.8
2022,9,21,0.306,0.0836491493740976,0.814051637413352,0
2022,9,22,0.182,0.175952710561892,0.872656111880988,0
2022,9,23,0.156,0.151400820621924,0.955762312542334,0.2
2022,9,24,0.158,0.103533192868358,1.04891979435515,0.4
2022,9,25,0.143,0.0754120836664938,1.13912770596126,0.2
2022,9,26,0.297,0.0922150853252091,1.21369467338551,5.2
2022,9,27,0.144,0.0402817297565274,1.26182245169731,0.9
2022,9,28,0.127,-0.027571065044268,1.27704225977309,0.5
2022,9,29,0.117,-0.00445149547603063,1.28145091029669,0.6
2022,9,30,0.438,0.0372415279142091,1.27499889011959,14.3
2022,10,1,6.217,0.147732353331565,1.23711783108601,41.6
2022,10,2,3.024,0.167505985250942,1.17907243581973,10.9
2022,10,3,1.015,0.148409209326452,1.12051598564044,1.5
2022,10,4,0.477,0.0624881229236713,1.08804852009098,0.4
2022,10,5,0.341,0.00168164930833481,1.10174433051946,2.3
2022,10,6,0.282,-0.0459986772657116,1.15833108247806,1.2
2022,10,7,0.209,-0.0848764845241378,1.2359292649267,0.2
2022,10,8,0.184,-0.0886297830637834,1.30816096596441,0
2022,10,9,0.178,-0.0526444181511221,1.35375889351094,0.2
2022,10,10,0.169,-0.0320195816706375,1.36076767988508,0
2022,10,11,0.159,0.00644841500768645,1.33836905095741,0
2022,10,12,0.152,0.0204636589211029,1.33907183668848,0
2022,10,13,0.141,0.0695879508587738,1.29696873788097,0
2022,10,14,0.901,0.239013346043214,1.22052402058821,11.7
2022,10,15,0.192,0.224202463282441,1.12331039908455,1.1
2022,10,16,0.151,0.181499500547283,1.01954123022777,0
2022,10,17,0.618,0.0661286438399117,0.922486341462179,11.1
2022,10,18,0.291,0.0634366378088822,0.846614501043742,0.6
2022,10,19,0.161,0.0822244426764437,0.80728821639294,0
2022,10,20,0.131,0.0600016058553364,0.814080024491165,0
2022,10,21,0.148,0.103107365510024,0.862382348707372,1.8
2022,10,22,0.208,0.100170960802062,0.939536107787521,6.2
2022,10,23,0.113,-0.0133855423403205,1.0313597181418,0
2022,10,24,0.101,0.00547090026408048,1.12337383020308,0
2022,10,25,0.098,0.0381313369079685,1.20180567002332,0
2022,10,26,0.095,0.0805059188139901,1.25546990292007,0
2022,10,27,0.093,0.106601248938763,1.32741442124404,0
2022,10,28,0.093,0.0617294203334591,1.37084588150137,0.6
2022,10,29,0.114,0.0759365984984977,1.3727185021736,0.6
2022,10,30,5.038,0.111841577726964,1.33791238075816,66.7
2022,10,31,0.867,0.136123553405133,1.28055281908696,0.4
2022,11,1,0.314,0.0906448924203733,1.22112312413228,0
2022,11,2,0.187,0.0409697279616092,1.17963364336897,0.2
2022,11,3,0.157,0.038809444424686,1.16537195439764,0
2022,11,4,0.141,-0.00996756146374589,1.17423406450778,0
2022,11,5,0.171,-0.0594254535082493,1.19421240766921,0
2022,11,6,0.138,0.0351859256592182,1.21296585529733,0
2022,11,7,0.112,0.11115864833833,1.22060855847511,0.4
2022,11,8,28.701,0.472542000930165,1.23412218948723,117.1
2022,11,9,12.69,0.28747911365781,1.27141434996818,9.1
2022,11,10,8.933,0.548143618527334,1.27381381012574,32.6
2022,11,11,94.204,0.514210060225602,1.2437136765508,99.4
2022,11,12,3.66,0.208489600961645,1.18926829933131,0.2
2022,11,13,1.526,0.123174522597436,1.12061476062573,0
2022,11,14,1.031,0.139516037460305,1.04827919659534,0
2022,11,15,0.809,0.201763985889524,0.980190890549547,1.7
2022,11,16,0.707,0.161558497087813,0.924593389857001,0.2
2022,11,17,2.153,0.172717380593451,0.890356023444137,6.6
2022,11,18,16.495,0.201827879182085,0.884777380649213,23.4
2022,11,19,2.001,0.16631259286894,0.909563427083761,9
2022,11,20,2.428,0.157717713788132,0.96078251760587,7.8
2022,11,21,1.158,0.0996635675447624,1.03033691086747,0
2022,11,22,4.345,0.198081516366017,1.10846916481638,25.4
2022,11,23,3.186,0.102955824634561,1.18399205954028,4.4
2022,11,24,1.984,0.059129998224541,1.28323341318473,5.6
2022,11,25,1.128,0.0109805262156817,1.385641429811,1.6
2022,11,26,2.115,0.0312715804164632,1.45165308935245,1.6
2022,11,27,3.934,0.077252733319785,1.47593106539168,12.2
2022,11,28,1.449,0.00207270240926216,1.46075915891344,0
2022,11,29,0.875,-0.0702674572895119,1.41591442620833,0.4
2022,11,30,1.13,-0.0399520260340025,1.35408234815346,4.8
2022,12,1,0.76,-0.0265348975781967,1.28766826282295,0.2
2022,12,2,0.61,-0.00430978150365635,1.22578979549629,0
2022,12,3,0.56,0.0651188775718154,1.17310722308262,0.2
2022,12,4,0.543,-0.0142784952548742,1.13302959193241,0
2022,12,5,0.474,0.0124336436781141,1.10631732904925,0
2022,12,6,0.886,0.0575611055053744,1.1063708384933,7.9
2022,12,7,3.627,0.347824087747042,1.15403581675016,39.4
2022,12,8,4.189,0.37039478167885,1.18765048342679,23.6
2022,12,9,4.664,0.274828888791129,1.20177743787362,8.2
2022,12,10,1.884,0.132620523347852,1.19664332870979,0.8
2022,12,11,3.806,0.0682132235330468,1.17567841576277,18
2022,12,12,1.558,0.114919905363681,1.144803953635,0
2022,12,13,0.912,0.0999034701818404,1.10926727385271,0.2
2022,12,14,1.687,0.250580880497967,1.0730476187115,18.4
2022,12,15,1.67,0.212820388529458,1.03955397395778,2.6
2022,12,16,0.953,0.116697142532992,1.01263837269387,0
2022,12,17,1.071,0.0633366623596421,0.996802624251482,3.4
2022,12,18,0.757,0.0665501265373457,0.995622599348498,0.4
2022,12,19,2.361,0.0556434181241949,1.01143364757226,28.4
2022,12,20,2.002,0.105145967451068,1.04671927911665,13.7
2022,12,21,1.193,0.115731708013837,1.1017505243896,0.4
2022,12,22,0.969,0.0672792232513957,1.17296906434975,0.8
2022,12,23,0.741,-9.17240259599161e-05,1.30502993911506,6.7
2022,12,24,0.574,0.00376680838149457,1.43005324303142,4.9
2022,12,25,0.494,0.0209173125343431,1.52609176700556,1.7
2022,12,26,0.488,0.0339863128217992,1.57934248717314,0
2022,12,27,0.398,-0.0269073409180676,1.584372462456,0
2022,12,28,0.362,-0.0415483167388166,1.54224349149719,0
2022,12,29,0.337,-0.0211331431443895,1.46226123873467,0
2022,12,30,0.313,-0.036866633853992,1.35856136673308,0
2022,12,31,0.289,-0.0151704027533337,1.24738784602717,0
2023,1,1,0.342,0.100041061235975,1.14356572980233,1.1
2023,1,2,0.31,0.169316056670415,1.06097076830894,0.4
2023,1,3,0.291,0.218116914766266,1.01072308377632,0
2023,1,4,7.154,0.304299208514386,1.03156450642277,81.1
2023,1,5,6.862,0.224641633102409,1.06746250084576,19
2023,1,6,12.498,0.183512033853928,1.10765758751731,39.5
2023,1,7,3.426,0.120888176270662,1.14351571641588,8.2
2023,1,8,1.752,0.124239124242697,1.16967355021657,0
2023,1,9,1.638,0.3295865111718,1.18441063395366,13
2023,1,10,32.496,0.64860437295018,1.18913781898555,143.5
2023,1,11,6.852,0.307179737317803,1.18543851500177,2.3
2023,1,12,2.345,0.148124886760464,1.17357991084226,0.9
2023,1,13,1.628,0.146030283645221,1.1536352525146,3.7
2023,1,14,1.818,0.064244439438452,1.12801678594604,1.5
2023,1,15,1.106,0.0381645523209684,1.10045753450364,0
2023,1,16,0.929,0.0622192505131491,1.07608028134789,1.9
2023,1,17,0.823,0.119260836981463,1.06114984018623,0
2023,1,18,0.735,0.17912092720086,1.06533088493605,0
2023,1,19,7.427,0.173449763351949,1.09997647281327,4.3
2023,1,20,1.473,0.133218805470998,1.17904390828752,0
2023,1,21,0.678,0.106291854333716,1.32378012886225,0
2023,1,22,0.608,0.039824028215798,1.4684604943267,1.6
2023,1,23,0.524,0.0272067179475477,1.58555348099063,0
2023,1,24,1.534,0.0444121429280104,1.652337245264,5.6
2023,1,25,0.54,0.0328428911377745,1.65621983303642,0
2023,1,26,0.608,0.068982635755853,1.59875901110838,6.2
2023,1,27,7.553,0.168390858478446,1.49384130764053,69.2
2023,1,28,8.075,0.157470898019717,1.36041769661545,19
2023,1,29,1.434,0.131647298479207,1.21992760773256,6.1
2023,1,30,8.737,0.121261775575386,1.09089171760301,22.4
2023,1,31,29.33,0.28288421979752,1.00234174369676,52.9
2023,2,1,19.101,0.216313675030043,0.960939558213609,0.9
2023,2,2,2.059,0.139904754415024,0.961811963385243,0.8
2023,2,3,1.473,0.0914673015325462,0.995629503779106,1.4
2023,2,4,1.115,0.056860849876708,1.04819094332412,0.2
2023,2,5,0.974,0.0793857875048418,1.10571668934492,0.2
2023,2,6,1.193,0.109083008147303,1.15851493413399,4.4
2023,2,7,0.854,0.129504780832062,1.20188961451644,0
2023,2,8,0.731,0.107249852523058,1.23296660055072,0
2023,2,9,0.663,0.101582784367217,1.24979441966976,0
2023,2,10,0.605,0.083473242143171,1.24965663735454,0
2023,2,11,1.245,0.204945433570822,1.23220685724203,9
2023,2,12,41.255,0.732804888652651,1.20048050451037,162.4
2023,2,13,68.898,1.01670107385143,1.16042294598226,209.2
2023,2,14,32.872,0.596795478009183,1.11906002419479,19.9
2023,2,15,4.695,0.277664772749332,1.08480539282018,0
2023,2,16,2.557,0.171043414659817,1.0710409754603,0
2023,2,17,1.94,0.122328316242646,1.09633297488095,0
2023,2,18,1.507,0.0603762715027611,1.20480372310108,0
2023,2,19,1.274,0.0402056319091322,1.34926755518027,0
2023,2,20,1.089,0.0196901039731363,1.49331867701946,0
2023,2,21,0.962,0.0177029789565366,1.60260685967138,0
2023,2,22,0.841,0.0395813238887952,1.65287207746611,0
2023,2,23,0.843,0.0936926063839711,1.63599978746258,0
2023,2,24,3.122,0.196000901964433,1.55891829935809,11.6
2023,2,25,1.033,0.161271885654392,1.44344915316776,0
2023,2,26,0.774,0.13450340211793,1.34066943524082,1.6
2023,2,27,1.944,0.129748689028089,1.21559427693753,8.6
2023,2,28,1.17,0.1413380292466,1.08960862796184,0
2023,3,1,0.57,0.110551224127008,0.986156339992896,0
2023,3,2,0.511,0.130967713633657,0.926002695338666,0
2023,3,3,0.446,0.170843147786133,0.917361765129461,0
2023,3,4,0.404,0.160244785976567,0.95116139654867,0
2023,3,5,0.37,0.14165076647722,1.01076014543577,0
2023,3,6,0.474,0.184232274593431,1.08069176629437,1.6
2023,3,7,0.511,0.0978337132570344,1.14988932390574,1.6
2023,3,8,0.331,0.071372352752288,1.21093105817024,0
2023,3,9,0.287,0.112332098088639,1.25719899477213,0
2023,3,10,1.434,0.0993596871425537,1.28277160102821,10.6
2023,3,11,0.386,0.0243659454758924,1.28412498992807,0
2023,3,12,0.28,0.0192476115109139,1.2625938230523,0
2023,3,13,0.269,0.00114433134620762,1.22992327342823,0.6
2023,3,14,0.269,-0.00981958233068481,1.18999184515087,0
2023,3,15,0.23,-0.0598736575153918,1.14281594316852,0
2023,3,16,0.253,-0.0348558476263019,1.10562276511529,1.6
2023,3,17,1.63,0.0130533269066424,1.101378928518,13.4
2023,3,18,2.027,-0.0132057836331958,1.14978110252332,4.7
2023,3,19,0.262,-0.0485620814199177,1.24777995456065,0
2023,3,20,0.223,-0.0488656045949634,1.36958692763368,0
2023,3,21,0.224,-0.0225051679381922,1.48067867849056,0.8
2023,3,22,0.216,-0.023515278822112,1.55198843684476,0.2
2023,3,23,0.199,-0.0379168070205709,1.56832359433924,0
2023,3,24,0.233,-0.015051879400567,1.52841606421481,0
2023,3,25,0.193,0.0494683323950538,1.44380789442881,0
2023,3,26,0.19,0.0819932957747318,1.33099952127947,0
2023,3,27,0.189,0.0917042320508683,1.33276528676105,0
2023,3,28,0.183,0.107289587187474,1.20879379626625,0
2023,3,29,0.183,0.115642141270207,1.08545501232338,0
2023,3,30,0.177,0.0958025054936571,0.983194701717209,0
2023,3,31,0.175,0.0894534777429514,0.920412462004649,0
2023,4,1,0.193,0.14246549849275,0.906248905123722,2.8
2023,4,2,0.185,0.126200563783512,0.9342332516349,0.2
2023,4,3,0.171,0.106818456354133,0.990404688008228,0
2023,4,4,0.167,0.042216541396876,1.06139400965867,0
2023,4,5,0.165,0.0184632276485794,1.1360279805229,0
2023,4,6,2.031,0.243307781825649,1.2215152908829,41.1
2023,4,7,2.924,0.314037499267914,1.28881808470987,9.3
2023,4,8,0.248,0.261092248854827,1.32823269381108,0
2023,4,9,0.626,0.17214908205474,1.33613598391241,6.5
2023,4,10,0.648,0.12397289397805,1.31503197596878,8.2
2023,4,11,0.48,0.0848768187851421,1.22587222685025,9.2
2023,4,12,4.504,0.0604093882342884,1.2726887132912,29
2023,4,13,3.709,0.0699107193634363,1.22360619180509,30.9
2023,4,14,0.897,0.00926859773681765,1.18731755313285,0.9
2023,4,15,0.404,0.102081178676554,1.18377905826738,0.2
2023,4,16,0.342,0.0910085030939267,1.22032220134926,1
2023,4,17,0.262,0.100233846131558,1.28520266296838,0.4
2023,4,18,1.666,0.039602453429157,1.35662516389534,13.1
2023,4,19,0.616,0.0330964677845342,1.41243076997321,2.2
2023,4,20,0.347,-0.0141462586479011,1.44990856508406,0.2
2023,4,21,0.334,-0.00862967539643877,1.47259749456943,2.2
2023,4,22,0.568,-0.0485781972429786,1.4482687452585,4.5
2023,4,23,0.411,-0.0282954936672,1.38356518789132,0
2023,4,24,0.3,0.0389942245157606,1.29093218617753,0
2023,4,25,0.258,-0.0328146191017811,1.11613376860842,0
2023,4,26,0.238,-0.0404539860082811,1.18680181895403,0.2
2023,4,27,0.235,0.009247355657656,1.08581370145074,0.2
2023,4,28,0.265,0.0365213246320267,1.00166944688249,2.6
2023,4,29,0.321,0.160012750990721,0.946441422243991,4.5
2023,4,30,30.11,0.386739589671969,0.927384559818322,87.8
2023,5,1,11.434,0.240340169684568,0.943301861418874,10.4
2023,5,2,1.816,0.0776319944200705,0.986820403960541,0
2023,5,3,13.236,0.043257543544337,1.04829185439088,32.9
2023,5,4,7.051,0.00670833267314208,1.15307954046686,22.3
2023,5,5,4.664,0.0260315369838899,1.25305979852818,21.3
2023,5,6,2.16,-0.0355140741020947,1.33359254632537,3.2
2023,5,7,1.848,0.000488623830838586,1.38575161408797,3.4
2023,5,8,1.361,0.0191326031826602,1.40538019948644,3.3
2023,5,9,37.944,0.115528008422346,1.39425208790552,78.7
2023,5,10,5.443,0.0143780063115551,1.24486829874235,2.9
2023,5,11,2.23,-0.0263166709169289,1.36197435181021,11.7
2023,5,12,2.274,-0.0824139306855356,1.32190737972409,2.2
2023,5,13,1.231,-0.128826318303442,1.28935364647988,0.2
2023,5,14,1.006,-0.0848352032097348,1.27307610829504,0
2023,5,15,0.992,-0.0579704665713519,1.27279484312136,0.6
2023,5,16,0.803,-0.0243470617623716,1.28135074182893,0.2
2023,5,17,0.679,0.00339095186503502,1.29133093914621,0
2023,5,18,4.826,0.129434795443565,1.32678438748684,22
2023,5,19,5.26,0.149659825111409,1.37043596560263,20.3
2023,5,20,1.712,0.155908763358531,1.38161076122637,0.8
2023,5,21,0.922,-0.00270192959706583,1.35967817107889,1
2023,5,22,0.694,0.0756334104317207,1.31064550019901,0
2023,5,23,0.713,0.0944441361376389,1.24410972264229,1.8
2023,5,24,0.544,0.0787792688871947,1.0549388572956,0.2
2023,5,25,0.483,0.0380437061443704,1.17083301395297,0
2023,5,26,0.436,-0.0554459865545962,1.10004136333116,0
2023,5,27,0.488,-0.00535274838383737,1.03959008012422,1.3
2023,5,28,0.959,0.0152010920114656,0.995501972128084,8.1
2023,5,29,2.504,0.0350329226682495,0.972966298220456,14.6
2023,5,30,0.659,-0.0302791598939091,0.973862847365487,0
2023,5,31,0.445,-0.0487380621981641,0.996874144847185,0.8
2023,6,1,0.389,-0.0748130731840958,1.04307172154866,0
2023,6,2,0.427,-0.0477867790468884,1.1528182005657,2
2023,6,3,0.422,-0.100686540680307,1.26217052505618,1
2023,6,4,0.641,-0.065028953468558,1.35828627974624,4.5
2023,6,5,1.266,0.0270147944569719,1.43107782144881,11.8
2023,6,6,10.013,0.23661045499517,1.47412291241502,35.2
2023,6,7,3.341,0.152741384672698,1.48573965709019,0.4
2023,6,8,0.806,0.0695699980136177,1.29972043089544,0
2023,6,9,0.526,0.0782976326142684,1.46902989002582,0
2023,6,10,0.425,0.012928404987919,1.4316816402952,0
2023,6,11,0.382,-0.0569543960626888,1.38137227269867,0
2023,6,12,0.345,-0.0807536823033699,1.32526693342653,0
2023,6,13,0.334,-0.0425207858763184,1.26912987244681,0
2023,6,14,0.308,0.000640431303496003,1.2187325799607,0
2023,6,15,0.288,0.0923744206007218,1.19416949442588,0
2023,6,16,1.954,0.102298027219688,1.23357041475903,14
2023,6,17,0.361,0.13897252541329,1.26305140923914,2.4
2023,6,18,0.308,0.11173353902835,1.2759380503408,0
2023,6,19,0.277,0.0373799018096082,1.2706706667489,0
2023,6,20,0.258,-0.0175447365042163,1.24821773480037,0
2023,6,21,12.768,0.0800174763649373,1.21301596159467,31.4
2023,6,22,5.427,0.123869312509947,1.1710951418645,17.4
2023,6,23,2.259,0.164353601175242,1.00077278748154,14.1
2023,6,24,1.771,0.121004032381157,1.12753267283786,9.6
2023,6,25,5.016,0.224542307309807,1.0859750338869,26
2023,6,26,4.319,0.131479460332151,1.04943970877064,9.2
2023,6,27,1.567,0.130005732522634,1.02095369083915,1.4
2023,6,28,1.06,0.145455251723381,1.00414389591191,1.4
2023,6,29,0.801,0.0897286069053542,1.00244289984692,2
2023,6,30,0.931,0.120165948457342,1.02756213081817,8.9
2023,7,1,1.461,-0.0380495831711227,1.13454682793769,3.7
2023,7,2,1.6,-0.044422546666556,1.25422444303482,6.5
2023,7,3,0.986,-0.125489902768689,1.37290968922919,2.5
2023,7,4,0.627,-0.145015959539981,1.47575937747331,0
2023,7,5,0.518,-0.129314140083149,1.54756817572262,0
2023,7,6,0.471,-0.0896772405577706,1.57803969978702,0
2023,7,7,2.303,0.0303747413246234,1.56222151945324,17.4
2023,7,8,1.327,0.0987838967751393,1.34749619827649,1.1
2023,7,9,3.305,0.102702883165474,1.50384284447763,13.3
2023,7,10,1.069,0.0638511601268408,1.41377557776872,4
2023,7,11,0.933,-0.0469160139542906,1.30689870547824,1.8
2023,7,12,0.64,-0.0769040427147301,1.19956701530318,0
2023,7,13,0.531,-0.120195062016424,1.10758840219355,0
2023,7,14,0.453,-0.131354196694122,1.0948067692642,0
2023,7,15,0.695,-0.121980653355921,1.1202542318272,1
2023,7,16,0.421,-0.1467316031872,1.15283212133169,0
2023,7,17,0.456,-0.136126170246363,1.18223090919662,2.6
2023,7,18,0.448,-0.138441131921514,1.20114826260934,1.6
2023,7,19,0.368,-0.0383952403594725,1.2061506377388,0.4
2023,7,20,4.344,0.276071188085722,1.19844016113147,22.7
2023,7,21,5.668,0.305960783394591,1.18089364369994,3.2
2023,7,22,0.657,0.189902433780913,1.15586412625498,0
2023,7,23,0.438,0.103589611938249,1.0201525507609,0.2
2023,7,24,0.472,0.0316025725067044,1.12428886441917,1.6
2023,7,25,0.436,-0.04394439098351,1.08674317678911,1.1
2023,7,26,0.841,-0.082926655301262,1.0472586555947,7.8
2023,7,27,0.891,-0.116273111752339,1.0114615530719,5.6
2023,7,28,0.459,-0.0506367245326511,0.987269974761354,0.2
2023,7,29,0.423,-0.0293585569321866,1.00442579402316,0
2023,7,30,0.35,-0.0299450553233582,1.10926265642035,0
2023,7,31,0.335,-0.0495646316086353,1.24432431313065,0
2023,8,1,0.324,-0.0739615128481581,1.38850704892221,0
2023,8,2,0.63,-0.110909616586605,1.51626482967849,5.2
2023,8,3,0.34,-0.142012969946402,1.60202931254116,0
2023,8,4,0.293,-0.182777337246103,1.6283248699764,0
2023,8,5,0.288,-0.119996012907511,1.59039302786152,0
2023,8,6,0.995,-0.106392571479434,1.40979536221939,3.8
2023,8,7,0.528,-0.101490830141969,1.49716637227132,0
2023,8,8,0.319,-0.0586897585241333,1.36741660027665,0.8
2023,8,9,0.272,-0.0781721976446927,1.22337815397133,0.4
2023,8,10,0.276,-0.0968660760271786,1.0871961729723,2
2023,8,11,0.342,-0.0513839023452504,0.993019976680392,1
2023,8,12,0.242,-0.034144066771199,0.986358230399326,0.6
2023,8,13,0.254,0.0359093436111693,1.01335121215147,0.6
2023,8,14,0.505,0.0753665566995172,1.05865033925897,4
2023,8,15,0.265,0.0441816609753543,1.10679924317964,0.8
2023,8,16,0.234,0.0187157747431762,1.14678101230493,1
2023,8,17,0.249,-0.0413232936358261,1.17361740655619,1.4
2023,8,18,0.214,-0.0151939232825369,1.18632824599863,0
2023,8,19,1.141,0.0166596572298694,1.18550615771492,13.2
2023,8,20,3.343,0.0553991259699307,1.17040196997481,14.9
2023,8,21,1.471,-0.0232120390815787,1.13959492765847,11.9
2023,8,22,0.665,-0.0702093826007315,1.0539976918635,0
2023,8,23,0.326,-0.0527810612942112,1.09531016100938,0
2023,8,24,0.254,0.0240692205920005,1.04343505811649,0
2023,8,25,0.235,-0.00948863910447206,0.993335826350948,0
2023,8,26,0.232,-0.0527655310677422,0.954938930012512,0
2023,8,27,0.215,-0.0714709267237852,0.992986026767396,0.2
2023,8,28,0.21,-0.0783317942484794,1.10039406765179,0
2023,8,29,0.206,-0.0631366322944917,1.24657912568903,0
2023,8,30,0.202,-0.048910920305693,1.40042239717066,0.4
2023,8,31,0.197,-0.0927965260548989,1.52686359925712,0
2023,9,1,0.206,-0.0723714301250269,1.59761389824401,0.4
2023,9,2,0.192,0.0117832137006213,1.59869862232905,0
2023,9,3,3.201,0.098458618776641,1.53189301580667,23.9
2023,9,4,4.889,0.0539296738210497,1.4359530994358,14.6
2023,9,5,0.479,0.0609191351140645,1.41389207853688,0
2023,9,6,0.979,-0.0245948280865445,1.26616552610777,5.9
2023,9,7,0.804,-0.0492489621052203,1.11270861907402,4.2
2023,9,8,0.309,-0.104210153320201,0.975502344690292,0
2023,9,9,0.815,-0.0552449560744152,0.911539085125854,5.5
2023,9,10,0.456,-0.0305691112087756,0.900161096488122,0.2
2023,9,11,0.86,-0.00954206195074248,0.930175977840138,9
2023,9,12,0.426,-0.0266423430286766,0.982956555806183,0.2
2023,9,13,0.272,-0.0752637133345087,1.04150647311426,0
2023,9,14,0.233,-0.0788730343199946,1.0945558079142,0
2023,9,15,0.224,-0.0505056199803662,1.13642181746529,1.7
2023,9,16,0.213,-0.0694221952174916,1.16437281729185,0
2023,9,17,0.196,-0.0568283380774861,1.17468869014964,0
2023,9,18,0.191,-0.0489570715429639,1.16403019576258,0
2023,9,19,0.189,-0.0806069897206605,1.14267646369438,0
2023,9,20,0.185,-0.0524773901100806,1.11588648067948,0
2023,9,21,0.18,-0.00723062490403392,1.07134411268468,0
2023,9,22,0.179,-0.00760540592647452,1.02659156266474,0
2023,9,23,1.033,-0.0419659724594781,0.979546311111443,13
2023,9,24,2.247,0.0080005810083944,0.973087654132716,12.1
2023,9,25,0.429,0.123348177156776,1.02139540959496,1
2023,9,26,0.951,0.128524622718049,1.12445447455424,8.7
2023,9,27,0.489,0.0289098486679289,1.25762511758861,0.3
2023,9,28,0.776,0.0256505758412104,1.38653056326157,6.9
2023,9,29,0.269,-0.00541918372534322,1.47989319271566,0
2023,9,30,0.955,0.0349730545993407,1.5166873092091,21.5
2023,10,1,0.465,-0.0448461685518347,1.49126220673239,0
2023,10,2,0.324,0.000681821990976106,1.47605136107165,4.2
2023,10,3,0.502,-0.0215172542946291,1.42096170272803,0.5
2023,10,4,0.207,-0.0499076767523126,1.31826311486274,0
2023,10,5,0.191,-0.0135373069630551,1.18861831874062,0
2023,10,6,0.2,0.0753417830617169,1.05639535648236,0
2023,10,7,1.064,0.0801480872980023,0.945903107976085,11.6
2023,10,8,3.135,0.106801575387647,0.877415274162239,11.4
2023,10,9,1.261,0.091166349547449,0.858156158175952,0
2023,10,10,0.32,0.0120710283111507,0.879292102869348,0
2023,10,11,0.394,0.0384887105617558,0.92522694306943,1.8
2023,10,12,0.235,0.000261252321194227,0.982055557034917,0.2
2023,10,13,0.206,-0.0234829982280439,1.04017175472238,0
2023,10,14,0.195,-0.0188940788702396,1.09244174478676,0
2023,10,15,0.187,-0.0223089887586467,1.13176665118953,1.3
2023,10,16,0.177,-0.0388679654229089,1.16314580250718,0
2023,10,17,0.175,-0.0342815474139417,1.1492353297572,0
2023,10,18,0.277,0.00212065630374747,1.20823045687417,1.5
2023,10,19,0.398,0.0361335798859408,1.1882204991971,2.5
2023,10,20,0.21,0.0576119975734373,1.14804923805541,1.8
2023,10,21,0.234,0.0939591993033,1.10133879549301,2.6
2023,10,22,0.174,0.0480411080799183,1.06615141015443,0
2023,10,23,0.171,0.00757551852782268,1.06225861597006,0
2023,10,24,0.158,-0.0578148661326741,1.09982558569855,0
2023,10,25,0.158,-0.0948768649391746,1.17116958365128,0
2023,10,26,0.153,-0.0764211045771568,1.25587783274818,0
2023,10,27,0.162,-0.0492790614697214,1.3304025424033,0.8
2023,10,28,0.195,0.114716644814494,1.37601502420508,1.7
2023,10,29,12.45,0.580242990371978,1.38193374067817,52.4
2023,10,30,21.85,0.577183832778255,1.43114866452721,65.1
2023,10,31,6.416,0.399279481510378,1.42831835315237,19
2023,11,1,3.032,0.156659816931849,1.37560064511598,0
2023,11,2,1.021,0.0818304798078937,1.28621847726477,0
2023,11,3,3.454,0.061355294192116,1.17768981992751,19.3
2023,11,4,1.006,0.0495032635661901,1.06796098787443,0
2023,11,5,0.578,0.0540675213057438,0.973021526984017,0
2023,11,6,0.472,0.0667098809554685,0.905401498353025,0
2023,11,7,0.409,0.0873307670107801,0.871593602992382,0.6
2023,11,8,0.414,0.109991711906929,0.870612874321796,1.6
2023,11,9,0.434,0.100085084838247,0.896021861686374,0
2023,11,10,0.316,0.0728835820141649,0.939983089800738,0
2023,11,11,0.271,0.0169320032780178,0.994078193397808,0
2023,11,12,0.253,0.00040308754354168,1.0504074695273,0
2023,11,13,0.231,0.0153530867972602,1.11109464646241,0
2023,11,14,0.285,-0.00126160935133179,1.19335550504742,2.4
2023,11,15,0.309,-0.00631186678654805,1.25213844345855,0.2
2023,11,16,0.214,0.033394333355552,1.28252052005131,0
2023,11,17,0.188,0.029013147581527,1.2855950902711,0
2023,11,18,0.245,0.0238072196088961,1.26759652105037,4
2023,11,19,1.066,0.104509326090937,1.23942583806121,30
2023,11,20,0.364,0.119661758516648,1.21343589720626,2
2023,11,21,0.234,0.0480293412680883,1.19910383177459,0.2
2023,11,22,0.187,-0.0101339441525941,1.19880335900729,0
2023,11,23,0.167,-0.0185890502961972,1.20909351953123,0
2023,11,24,0.168,0.0987460947379297,1.22420817998016,0.9
2023,11,25,0.153,0.192109928764805,1.23801666365721,0
2023,11,26,0.149,0.133117658579839,1.24473760141582,0
2023,11,27,0.151,0.0759263115005477,1.31451757366706,0
2023,11,28,0.151,0.0626749217936395,1.35370884822309,0
2023,11,29,0.16,0.0691856369201718,1.35584036526137,2.4
2023,11,30,0.138,0.0533422258869511,1.32416466741215,0
2023,12,1,0.144,0.0139917524439421,1.26695903790335,0
2023,12,2,0.131,0.00839045617464507,1.19434642390896,0
2023,12,3,0.184,0.0344440869626614,1.11756440904146,2.4
2023,12,4,1.007,0.0837755973407275,1.0452793188976,14.4
2023,12,5,1.592,0.11584445130305,0.984216722815001,23.6
2023,12,6,0.656,0.178840458769426,0.939700147265531,6.8
2023,12,7,0.27,0.039393553332924,0.915089303205307,0
2023,12,8,0.17,0.0375257307559779,0.912190375783531,0
2023,12,9,0.138,-0.0251914791294627,0.930895915605581,0
2023,12,10,0.131,-0.00416674785931748,0.969037789192887,0
2023,12,11,0.129,0.0443447136411383,1.0220272314777,0
2023,12,12,0.124,0.0945186696246345,1.10891655567349,0
2023,12,13,0.132,0.0532619127474454,1.21435568063983,0
2023,12,14,0.121,-0.0207035588149873,1.30575106040753,0
2023,12,15,0.128,0.00232588520726429,1.37453393342947,0
2023,12,16,0.115,-0.0227669431079283,1.41616178856012,0
2023,12,17,0.113,-0.0721370772954419,1.42915017412155,0
2023,12,18,0.112,-0.0783428518017248,1.41547215244929,0.2
2023,12,19,0.156,-0.0631884947653722,1.37987177211105,2.2
2023,12,20,0.116,-0.080462713004382,1.32868262531617,0
2023,12,21,0.109,-0.0838351050247652,1.2690940963104,18.8
2023,12,22,0.153,-0.0621857860309742,1.21018377501975,2.8
2023,12,23,0.198,-0.0618924436745414,1.16227397982084,1.2
2023,12,24,0.143,-0.0623309398881839,1.13236683929074,0.6
2023,12,25,0.146,-0.0105078636972071,1.17512834946507,0.8
2023,12,26,3.331,-0.0134031164092305,1.22552071700088,33.4
2023,12,27,0.7,-0.0389314572172621,1.26503198682191,0.4
2023,12,28,0.139,-0.0133049992367067,1.28609506429061,0.8
2023,12,29,0.184,0.0104602342376114,1.28522675767443,2
2023,12,30,0.277,0.0369907602430206,1.26378801421697,4.6
2023,12,31,0.409,-0.0344510567334539,1.22635787037695,6.8
2024,1,1,0.332,-0.0827383816490488,1.1791732602136,1
2024,1,2,0.104,-0.102232308416888,1.12862494324773,0
2024,1,3,0.1,-0.0612307472387534,1.07841258897281,0
2024,1,4,0.097,-0.0458598384339491,1.03123288549484,0
2024,1,5,0.393,0.00187368524279397,0.990633620782325,0.4
2024,1,6,0.121,0.0280955463381877,0.961512584844824,0
2024,1,7,0.091,-0.0396641383289758,0.950785834122392,0
2024,1,8,0.091,-0.0869207569061828,0.965967851507533,0
2024,1,9,0.09,-0.0621655207690411,1.01243839392335,0
2024,1,10,0.088,-0.04816371495112,1.10669094506868,0
2024,1,11,0.086,-0.0433784339323715,1.23882593516684,0
2024,1,12,0.084,-0.127205266114564,1.36963779588043,0
2024,1,13,0.084,-0.116658643608202,1.48074696097121,0
2024,1,14,0.083,-0.11320503896457,1.55596077090734,0
2024,1,15,0.596,-0.0839812239213433,1.58389956192157,12.8
2024,1,16,0.313,-0.125797748554141,1.56125222798849,5.5
2024,1,17,0.195,-0.121792208723815,1.49357878618561,2.2
2024,1,18,0.093,-0.083458628296412,1.39370702467228,0.4
2024,1,19,0.193,-0.0372470411420729,1.27884266444208,2
2024,1,20,0.138,-0.039038815212328,1.16906061099633,0
2024,1,21,0.133,0.0596066186009649,1.08714865882751,1
2024,1,22,0.301,0.155316503512176,1.07658770255834,6.6
2024,1,23,0.247,0.0855176672521685,1.09846320660367,5.2
2024,1,24,0.095,0.0487318746168746,1.14159848743626,0
2024,1,25,0.085,0.0823138528948508,1.19097216254717,0
2024,1,26,0.09,0.0770157650662235,1.2323043642921,0
2024,1,27,0.163,0.080105825241273,1.25672461182883,0
2024,1,28,0.201,0.0873134509789331,1.26076397408513,3.8
2024,1,29,0.244,0.108166219005271,1.24770799822209,0
2024,1,30,0.112,0.115689555707202,1.22243957082348,0
2024,1,31,0.096,0.0836115172698493,1.18820789564821,0
2024,2,1,0.097,0.0764123626134898,1.14657141966994,0
2024,2,2,0.124,0.0550219364515492,1.09874404252948,1.6
2024,2,3,0.162,0.0360769250982795,1.04847169163221,2
2024,2,4,0.104,-0.0642749583328697,1.00354498967946,0
2024,2,5,0.09,-0.125026112824405,0.974335884594169,0
2024,2,6,0.093,-0.107494622482326,0.974632413402916,0
2024,2,7,0.092,-0.0765319899553661,1.01865647949423,0
2024,2,8,0.094,-0.0750926213622618,1.1252520539556,0
2024,2,9,0.092,-0.0905021284148042,1.28022052089066,0
2024,2,10,0.097,-0.0556836956621154,1.43866266339592,0.4
2024,2,11,0.095,-0.0560595483964932,1.57048287549014,0
2024,2,12,0.113,-0.120148227593818,1.65045042925694,0
2024,2,13,0.084,-0.147911635408489,1.66475419254657,0.6
2024,2,14,0.087,-0.129125530373787,1.61367805666997,0
2024,2,15,0.083,-0.118663381182306,1.51042867685761,0
2024,2,16,0.082,-0.154580477589253,1.37937231947082,0
2024,2,17,0.079,-0.14637061861825,1.26431592768354,0
2024,2,18,0.078,-0.127096784581016,1.15101389235744,0
2024,2,19,0.09,-0.0808485774141037,1.0665579989878,0
2024,2,20,0.076,-0.075527477310888,1.02926486657003,0
2024,2,21,0.076,-0.102518213533039,1.0388025186787,0
2024,2,22,0.09,-0.0706444252087627,1.0809659857031,1.8
2024,2,23,0.194,-0.0540478707400098,1.13600417135797,2.4
2024,2,24,0.07,-0.0548368134227091,1.18638134779573,0
2024,2,25,0.086,-0.0357280571610479,1.22170297388057,1.2
2024,2,26,0.344,0.00599311682833936,1.23926104300322,10.4
2024,2,27,0.134,-0.0178311490804035,1.24110469827707,0
2024,2,28,0.056,0.00905714656672951,1.22993013482308,0
2024,2,29,0.053,0.0059966573005803,1.2056121294317,0
2024,3,1,0.052,-0.00790952600477235,1.16824820598693,0
2024,3,2,0.051,-0.00681321142836988,1.12004365156479,0
2024,3,3,0.067,-0.0157021045724264,1.06778850362312,1
2024,3,4,1.255,-0.0224977185830678,1.02008995583972,19.4
2024,3,5,0.277,-0.0633948211870659,0.98812039002514,1.8
2024,3,6,0.063,-0.0951630561974505,0.987278853416,0
2024,3,7,0.05,-0.125558410921353,1.04967561000937,0
2024,3,8,0.048,-0.0837178648374803,1.17598786445187,0
2024,3,9,0.048,-0.0801017997654387,1.33364014625847,0
2024,3,10,0.047,-0.0579302850899823,1.4871326323077,0
2024,3,11,0.047,-0.124611474959676,1.60238925647954,0
2024,3,12,0.049,-0.0288450444579587,1.6558577983772,0
2024,3,13,0.052,-0.0231778836902099,1.63998299923316,0
2024,3,14,0.05,0.0232555423570233,1.56208410653164,0
2024,3,15,0.068,0.0191357082138501,1.52229648318803,2.6
2024,3,16,0.135,0.00879227962205964,1.41016885046921,0.2
2024,3,17,0.048,-0.0312884247864966,1.27458200009044,0
2024,3,18,0.046,-0.0133314053385822,1.14448292283099,0
2024,3,19,0.045,0.00427123019762243,1.04842726959563,0
2024,3,20,0.046,0.00101748798044454,1.00307872338617,0
2024,3,21,0.044,0.0757383725545506,1.00564168984344,0
2024,3,22,0.055,0.0336436949897926,1.04055683397602,0
2024,3,23,0.061,0.0201692181048929,1.08849961511418,0.4
2024,3,24,0.058,0.00645654341884616,1.13488767282978,0
2024,3,25,0.057,0.0152606959043162,1.17167026054337,0
2024,3,26,0.054,-0.0534885183281781,1.19629201987015,0
2024,3,27,0.054,-0.0738965108075587,1.22128278453888,0
2024,3,28,0.115,-0.0400872693608318,1.2255454979351,2.6
2024,3,29,0.07,0.0174559331617665,1.20694136228593,2.8
2024,3,30,0.057,0.0635010340948574,1.15413784293494,0
2024,3,31,0.054,0.0675147723187042,1.16809810674622,0
2024,4,1,0.069,0.0428119833043423,1.11759140588645,2.2
2024,4,2,0.059,0.0297561061298677,1.06999922760681,0
2024,4,3,0.053,-0.028210701834759,1.04455115155184,0
2024,4,4,0.052,-0.0166393690444302,1.06150119390114,0
2024,4,5,0.083,-0.094408064709423,1.13164321022601,4
2024,4,6,0.133,-0.0821663298459929,1.24412075541509,3.6
2024,4,7,0.113,-0.0800304692420641,1.3722255489222,0.2
2024,4,8,0.056,-0.0453260537705416,1.48464723665185,0.6
2024,4,9,0.069,-0.0494789014017998,1.55572580314336,1.4
2024,4,10,0.07,-0.0472388206653895,1.60040128506178,1.2
2024,4,11,0.463,0.0374486784046557,1.581414494466,6.4
2024,4,12,2.196,0.131005594467194,1.50502773995321,34.4
2024,4,13,0.098,-0.0215236073281153,1.33258971342596,0
2024,4,14,0.07,-0.0564815632957134,1.38907618592822,0
2024,4,15,0.068,-0.0757748212827616,1.25784521773641,1
2024,4,16,0.063,-0.0709161126140861,1.1370622679824,0
2024,4,17,0.056,-0.0396380415684265,1.04785950247647,0
2024,4,18,0.077,-0.0359390390545775,1.00023963348679,0
2024,4,19,0.064,0.000465661410832818,0.990872924687649,0.2
2024,4,20,0.545,0.0749628617853866,1.00832191369191,16.8
2024,4,21,0.143,0.0867944098885676,1.04015457213564,0.4
2024,4,22,0.072,0.0333344167225642,1.08564219295159,0.4
2024,4,23,0.062,-0.0347406446795526,1.15354170908286,0
2024,4,24,0.059,-0.090507775107332,1.20915761952953,0
2024,4,25,0.058,-0.00963491769516733,1.24658221071804,0
2024,4,26,0.058,0.00812959810460034,1.26059939411633,0
2024,4,27,0.057,-0.0507603994104797,1.25067985058533,0
2024,4,28,0.054,-0.0967299650444302,1.22167722581364,0
2024,4,29,0.059,-0.047528301047332,1.1092140932457,1.7
2024,4,30,0.307,-0.0178748138345031,1.18429985185119,10
2024,5,1,0.066,-0.0285216725152366,1.15344685772533,0.4
2024,5,2,0.08,-0.0845871133504823,1.14426875344626,1.1
2024,5,3,0.066,-0.0610174331726152,1.16687132909945,0.9
2024,5,4,0.061,-0.0756947819285385,1.21988940834535,0
2024,5,5,0.543,-0.0577789707733583,1.29117036704925,9.9
2024,5,6,0.102,-0.0116673018793416,1.36253420460233,2.9
2024,5,7,0.071,0.0609762546835126,1.44562120303284,0.4
2024,5,8,0.168,0.0625415121461503,1.51997074546145,1.4
2024,5,9,0.064,0.0136026146115715,1.54426830401295,0
2024,5,10,0.059,0.0441270004079071,1.51659331059406,0
2024,5,11,0.059,-0.00103089037623616,1.44577352574991,0
2024,5,12,0.058,-0.00392526259062675,1.23252162994802,0
2024,5,13,0.06,-0.00346921362334052,1.34744616662129,0
2024,5,14,0.062,-0.000740818321713688,1.24072210772122,0
2024,5,15,1.48,0.0398604314908924,1.14186768129106,20
2024,5,16,0.098,0.0395649725528515,1.063121604858,0
2024,5,17,0.079,-0.0170291306896139,1.01014995669178,1.2
2024,5,18,0.069,-0.00379437843455288,0.983181751499889,0
2024,5,19,0.061,0.072444002598579,0.978978015653151,0
2024,5,20,1.978,0.225495350132021,0.992814146656159,22.9
2024,5,21,1.048,0.148644208319401,1.0600019525878,1.2
2024,5,22,0.162,0.103356520983226,1.13677643197297,1.2
2024,5,23,0.096,0.0449165381912462,1.20539575058252,0.8
2024,5,24,0.11,0.0205911288241665,1.25867050229215,2.6
2024,5,25,0.23,-0.00396161485750102,1.29114804371383,2.8
2024,5,26,0.191,-0.0550149670078437,1.30287631254554,1.4
2024,5,27,0.088,-0.0577405011421033,1.29753964601768,0
2024,5,28,0.223,-0.0609572291777638,1.14990901518133,5.8
2024,5,29,0.418,-0.0450378532156472,1.28368936948274,7.8
2024,5,30,0.233,-0.0828614710361799,1.26955997036756,2.5
2024,5,31,0.09,-0.113940965120858,1.26235612673666,0
2024,6,1,0.076,-0.114763525436665,1.26354938051779,0
2024,6,2,0.129,-0.108964531877059,1.27133791548875,0
2024,6,3,0.071,-0.128735915787549,1.2814006815635,0
2024,6,4,0.068,-0.023594612790917,1.30789571088356,0
2024,6,5,0.075,0.013680684075883,1.38261664446972,0.8
2024,6,6,0.091,-0.0118546926351333,1.43196749702402,0.8
2024,6,7,0.068,-0.0318711726634691,1.4475280626901,0
2024,6,8,0.107,-0.00291052871708808,1.42858306399958,2.6
2024,6,9,0.123,0.0362129785521492,1.37994088199754,3.5
2024,6,10,0.55,0.0702270994295753,1.31131316905264,7
2024,6,11,0.108,0.0865187498230917,1.10232333968107,0.4
2024,6,12,0.085,0.0793607691932614,1.23301440461373,0
2024,6,13,1.087,0.100364921475041,1.15426581067283,14.2
2024,6,14,3.837,0.192089029793012,1.08288288044517,31.8
2024,6,15,0.567,0.0757442619693223,1.0238798165413,0
2024,6,16,12.603,0.0023308864624072,0.980770431651099,42.8
2024,6,17,4.782,0.114948775709226,0.956123805936027,4.4
2024,6,18,0.381,0.0914705388038026,0.95132032345091,0
2024,6,19,2.489,0.216311958763261,1.01832795351003,31.1
2024,6,20,1.061,0.245712002266069,1.10342703259836,6.1
2024,6,21,0.664,0.105605208470436,1.19010415860386,2.6
2024,6,22,0.296,-0.018431580124024,1.27007065175494,1.8
2024,6,23,1.504,-0.0066226298547154,1.33601439137492,9.2
2024,6,24,0.653,0.0287779808442441,1.38296569571145,1
2024,6,25,0.283,-0.0132251576286593,1.40757891695799,1.2
2024,6,26,0.221,-0.0246264631725421,1.23808963550666,0.2
2024,6,27,0.162,0.00290142076326894,1.40987771338213,0
2024,6,28,0.144,0.0480772854884821,1.39141882958634,0
2024,6,29,0.134,0.00822205284793043,1.35568778101482,0
2024,6,30,0.124,-0.0580367295459931,1.30744643842483,0
2024,7,1,0.265,-0.0334714897254031,1.25434690890941,6.2
2024,7,2,0.375,-0.0430045685069604,1.20609594662886,0.4
2024,7,3,0.119,-0.0686177113502746,1.23220717175039,0
2024,7,4,0.107,-0.0620747563554487,1.28046778619473,0
2024,7,5,0.102,-0.0248107170317413,1.32122066772039,0
2024,7,6,0.159,0.00776457662524233,1.34558982520832,2.6
2024,7,7,0.114,-0.0151523649243501,1.34742901686564,0.6
2024,7,8,0.117,-0.0528600716752152,1.32516446102542,1.2
2024,7,9,0.094,-0.0783594300313564,1.28217188357571,0
2024,7,10,0.092,-0.123617612609861,1.22461243721452,0
2024,7,11,0.086,-0.118634230419245,1.05317025589624,0
2024,7,12,0.087,-0.0505589959795759,1.16046438648276,0
2024,7,13,0.089,0.0449554103666018,1.09523712421307,0.8
2024,7,14,0.262,0.107987769173052,1.03349701442243,3
2024,7,15,0.829,0.143801990226893,0.978694740291877,19.8
2024,7,16,0.318,0.0372889404305011,0.936087390487437,0.2
2024,7,17,1.992,0.105500453349914,0.911861224586895,21.8
2024,7,18,0.362,0.0706569994623854,0.966558737677395,0.2
2024,7,19,1.688,0.0841766496673007,1.06240195383955,39.4
2024,7,20,1.541,0.1996483163571,1.17547905072217,38.6
2024,7,21,1.275,0.129891356863596,1.2931045586588,10.6
2024,7,22,0.585,0.0718075567017695,1.39944644505743,3.8
2024,7,23,0.408,-0.024772006805071,1.47911232717123,0.4
2024,7,24,0.284,-0.068382289959052,1.51960106347841,0.8
2024,7,25,0.23,-0.114654758658422,1.51402830714366,0
2024,7,26,0.195,-0.0678446867755347,1.34042395819319,0
2024,7,27,0.173,-0.0515755645290832,1.46458263732161,0
2024,7,28,0.157,-0.0677697614655299,1.38062878281277,0
2024,7,29,1.152,-0.0750136434397166,1.27752093328025,13
2024,7,30,1.091,-0.0479197668924836,1.17328923272034,10.4
2024,7,31,0.789,-0.023258691171236,1.11341659716639,3.6
2024,8,1,0.292,0.00426304059129734,1.13089543749077,0.2
2024,8,2,1.932,0.115243007201723,1.17050028334603,30.6
2024,8,3,6.521,0.183203373464846,1.21790895221453,41
2024,8,4,3.583,0.114665855851771,1.25696912287379,0.2
2024,8,5,1.187,0.027862258439902,1.27647567627101,2
2024,8,6,0.8,-0.0224952837870376,1.27169294883921,0.4
2024,8,7,0.448,-0.0460208887114273,1.24454188887853,0
2024,8,8,0.405,-0.0463466408662043,1.20098921999398,1
2024,8,9,0.407,-0.104182385795526,1.1480426562082,1.6
2024,8,10,0.303,-0.120173868737119,1.03836833923695,0
2024,8,11,0.25,-0.12075745111605,1.08894450694987,0
2024,8,12,0.244,-0.172347764678093,1.02575607762179,0.6
2024,8,13,0.454,-0.0891890177672896,0.962526533696074,3.4
2024,8,14,0.197,-0.101309745145105,0.90634758834068,0
2024,8,15,0.166,-0.110793387423237,0.86826728148335,0
2024,8,16,0.155,-0.0472253371697664,0.924832668173576,0
2024,8,17,0.752,0.0335229292957846,1.03483333797101,10.1
2024,8,18,0.548,0.0432379337111413,1.17685809090497,6.8
2024,8,19,0.273,-0.0488053691876376,1.32747463121068,2.8
2024,8,20,0.211,-0.0716190294185615,1.45988728234465,0.2
2024,8,21,0.169,-0.119533963581897,1.54950335305196,0.4
2024,8,22,0.152,-0.114408018912914,1.5794533366073,0
2024,8,23,0.162,-0.137342633743527,1.54634128502319,1.2
2024,8,24,0.457,-0.146494715133797,1.43166706220677,5
2024,8,25,0.151,-0.138623309998206,1.45784017785491,0
2024,8,26,0.149,-0.061082803540953,1.33234064753203,1.4
2024,8,27,0.262,-0.0385612674217768,1.19259648353006,5
2024,8,28,0.144,-0.0606352706509548,1.07005960920611,0
2024,8,29,0.808,-0.0190602041904939,1.03083729162592,5
2024,8,30,0.191,-0.0243507018859793,1.03833302220596,0
2024,8,31,0.249,0.00850192068288425,1.07823767528438,2.8
2024,9,1,0.997,0.0376878919443682,1.1302298356161,7.4
2024,9,2,0.158,0.0193663519529008,1.17548413745596,0
2024,9,3,0.146,0.0185274109579756,1.20174750902415,0.2
2024,9,4,0.356,0.000108497726824863,1.20497702860004,2.2
2024,9,5,0.156,-0.0167696679335687,1.18824819909548,0.2
2024,9,6,0.132,-0.07440650862072,1.15667361019404,0.4
2024,9,7,0.128,-0.0724941743147822,1.11414055891553,0
2024,9,8,0.133,-0.0846125769959966,1.07100080179307,0.4
2024,9,9,0.123,-0.0943521261959581,1.02165076793434,0
2024,9,10,0.123,-0.110796363707098,0.998877075932029,0
2024,9,11,0.13,-0.105593356474878,0.93351810731463,1.2
2024,9,12,0.122,-0.121311173902357,0.874078980287106,0
2024,9,13,0.117,-0.0611530258093997,0.860975644457143,0
2024,9,14,0.148,-0.0249212888407533,0.923393120918619,3.8
2024,9,15,0.335,0.011955816836087,1.04341628852995,2.8
2024,9,16,0.246,0.127368099076414,1.19786708423473,6.6
2024,9,17,0.726,0.0294178318816749,1.35472623148064,11.3
2024,9,18,0.171,0.0152269036551769,1.48202409446683,2
2024,9,19,0.14,-0.0421837413920081,1.55408136959777,1.2
2024,9,20,0.259,0.0216808990903721,1.55849056798056,4.2
2024,9,21,0.316,-0.0401586700106322,1.52008246155153,2.2
2024,9,22,0.139,-0.0778871020463874,1.48048434620602,0
2024,9,23,0.123,-0.0702441682470205,1.38528918172452,0
2024,9,24,0.118,-0.0983649604600596,1.25716609842015,0
2024,9,25,0.119,-0.0785183507458895,1.12668836040182,0
2024,9,26,0.113,-0.0770159568152324,1.02683603217277,0
2024,9,27,0.813,-0.0347929443603442,0.97723951545417,10.6
2024,9,28,0.14,-0.0478540107983335,0.976384029917277,0
2024,9,29,0.113,-0.110724167686791,1.00768317115721,0
2024,9,30,0.111,-0.0475930069897128,1.05094981566233,0
2024,10,1,0.11,-0.0175053324684828,1.08990055780813,0
2024,10,2,2.274,0.0840348108118274,1.11512273233505,20.8
2024,10,3,1.52,0.00964730825013582,1.12403969311131,2.6
2024,10,4,0.146,-0.0139477440836846,1.11909392509612,0
2024,10,5,0.561,-0.0820715334867459,1.13259479542007,1
2024,10,6,0.133,-0.143332443853753,1.12813587572496,0
2024,10,7,0.184,-0.101021826245517,1.10333574216263,5.4
2024,10,8,0.119,-0.132198065826503,1.05940881439602,0
2024,10,9,0.667,-0.0885605538323399,1.00272221302513,10.8
2024,10,10,0.404,-0.072781674213276,0.947487966881079,4.4
2024,10,11,0.398,0.0428139568231197,0.912645345738508,3.2
2024,10,12,0.209,-0.00452940619723274,0.920141471842244,0
2024,10,13,0.173,-0.00333930827968798,0.982526321306779,2.2
2024,10,14,0.232,-0.0116548851105799,1.09242767767977,0.8
2024,10,15,0.116,-0.0467917155260641,1.22566169094508,0
2024,10,16,0.116,-0.0734221612140706,1.35255105012793,0.8
2024,10,17,0.512,-0.0762757388885325,1.44577667992914,9
2024,10,18,0.128,-0.0137613920348709,1.48771470715349,0
2024,10,19,0.123,-0.0235028223373361,1.52148154259635,1
2024,10,20,0.133,-0.0190882418783338,1.53495592259557,0.8
2024,10,21,0.111,-0.0513449181962995,1.48344321816007,0.2
2024,10,22,0.109,-0.0503240355207195,1.3813749756092,0
2024,10,23,0.108,-0.0337377098304137,1.25341726408031,0
2024,10,24,0.107,-0.0329591031635443,1.12736033183966,0
2024,10,25,0.105,-0.0395097000213848,1.02828094820301,0
2024,10,26,0.858,-0.0148993584749686,0.969203112010138,12.4
2024,10,27,0.2,0.0358920042705245,0.94880488391974,0
2024,10,28,0.112,0.0149243846525162,0.955905484355651,0.8
2024,10,29,0.149,-0.0452179435909433,0.978018327976405,3.4
2024,10,30,0.187,0.0329931491399674,1.00380969524234,4.6
2024,10,31,0.116,0.0151412279936622,1.02703263290198,1.2
2024,11,1,0.105,-0.0367743649263259,1.05765331361153,0
2024,11,2,0.104,-0.0524489407853275,1.10767102463431,0.2
2024,11,3,0.119,-0.00822824251251864,1.14076840418704,0.6
2024,11,4,0.101,-0.0283459620608413,1.15416463898632,0
2024,11,5,0.1,-0.027762066909028,1.14605300255055,0
2024,11,6,0.099,-0.0682129366271953,1.1191528306564,0
